word,phonetic,definition,translation,pos,collins,oxford,tag,bnc,frq,exchange
a,ei,n. the 1st letter of the Roman alphabet\nn. the blood group whose red cells carry the A antigen,"第一个字母 A; 一个; 第一的\r\nart. [计] 累加器, 加法器, 地址, 振幅, 模拟, 区域, 面积, 汇编, 组件, 异步",,5,1,zk gk,5,5,
abandon,ә'bændәn,"n. the trait of lacking restraint or control; reckless freedom from inhibition or worry\nv. forsake, leave behind\nv. give up with the intent of never claiming again\nv. stop maintaining or insisting on; of ideas or claims","vt. 放弃, 抛弃, 遗弃, 使屈从, 沉溺, 放纵\nn. 放任, 无拘束, 狂热",,3,1,gk cet4 cet6 ky toefl gre,2057,2182,d:abandoned/p:abandoned/i:abandoning/3:abandons
ability,ә'biliti,n. the quality of being able to perform; a quality that permits or facilitates achievement or accomplishment\nn. possession of the qualities (especially mental qualities) required to do something or get something done,"n. 能力, 才干\n[经] 能力, 才能",,4,1,zk gk cet4 ky toefl ielts,946,783,s:abilities
able,'eibl,a. (usually followed by `to') having the necessary means or skill or know-how or authority to do something\ns. have the skills and qualifications to do things well\ns. having inherent physical or mental ability or capacity\ns. having a strong healthy body,"a. 能干的, 能够的",,5,1,zk gk,295,385,
abnormal,æb'nɒ:mәl,a. not normal; not typical or usual or regular or conforming to a norm\na. departing from the normal in e.g. intelligence and development\ns. much greater than the normal,"a. 反常的, 不规则的, 变态的, 畸形的\nn. 畸形的人",,1,,gk cet4 cet6 ky toefl ielts,6548,8241,s:abnormals
aboard,ә'bɒ:d,"r. on a ship, train, plane or other vehicle\nr. on first or second or third base\nr. side by side\nr. part of a group","adv. 在船上, 在火车上, 在飞机上\nprep. 在...之上",,2,,gk cet4 ky toefl,7625,4984,
abolish,ә'bɒliʃ,v. do away with,"vt. 废止, 革除, 消灭\n[经] 废除, 取消, 裁撤",,2,,gk cet6 ky toefl ielts gre,3736,7490,d:abolished/i:abolishing/p:abolished/3:abolishes
abortion,ә'bɒ:ʃәn,n. termination of pregnancy,"n. 流产, 堕胎, 失败, 夭折, 中止\n[医] 流产, 小产; 顿挫",,3,,gk ielts,4341,1969,s:abortions
about,ә'baut,s. on the move\nr. all around or on all sides\nr. in the area or vicinity\nr. used of movement to or among many different places or in no particular direction,"prep. 在...周围, 大约, 有关, 关于\nadv. 大约, 四处, 在附近, 周围",,5,1,zk gk,63,46,
above,ә'bʌv,n. an earlier section of a written text\ns. appearing earlier in the same text\nr. at an earlier place\nr. in or to a place that is higher,"prep. 在上方, 超出\nadv. 在上面\na. 上述的, 上面的",,4,1,zk gk,733,893,
abroad,ә'brɒ:d,s. in a foreign country\nr. to or in a foreign country,"adv. 往国外, 到室外, 到处\na. 往国外的, 在室外的, 广泛四散的",,3,1,zk gk toefl,2243,3363,
abrupt,ә'brʌpt,s. marked by sudden changes in subject and sharp transitions\ns. exceedingly sudden and unexpected\ns. extremely steep\ns. surprisingly and unceremoniously brusque in manner,"a. 突然的, 唐突的, 陡峭的, 不连贯的",,2,,gk cet6 ky toefl ielts gre,8560,8703,
absence,'æbsәns,"n. the state of being absent\nn. failure to be present\nn. the time interval during which something or somebody is away\nn. the occurrence of an abrupt, transient loss or impairment of consciousness (which is not subsequently remembered), sometimes with light twitching, fluttering eyelids, etc.; common in petit mal epilepsy","n. 缺席, 缺乏, 没有\n[医] 失神",,3,1,gk cet4 cet6 ky toefl,1585,2524,s:absences
absent,'æbsәnt,v. go away or leave\na. not being in a specified place\ns. lost in thought; showing preoccupation,"a. 缺席的, 不在的, 缺乏的, 漫不经心的\nvt. 使缺席",,2,1,zk gk cet4 cet6 ky toefl,4300,5516,p:absented/i:absenting/d:absented/3:absents
absolute,'æbsәlu:t,n. something that is conceived or that exists independently and not in relation to other things; something that does not depend on anything else and is beyond human control; something that is not relative\na. perfect or complete or pure\ns. complete and without restriction or qualification; sometimes used informally as intensifiers\ns. not limited by law,"a. 绝对的, 专制的, 完全的, 独立的\nn. 绝对事物",,3,1,gk cet4 cet6 ky toefl gre,2420,3165,s:absolutes
absorb,әb'sɒ:b,"v. become imbued\nv. take up mentally\nv. take up, as of debts or payments\nv. take in, also metaphorically","vt. 吸收, 使全神贯注, 同化, 买进, 理解, 承受, 忍受, 承担\n[医] 吸收",,2,1,gk cet4 cet6 ky toefl ielts gre,2879,3120,d:absorbed/p:absorbed/3:absorbs/i:absorbing
abstract,'æbstrækt,v. consider a concept without thinking of a specific example; consider abstractly or theoretically\nv. consider apart from a particular case or instance\nv. give an abstract (of)\na. existing only in the mind; separated from embodiment,"a. 抽象的, 深奥的\nn. 摘要, 抽象概念\nvt. 摘要, 提炼, 使抽象化\n[计] 摘录; 摘要; 抽象",,2,,gk cet4 cet6 ky toefl ielts gre,3729,4007,s:abstracts/d:abstracted/i:abstracting/3:abstracts/p:abstracted
absurd,әb'sә:d,n. a situation in which life seems irrational and meaningless\ns. inconsistent with reason or logic or common sense\ns. incongruous; inviting ridicule,"a. 荒谬的, 不合理的, 可笑的\nn. 荒诞",,2,,gk cet6 ky toefl ielts gre,5676,5901,s:absurds
abundant,ә'bʌndәnt,a. present in great quantity,"a. 丰富的, 充分的, 大量的",,1,,gk cet4 ky toefl gre,7823,6223,
abuse,ә'bju:s.ә'bju:z,n. a rude expression intended to offend or hurt\nv. use foul or abusive language towards\nv. use wrongly or improperly or excessively,"n. 滥用, 虐待, 恶习, 辱骂\nvt. 滥用, 辱骂, 虐待",,4,1,gk cet4 cet6 ky toefl ielts gre,2352,1540,d:abused/s:abuses/i:abusing/3:abuses/p:abused
academic,.ækә'demik,a. associated with academia or an academy\ns. hypothetical or theoretical and not expected to produce an immediate or practical result\ns. marked by a narrow focus on or display of learning especially its trivial aspects,"a. 学院的, 学术的, 不切实际的\nn. 大学生, 大学教师, 学者, 学会会员",,3,1,gk cet4 cet6 ky toefl ielts gre,1941,1465,s:academics
academy,ә'kædәmi,n. a secondary school (usually private)\nn. an institution for the advancement of art or science or literature\nn. a school for special training\nn. a learned establishment for the advancement of knowledge,"n. 学院, 院校, 学会",,2,,gk cet4 cet6 ky toefl,4366,4895,s:academies
accelerate,әk'selәreit,v. move faster\nv. cause to move faster,"v. 加速, 促进",,2,,gk cet4 cet6 ky toefl ielts gre,5328,4925,p:accelerated/d:accelerated/i:accelerating/3:accelerates
accent,'æksәnt,n. distinctive manner of oral expression\nn. a diacritical mark used to indicate stress or placed above a vowel to indicate a special pronunciation,"n. 重音, 口音, 特点, 注重点\nvt. 重读, 加重音号于, 强调",,2,1,zk gk cet4 ky,3701,4140,s:accents/p:accented/i:accenting/d:accented/3:accents
accept,әk'sept,v. consider or hold as true\nv. receive willingly something given or offered\nv. give an affirmative reply to; respond favorably to\nv. react favorably to; consider right and proper,"vt. 接受, 承认, 同意, 相信, 赞成, 承担, 承兑, 采纳, 接纳, 容忍\nvi. 同意",,5,1,zk gk cet4 ky,488,766,d:accepted/p:accepted/i:accepting/3:accepts
access,'ækses,n. the right to obtain or make use of or take advantage of something (as services or membership)\nn. a way of entering or leaving\nn. a code (a series of characters or digits) that must be entered in some way (typed or dialed or spoken) to get the use of something (a telephone line or a computer or a local area network etc.)\nn. (computer science) the operation of reading or writing stored information,"n. 通路, 入口, 接近, 进入, 使用权, 发作\nvt. 访问, 存取, 接近, 使用\n[计] 访问, 存取",,3,1,gk cet4 cet6 ky toefl ielts gre,999,1113,d:accessed/i:accessing/3:accesses/s:accesses/p:accessed
accessible,әk'sesәbl,a. capable of being reached\ns. capable of being read with comprehension\ns. easily obtained\ns. easy to get along with or talk to; friendly,"a. 易接近的, 可进入的, 可使用的, 易受影响的, 可理解的",,2,,gk cet6 toefl ielts gre,4162,4377,
accident,'æksidәnt,n. an unfortunate mishap; especially one causing damage or injury\nn. anything that happens suddenly or by chance without an apparent cause,"n. 意外事件, 机遇, 事故, 次要方面\n[化] 意外事故; 事故",,3,1,zk gk cet4 ky toefl,1187,1707,s:accidents
accommodation,ә.kɒmә'deiʃәn,n. a settlement of differences\nn. in the theories of Jean Piaget: the modification of internal representations in order to accommodate a changing knowledge of reality\nn. living quarters provided for public convenience\nn. the act of providing something (lodging or seat or food) to meet a need,"n. 膳宿, 预订铺位, 适应性调节, 调和, 贷款\n[医] 调节(眼); 适应",,2,1,gk cet4 cet6 ky ielts,2048,5369,s:accommodations
accompany,ә'kʌmpәni,v. go or travel along with,"vt. 陪伴, 伴随, 补充, 为...伴奏\nvi. 伴奏, 伴唱",,3,1,gk cet4 cet6 ky toefl ielts gre,1902,2438,d:accompanied/p:accompanied/i:accompanying/3:accompanies
accomplish,ә'kʌmpliʃ,v put in effect\nv to gain with effort,"vt. 完成, 达到, 实现, 使完美",,2,,gk cet4 ky toefl ielts gre,5546,2345,d:accomplished/p:accomplished/i:accomplishing/3:accomplishes
account,ә'kaunt,n. a formal contractual relationship established to provide for regular banking or brokerage or business services\nn. importance or value\nn. a statement of recent transactions and the resulting balance\nn. the quality of taking advantage,"n. 报告, 解释, 估价, 理由, 利润, 算账, 帐目\nvi. 报帐, 解释, 导致, 报偿, 占, 杀死\nvt. 认为\n[计] 帐户, 帐号",,5,1,gk cet4 ky toefl ielts,498,1071,s:accounts/d:accounted/i:accounting/3:accounts/p:accounted
accountant,ә'kauntәnt,n. someone who maintains and audits business accounts,"n. 会计人员, 会计师\n[经] 会计师, 会计人员",,2,,gk ky toefl ielts,3280,5949,s:accountants
accumulate,ә'kju:mjuleit,v. collect or gather,"v. 积聚, 堆积",,2,,gk cet4 cet6 ky toefl ielts gre,4997,5083,d:accumulated/i:accumulating/3:accumulates/p:accumulated
accuracy,'ækjurәsi,n. the quality of being near to the true value\nn. (mathematics) the number of significant figures given in a number,"n. 精确, 正确\n[计] 准确度",,,,gk cet4 cet6 ky toefl ielts gre,3958,4076,s:accuracies
accuse,ә'kju:z,v. bring an accusation against; level a charge against,"vt. 指责, 控告, 归咎于\nvi. 指责, 控告",,4,1,gk cet4 cet6 ky toefl ielts gre,1893,2024,d:accused/p:accused/i:accusing/3:accuses
accustomed,ә'kʌstәmd,a. (often followed by `to') in the habit of or adapted to\ns. commonly used or practiced; usual,"a. 惯常的, 习惯了的",,1,,gk cet4 cet6 ky toefl,6431,8524,d:accustomed/0:accustomed/1:dp/p:accustomed
ache,eik,n. a dull persistent (usually moderately intense) pain\nv. have a desire for something or someone who is not present\nv. be the source of pain,"n. 疼痛\nvi. 痛, 哀怜, 渴望",,2,,zk gk cet4 ky,8267,7717,p:ached/i:aching/d:ached/3:aches
achieve,ә'tʃi:v,v. to gain with effort,"vt. 完成, 达到\nvi. 如愿以偿",,4,1,zk gk cet4 cet6 ky toefl ielts,592,1152,d:achieved/i:achieving/p:achieved/3:achieves
achievement,ә'tʃi:vmәnt,n the action of accomplishing something,"n. 完成, 成就, 功业",,2,1,gk cet4 cet6 toefl ielts,1978,2021,s:achievements
acid,'æsid,n. any of various water-soluble compounds having a sour taste and capable of turning litmus red and reacting with a base to form a salt\nn. street name for lysergic acid diethylamide\ns. having the characteristics of an acid,"n. 酸, 酸类物质, 尖刻, 迷幻药\na. 酸的, 酸性的, 尖刻的, 敏锐的\n[计] 自动文档互参与索引生成程序",,3,1,gk cet4 cet6 ky toefl ielts,1597,3238,s:acids
acknowledge,әk'nɒlidʒ,"v. report the receipt of\nv. express obligation, thanks, or gratitude for\nv. accept as legally binding and valid\nv. accept (someone) to be what is claimed or accept his power and authority","vt. 承认, 告知收悉, 答谢, 报偿\n[经] 承认, 答谢, 收到的通知",,3,1,gk cet4 cet6 ky toefl ielts gre,2105,1654,p:acknowledged/d:acknowledged/3:acknowledges/i:acknowledging
acquaintance,ә'kweintәns,n. personal knowledge or information about someone or something\nn. a relationship less intimate than friendship\nn. a person with whom you are acquainted,"n. 认识, 相识者",,2,,gk cet4 cet6 ky toefl gre,5967,6274,s:acquaintances
acquire,ә'kwaiә,v. locate (a moving entity) by means of a tracking system such as radar\nv. win something through one's efforts,"vt. 获得, 学到\n[电] 目标锁定",,3,1,gk cet4 cet6 ky toefl ielts,1407,2063,d:acquired/p:acquired/i:acquiring/3:acquires
acquisition,.ækwi'ziʃәn,n. the act of contracting or assuming or acquiring possession of something\nn. something acquired,"n. 获得, 获得物\n[经] 收购, 招揽, 取得",,3,,gk cet4 cet6 ky toefl ielts,2567,3856,s:acquisitions
acre,'eikә,n. a unit of area (4840 square yards) used in English-speaking countries\nn. a territory of western Brazil bordering on Bolivia and Peru\nn. a town and port in northwestern Israel in the eastern Mediterranean,n. 英亩,,3,,gk cet4 ky toefl,3286,0,s:acres
across,ә'krɒs,r. to the opposite side\nr. transversely,"prep. 越过, 穿过, 与...相交叉, 在...的对面\nadv. 交叉, 到另一边, 在对面, 成十字",,5,1,zk gk,448,377,
act,ækt,n. a legal document codifying the result of deliberations of a committee or society or legislative body\nn. something that people do or cause to happen\nn. a subdivision of a play or opera or ballet\nn. a short theatrical performance that is part of a longer program,"n. 行动, 行为, 幕, 法案\nvi. 行动, 表演, 假装, 见效, 表现, 担当\nvt. 扮演, 装作\n[计] 先进通信技术, 先进计算机工艺, 自动代码翻译技术",,5,1,zk gk cet4 ky,371,837,i:acting/s:acts/p:acted/d:acted/3:acts
action,'ækʃәn,n. something done (usually as opposed to something said)\nn. the state of being active\nn. the series of events that form a plot\nn. the trait of being active and energetic and forceful,"n. 行动, 活动, 动作, 作用, 战斗, 行为, 诉讼\nvt. 对...起诉\n[计] 方式",,5,1,zk gk cet4 cet6 ky toefl ielts,340,502,s:actions/i:actioning/p:actioned/3:actions
active,'æktiv,n. a person who is a participating member of an organization\na. tending to become more severe or wider in scope\ns. engaged in or ready for military or naval operations\na. disposed to take action or effectuate change,"a. 活跃的, 起作用的, 积极的, 有效的, 主动的, 活性的, 现行的, 现役的\nn. 主动语态, 积极分子",,4,1,zk gk cet4 ky toefl,1316,1444,s:actives
activity,æk'tiviti,n. any specific behavior\nn. (chemistry) the capacity of a substance to take part in a chemical reaction,"n. 活动, 行动, 活跃, 活力\n[计] 活动",,4,1,zk gk cet4 ky ielts,412,537,s:activities
actor,'æktә,n. a theatrical performer\nn. a person who acts and gets things done,"n. 男演员, 行动者\n[医] 作用物, 反应物",,3,1,gk cet4 ky ielts,2390,1497,s:actors
actress,'æktris,n. a female actor,n. 女演员,,3,,gk cet4 ky,4829,3236,s:actresses
actual,'æktʃuәl,a. presently existing in fact and not merely potential or possible\ns. taking place in reality; not pretended or imitated\ns. being or reflecting the essential or genuine character of something\ns. existing in act or fact,"a. 真实的, 实际的, 现行的\n[医] 实际死亡率",,3,1,gk cet4 ky toefl,1396,1739,s:actuals
acute,ә'kju:t,a. having or experiencing a rapid onset and short but severe course\ns. extremely sharp or intense\ns. having or demonstrating ability to recognize or draw fine distinctions\na. of an angle; less than 90 degrees,"a. 尖锐的, 敏锐的, 激烈的, 严重的, 急性的\n[医] 急性的; 尖锐的",,2,,gk cet4 cet6 ky toefl ielts gre,3249,5255,s:acutes/t:acutest
adapt,ә'dæpt,"v. make fit for, or change to suit a new purpose","vt. 使适应, 改编\nvi. 适应",,2,1,gk cet4 cet6 ky toefl ielts gre,2816,2933,d:adapted/i:adapting/p:adapted/3:adapts
adaptation,.ædæp'teiʃәn,n. a written work (as a novel) that has been recast in a new form\nn. the process of adapting to something (such as environmental conditions)\nn. (physiology) the responsive adjustment of a sense organ (as the eye) to varying conditions (as of light),"n. 适应, 改编, 改编本\n[医] 适应[作用]",,1,,gk toefl,5438,5196,s:adaptations
add,æd,"v. make an addition (to); join or combine or unite with others; increase the quality, quantity, size or scope of\nv. state or say further\nv. make an addition by combining numbers\nv. constitute an addition","vt. 增加, 添加, 附带说明, 计算...总和\nvi. 做加法, 积累而成, 增添\n[计] 加法",,5,1,zk gk cet4 ky,330,340,p:added/d:added/i:adding/3:adds
addicted,ә'diktid,a. compulsively or physiologically dependent on something habit-forming,"a. 沉溺于...的, 无法摆脱(某种嗜好)的\n[法] 嗜, 好, 惯于",,,,gk toefl,41488,23549,1:dp/0:addict/d:addicted
addition,ә'diʃәn,n. a component that is added to something to improve it\nn. the act of adding one thing to another\nn. a quantity that is added\nn. a suburban area laid out in streets and lots for a future residential area,"n. 加法, 增加的人(或物)\n[计] 加法",,4,1,gk cet4 cet6 ky ielts gre,2841,2048,s:additions
address,ә'dres,n. (computer science) the code that identifies where a piece of information is stored\nn. the place where a person or organization can be found or communicated with\nn. the act of delivering a formal spoken communication to an audience\nn. the manner of speaking to another individual,"n. 住址, 演说, 举止, 灵巧, 求爱\nvt. 发表(演说或讲话), 对付, 写地址\n[计] 地址, 寻址",,4,1,zk gk cet4 cet6 ky toefl ielts gre,1522,1028,d:addressed/i:addressing/s:addresses/p:addressed/3:addresses
adequate,'ædikwәt,a. having the requisite qualities or resources to meet a task\ns. sufficient for the purpose\ns. about average; acceptable,"a. 适当的, 足够的\n[法] 胜任的, 适当的, 充分的",,3,1,gk cet4 cet6 ky toefl ielts gre,2398,3297,
adjust,ә'dʒʌst,v. alter or regulate so as to achieve accuracy or conform to a standard\nv. adapt or conform oneself to new or different conditions\nv. make correspondent or conformable\nv. decide how much is to be paid on an insurance claim,"vt. 调整, 使适应于, 校准\nvi. 适应于, 被调节, 相互熟悉而适应",,3,1,gk cet4 cet6 ky toefl ielts gre,2811,2300,d:adjusted/i:adjusting/p:adjusted/3:adjusts
adjustment,ә'dʒʌstmәnt,n. making or becoming suitable; adjusting to circumstances\nn. the act of adjusting something to match a standard,"n. 调整, 调节, 校正\n[化] 调节",,,,gk toefl,3424,3121,s:adjustments
administration,әd.mini'streiʃәn,n. a method of tending to or managing the affairs of a some group of people (especially the group's business affairs)\nn. the persons (or committees or departments etc.) who make up a body for the purpose of administering something\nn. the act of administering medication\nn. the act of meting out justice according to the law,"n. 行政, 管理, 政府机关\n[化] 给药",,4,,gk cet4 cet6 ky toefl ielts,1383,635,s:administrations
admirable,'ædmәrәbl,s. deserving of the highest esteem or admiration\ns. inspiring admiration or approval,"a. 可钦佩的, 极好的, 令人惊奇的",,2,,gk toefl,8547,10469,
admire,әd'maiә,v. feel admiration for\nv. look at with admiration,"vt. 赞美, 钦佩, 爱慕\nvi. 称赞, 惊奇",,3,1,gk cet4 ky toefl gre,3283,3277,p:admired/d:admired/i:admiring/3:admires
admission,әd'miʃәn,n. the act of admitting someone to enter\nn. an acknowledgment of the truth of something,"n. 准许进入, 入场费, 录用, 承认\n[经] 加入, 入股",,2,,gk cet4 cet6 ky toefl ielts gre,2768,3031,s:admissions
admit,әd'mit,"v. declare to be true or admit the existence or reality or truth of\nv. allow to enter; grant entry to\nv. allow participation in or the right to be part of; permit to exercise the rights, functions, and responsibilities of\nv. afford possibility","vt. 承认, 接受, 允许进入, 容许\nvi. 开向, 容许, 承认",,4,1,gk cet4 ky toefl,887,1089,p:admitted/d:admitted/3:admits/i:admitting
adolescence,.ædәu'lesәns,n. the time period between the beginning of puberty and adulthood\nn. in the state that someone is in between puberty and adulthood,"n. 青春期\n[医] 青年期, 青春期",,1,,gk ielts,8812,6897,s:adolescences
adolescent,.ædәu'lesәnt,n. a juvenile between the onset of puberty and maturity\na. relating to or peculiar to or suggestive of an adolescent\ns. being of the age 13 through 19\ns. displaying or suggesting a lack of maturity,"a. 青春期的, 青少年的\nn. 青少年",,2,,gk cet6 ky toefl gre,8678,3386,s:adolescents
adopt,ә'dɒpt,"v. choose and follow; as of theories, ideas, policies, strategies or plans\nv. take up and practice as one's own\nv. take into one's family","vt. 采用, 正式通过, 收养, 接受\n[医] 采取",,4,1,gk cet4 cet6 ky toefl ielts gre,1157,1632,d:adopted/p:adopted/i:adopting/3:adopts
adore,ә'dɒ:,v. love intensely,"vt. 崇拜, 爱慕, 喜爱\nvi. 崇拜, 爱慕",,2,,gk cet6 ky toefl ielts gre,8708,7705,p:adored/3:adores/d:adored/i:adoring
adult,'ædʌlt,n. a fully developed person from maturity onward\nn. any mature animal\ns. (of animals) fully developed,"n. 成人, 成虫\na. 成年的, 成熟的",,4,1,gk cet4 ky ielts,1236,969,s:adults
advance,әd'vɑ:ns,"n. an amount paid before it is earned\nn. increase in price or value\nv. move forward, also in the metaphorical sense\nv. bring forward for consideration or acceptance","n. 前进, 进展, 行过的路程\nvi. 前进, 进展, 提高, 上涨\nvt. 使前进, 促进, 提出, 提高, 使提前, 预付\na. 前面的, 预先的",,4,1,gk cet4 cet6 ky toefl,1880,2296,s:advances/d:advanced/p:advanced/i:advancing/3:advances
advantage,әd'vɑ:ntidʒ,n. the quality of having a superior or more favorable position\nn. (tennis) first point scored after deuce\nn. benefit resulting from some event or action\nv. give an advantage to,"n. 优点, 便利, 好处, 优势\nvt. 有助于",,4,1,zk gk cet4 ky,969,1301,s:advantages/d:advantaged/i:advantaging/p:advantaged/3:advantages
adventure,әd'ventʃә,n. a wild and exciting undertaking (not necessarily lawful),"n. 冒险, 冒险经历\nv. 冒险",,2,1,gk cet4 ky toefl,3561,2862,s:adventures/i:adventuring/p:adventured/3:adventures/d:adventured
advertise,'ædvәtaiz,v. call attention to\nv. make publicity for; try to sell (a product),"vt. 做广告, 通知, 公布\nvi. 做广告",,3,1,gk cet4 cet6 ky ielts gre,4085,5124,d:advertised/p:advertised/i:advertising/3:advertises
advertisement,.ædvә'taizmәnt,n a public promotion of some product or service,"n. 广告, 启事, 广告宣传\n[法] 广告, 公告, 告示",,2,1,zk gk cet4 ielts,3277,5957,s:advertisements
advice,әd'vais,n. a proposal for an appropriate course of action,"n. 忠告, 劝告, 意见, 报道, 通知\n[经] 通知书, 通知, 建议",,4,1,zk gk cet4 cet6 ky toefl ielts,962,1641,
advise,әd'vaiz,v. inform (somebody) of something,"vt. 劝告, 给...出主意, 通知, 建议\nvi. 提意见, 商量",,3,1,zk gk cet4 cet6 ky toefl,1728,2552,d:advised/p:advised/i:advising/3:advises
advocate,'ædvәkeit,n. a person who pleads for a cause or propounds an idea\nn. a lawyer who pleads cases in court,"n. 提倡者, 拥护者\nvt. 主张, 提倡",,3,,gk cet4 cet6 ky toefl ielts gre,4031,2623,d:advocated/s:advocates/i:advocating/p:advocated/3:advocates
aeroplane,'єәrәplein,n an aircraft that has a fixed wing and is powered by propellers or jets,n. 飞机\n[机] 飞机,,2,,gk cet4 cet6 ky,6392,30278,s:aeroplanes
affair,ә'fєә,n. a usually secretive or illicit sexual relationship\nn. a vaguely specified social event,"n. 事件, 事务, 恋爱事件",,4,1,gk cet4 cet6 ky toefl,941,1364,s:affairs
affect,ә'fekt,n. the conscious subjective aspect of feeling or emotion\nv. have an effect upon\nv. act physically on; have an effect upon\nv. have an emotional or cognitive impact upon,"vt. 影响, 感动, 假装, 模仿, 爱好, 倾向于\nn. 自觉感情",,4,1,gk cet4 cet6 ky toefl ielts,754,963,d:affected/i:affecting/3:affects/p:affected/s:affects
affection,ә'fekʃәn,n. a positive feeling of liking,"n. 影响, 病, 喜爱, 情感, 倾向\n[医] 疾患, 病变, 病; 感情",,2,1,gk cet4 cet6 ky toefl ielts gre,4103,5137,s:affections
afford,ә'fɒ:d,v. be able to spare or give up\nv. have the financial means to do something or buy something\nv. afford access to,"vt. 买得起, 足以, 给予",,3,1,zk gk cet4 cet6 ky toefl ielts,1722,1846,d:afforded/3:affords/p:afforded/i:affording
afraid,ә'freid,a. filled with fear or apprehension\ns. filled with regret or concern; used often to soften an unpleasant statement\ns. feeling worry or concern or insecurity\ns. having feelings of aversion or unwillingness,"a. 害怕的, 恐怕的, 遗憾的",,3,1,zk gk,1562,1400,
Africa,'æfrikә,n. the second largest continent; located to the south of Europe and bordered to the west by the South Atlantic and to the east by the Indian Ocean,n. 非洲,,,,gk cet4 ielts,1250,0,
African,'æfrikәn,n. a native or inhabitant of Africa\na. of or relating to the nations of Africa or their peoples,"n. 非洲人\na. 非洲的, 非洲人的",,,,gk cet4 ielts,2102,1203,s:africans
after,'ɑ:ftә,s. located farther aft\nr. behind or in the rear,"prep. 在...之后, 由于\nconj. 在...之后\nadv. 后来",,5,1,zk gk,96,120,
afternoon,'ɑ:ftә'nu:n,n. the part of the day between noon and evening,"n. 午后, 下午",,4,1,zk gk,1118,1191,s:afternoons
afterward,'ɑ:ftәwәd,r happening at a time subsequent to a reference time,"adv. 然后, 后来",,,,gk cet4 cet6 ky,33038,4195,
again,ә'gein,r. anew,"adv. 再一次, 又, 到原处",,5,1,zk gk,156,184,
against,ә'geinst,"prep. Abreast; opposite to; facing; towards; as, against the\n   mouth of a river; -- in this sense often preceded by over.\nprep. From an opposite direction so as to strike or come in\n   contact with; in contact with; upon; as, hail beats against the roof.\nprep. In opposition to, whether the opposition is of\n   sentiment or of action; on the other side; counter to; in contrariety\n   to; hence, adverse to; as, against reason; against law; to run a race\n   against time.\nprep. By of before the time that; in preparation for; so as\n   to be ready for the time when.","prep. 反对, 对着, 倚靠",,5,1,zk gk cet4 ky,155,180,
age,eidʒ,n. how long something has existed\nn. a time of life (usually defined in years) at which some particular qualification or power arises\nv. begin to seem older; get older\nv. make older,"n. 年龄, 老年, 成年, 寿命, 时代, 时期\nv. 变老, 成熟",,5,1,zk gk toefl ielts,363,386,s:ages/d:aged/i:ageing/3:ages/p:aged
agency,'eidʒәnsi,n. an administrative unit of government\nn. a business that serves other businesses\nn. the state of being in action or exerting power,"n. 代理机构, 经销商, 中介\n[化] 办事处",,4,1,gk cet4 ky ielts,1036,694,s:agencies
agenda,ә'dʒendә,n. a temporally organized plan for matters to be attended to\nn. a list of matters to be taken up (as at a meeting),"pl. 议程, 日常工作事项\n[计] 待议事件",,3,,gk ky toefl ielts gre,3026,2130,s:agendas
agent,'eidʒәnt,n. an active and efficient cause; capable of producing a certain effect\nn. a representative who acts on behalf of other persons or organizations\nn. a substance that exerts some force or effect\nn. a businessman who buys or sells for another in exchange for a commission,"n. 代理商, 政府代表, 动原, 媒介\n[计] 代理程序",,4,1,gk cet4 ky toefl,1214,1020,s:agents
aggression,ә'greʃәn,n. a disposition to behave aggressively\nn. a feeling of hostility that arouses thoughts of attack\nn. violent action that is hostile and usually unprovoked\nn. the act of initiating hostilities,"n. 侵犯, 侵略\n[医] 攻击",,2,,gk cet6 toefl gre,4772,4521,s:aggressions
aggressive,ә'gresiv,"a. having or showing determination and energetic pursuit of your ends; positive in his convictions""\ns. tending to spread quickly\ns. characteristic of an enemy or one eager to fight","a. 侵略的, 挑畔的, 进取的\n[法] 侵略的, 爱挑衅的, 行为过火的",,3,1,gk cet4 cet6 ky toefl ielts gre,3648,2514,
ago,ә'gәu,s. gone by; or in the past\nr. in the past,adv. 以前,,5,1,zk gk,504,316,
agree,ә'gri:,"v. be in accord; be in agreement\nv. consent or assent to a condition, or agree to do something\nv. show grammatical agreement\nv. be agreeable or suitable","vi. 同意, 赞成, 应允, 适合\nvt. 承认, 认定, 同意",,5,1,zk gk,401,514,d:agreed/p:agreed/3:agrees/i:agreeing
agreement,ә'gri:mәnt,n. the statement (oral or written) of an exchange of promises\nn. compatibility of observations\nn. harmony of people's opinions or actions or characters\nn. the thing arranged or agreed to,"n. 同意, 合约, 协议\n[经] 契约, 协议, 协定",,4,1,zk gk ielts,623,1059,s:agreements
agricultural,.ægri'kʌltʃәrәl,a. relating to or used in or promoting agriculture or farming,"a. 农业的\n[法] 农业的, 耕作的",,3,,gk,2188,3104,
agriculture,'ægrikʌltʃә,n. the class of people engaged in growing food,"n. 农业\n[机] 农业, 农学",,3,,gk cet4 cet6 ky toefl ielts,2274,4165,
ahead,ә'hed,s. having the leading position or higher score in a contest\nr. at or in the front\nr. toward the future; forward in time\nr. in a forward direction,"a. 领先的, 预先的, 向前的\nadv. 领先, 预先, 向前, 胜于, 在前面, 在将来",,4,1,gk,1504,1025,
aid,eid,n. a resource\nn. the activity of contributing to the fulfillment of a need or furtherance of an effort or purpose\nn. money to support a worthy person or cause,"n. 帮助, 外援, 助手\nvt. 援助, 帮助, 有助于\nvi. 帮助\n[计] 自动内部诊断",,5,1,gk cet4 cet6 ky,1096,1640,s:aids/d:aided/i:aiding/p:aided/3:aids
AIDS,eidz,n. a serious (often fatal) disease of the immune system transmitted through blood products especially by sexual contact or contaminated needles,"n. 爱滋病(获得性免疫缺陷综合征)\n[计] 高级综合数据系统, 先进交互调试系统, 自动图解文档编制系统\n美国决策学学会, 信息自动显示系统, 自动综合调试系统",,4,,gk ielts,3757,1793,0:aid/1:s3
aim,eim,"n. the goal intended to be attained (and which is believed to be attainable)\nn. the action of directing something at an object\nv. point or cause to go (blows, weapons, or objects such as photographic equipment) towards\nv. propose or intend","n. 目标, 瞄准, 击中目标的能力\nvi. 对准目标, 致力, 打算\nvt. 瞄准\n[计] 医学文摘索引, 存取隔离机构, 高级信息管理程序, 先进接口模块\n应用接口模块, 医学人工智能, 相联索引法, 异步接口模块\n自动化信息管理, 自动化综合制造, 自动化库存管理",,4,1,gk cet4 cet6 ky toefl ielts,1261,1931,s:aims/3:aims/p:aimed/d:aimed/i:aiming
air,єә,n. a mixture of gases (especially oxygen) required for breathing; the stuff that the wind consists of\nn. the region above the ground\nn. a distinctive but intangible quality surrounding a person or thing\nn. once thought to be one of four elements composing the universe (Empedocles),"n. 空气, 旋律, 态度\nvt. 晾, 使通风, 夸耀",,5,1,zk gk toefl ielts,527,370,d:aired/s:airs/i:airing/p:aired/3:airs
aircraft,'єәkræft,n. a vehicle that can fly,"n. 航空器, 飞机\n[机] 航空器",,4,1,gk cet4 ky toefl,1538,2803,
airline,'єәlain,n. a hose that carries air under pressure\nn. a commercial enterprise that provides scheduled flights for passengers,"n. 航线, 航线的设备, 航空公司",,4,,zk gk cet4 ky,3554,2128,s:airlines
airmail,'єәmeil,n. letters and packages that are transported by aircraft\nn. a system of conveying mail by aircraft\nv. send or transport by airmail,n. 航空邮件,,,,gk,27385,31683,d:airmailed/s:airmails/i:airmailing/p:airmailed/3:airmails
airplane,'єәplein,n. an aircraft that has a fixed wing and is powered by propellers or jets,n. 飞机\n[机] 飞机,,2,,zk gk cet4,21702,3519,s:airplanes
airport,'єәpɒ:t,n. an airfield equipped with control tower and hangars as well as accommodations for passengers and cargo,"n. 飞机场\n[机] 航空站, 机场",,4,1,zk gk ielts,2541,1765,s:airports
airspace,'єәspeis,n. the space in the atmosphere immediately above the earth\nn. the atmosphere above a nation that is deemed to be under its jurisdiction,"n. 空域, 空间\n[机] 气隙",,,,gk,23446,16254,s:airspaces
alarm,ә'lɑ:m,n. fear resulting from the awareness of danger\nn. a device that signals the occurrence of some undesirable event\nn. an automatic signal (usually a sound) warning of danger\nv. warn or arouse to a sense of danger or call to a state of preparedness,"n. 惊恐, 警报, 警钟\nvt. 使惊恐, 警告\n[计] 报警信号",,3,1,gk cet4 ky toefl ielts,3004,3693,s:alarms/d:alarmed/p:alarmed/i:alarming/3:alarms
album,'ælbәm,n. one or more recordings issued together; originally released on 12-inch phonograph records (usually with attractive record covers) and later on cassette audiotape and compact disc\nn. a book of blank pages with pockets or envelopes; for organizing photographs or stamp collections etc,"n. 粘贴簿, 唱片套\n[医] 白色物",,4,,gk cet6 ky ielts,2991,2215,s:albums
alcohol,'ælkәhɒl,n. a liquor or brew containing alcohol as the active agent\nn. any of a series of volatile hydroxyl compounds that are made from hydrocarbons by distillation,"n. 酒精, 酒\n[化] 醇; 乙醇; 酒精",,3,1,gk cet4 ky,2654,2191,s:alcohols
alcoholic,.ælkә'hɒlik,n. a person who drinks alcohol to excess habitually\na. characteristic of or containing alcohol\ns. addicted to alcohol,"n. 酒鬼, 酒精中毒者\na. 酒精的",,2,1,gk,7952,7755,s:alcoholics
algebra,'ældʒibrә,n. the mathematics of generalized arithmetical operations,n. 代数学,,,,gk cet4 cet6 toefl,16477,12790,s:algebras
alike,ә'laik,a. having the same or similar characteristics\nr. equally\nr. in a like manner,"a. 相似的, 同样的\nadv. 一样, 以同样的方式",,2,,gk cet4 cet6 ky toefl,4989,4389,
alive,ә'laiv,a. possessing life\ns. (often followed by `with') full of life and spirit\ns. (followed by `to' or `of') aware of\ns. capable of erupting,"a. 活着的, 活泼的, 敏感的, 热闹的",,3,1,zk gk cet4 cet6 ky,2080,1532,
all,ɒ:l,a. quantifier; used with either mass or count nouns to indicate the whole number or amount of or every one of a class\ns. completely given to or absorbed by,"a. 所有的, 全部的, 一切的\nadv. 全部, 全然\npron. 全部\nn. 全部",,5,1,zk gk ielts,39,43,
allergic,ә'lә:dʒik,a. characterized by or caused by allergy\ns. having an allergy or peculiar or excessive susceptibility (especially to a specific factor),"a. 对...过敏的, 极反感的\n[医] 变应性的",,1,,gk ielts gre,14426,9143,
alley,'æli,n. a narrow street with walls on both sides,"n. 小路, 巷",,1,,gk ielts,6528,4340,s:alleys
allocate,'ælәukeit,v. distribute according to a plan or set apart for a special purpose,"vt. 分派, 分配\n[计] 分配",,2,,gk cet6 ky toefl ielts gre,3035,6763,d:allocated/i:allocating/3:allocates/p:allocated
allow,ә'lau,v. let have\nv. give or assign a resource to a particular person or cause\nv. allow or plan for a certain possibility; concede the truth or validity of something\nv. grant as a discount or in exchange,"vt. 允许, 同意给予, 承认\nvi. 容许, 猜想\n[计] 允许命令",,5,1,zk gk cet4 ky,257,339,d:allowed/i:allowing/3:allows/p:allowed
allowance,ә'lauәns,n. an amount allowed or granted (as during a given period)\nn. a sum granted as reimbursement for expenses\nn. an amount added or deducted on the basis of qualifying circumstances\nn. a permissible difference; allowing some freedom to move within limits,"n. 津贴, 零用钱, 限额, 折扣, 允许\nvt. 定量供应",,2,,gk cet6 ky ielts gre,2481,7677,s:allowances/i:allowancing/p:allowanced/3:allowances/d:allowanced
almost,'ɒ:lmәust,r (of actions or states) slightly short of or not quite accomplished; all but,"adv. 几乎, 差不多",,5,1,zk gk,280,291,
alone,ә'lәun,s. isolated from others\ns. lacking companions or companionship\ns. exclusive of anyone or anything else\ns. radically distinctive and without equal,"a. 孤独的, 单独的, 独自的\nadv. 独自地",,4,1,zk gk cet4 ky toefl ielts,1297,1097,
along,ә'lɒŋ,r. with a forward motion\nr. in accompaniment or as a companion\nr. to a more advanced state\nr. in addition (usually followed by `with'),"adv. 平行地, 向前\nprep. 沿着",,5,1,zk gk,823,447,
alongside,ә'lɒŋ'said,r side by side,"adv. 在旁边, 靠拢着\nprep. 在...旁边, 与...在一起",,3,1,gk cet6 ky ielts,2737,4203,
aloud,ә'laud,r. using the voice; not silently,"adv. 出声地, 大声地",,1,1,zk gk cet4 ky,5849,5694,
alphabet,'ælfәbit,n. a character set that includes letters and is used to write a language,n. 字母\n[计] 字母表,,1,1,gk cet4 cet6 ky,11157,9190,s:alphabets
already,ɒ:l'redi,r. prior to a specified or implied time,"adv. 已经, 早已",,5,1,zk gk,255,334,
also,'ɒ:lsәu,r in addition,"adv. 也, 并且, 同样地",,5,1,zk gk,77,87,
alternative,ɒ:l'tә:nәtiv,s. necessitating a choice between mutually exclusive possibilities\ns. pertaining to unconventional choices,"n. 两者择一, 供替代的选择\na. 两者择一的, 供选择的\n[计] 选择对象",,4,1,gk cet4 cet6 ky toefl ielts,1752,2073,s:alternatives
although,ɒ:l'ðou,conj. Grant all this; be it that; supposing that;\n   notwithstanding; though.,"conj. 虽然, 尽管",,5,1,zk gk cet4 ky,197,378,
altitude,'æltitju:d,n. elevation especially above sea level or above the earth's surface\nn. the perpendicular distance from the base of a geometric figure to the opposite vertex (or side if parallel),"n. 高度, 海拔, 高处\n[电] 高度",,1,,gk cet4 cet6 ky toefl ielts,8085,6370,s:altitudes
altogether,.ɒ:ltә'geðә,r. with everything included or counted,"adv. 完全地, 总而言之",,3,1,gk cet4 ky,2575,3801,
aluminium,.ælju'miniәm,n a silvery ductile metallic element found primarily in bauxite,n. 铝\na. 铝的,,2,,gk cet4 cet6 toefl gre,5580,32731,
always,'ɒ:lweiz,r. at all times; all the time and on every occasion\nr. at any time or in any event\nr. forever; throughout all time,"adv. 总是, 始终",,5,1,zk gk,185,206,
AM,æm,"n a radioactive transuranic metallic element; discovered by bombarding uranium with helium atoms\nn a master's degree in arts and sciences\nn modulation of the amplitude of the (radio) carrier wave\nv have the quality of being; (copula, used with an adjective or a predicate noun)\nv be identical to; be someone or something\nv occupy a certain position or area; be somewhere\nv have an existence, be extant\nv happen, occur, take place; this was during the visit to my parents' house""\nv be identical or equivalent to\nv form or compose\nv work in a specific place, with a specific subject, or in a specific function\nv represent, as of a character on stage\nv spend or use time\nv have life, be alive\nv to remain unmolested, undisturbed, or uninterrupted -- used only in infinitive form\nv be priced at","be的单数第一人称\n[计] 存取管理程序, 寻址方式, 地址标记, 变址数, 调幅, 辅助存储器",,,,gk,3465,1192,s:ams/r:amer
amateur,'æmәtә,n. someone who pursues a study or sport as a pastime\nn. an athlete who does not play for pay\ns. engaged in as a pastime,"n. 业余爱好者, 外行, 爱好者\n[电] 业余家",,3,,gk cet6 ky toefl ielts gre,5030,5795,s:amateurs
amaze,ә'meiz,v. affect with wonder,vt. 使吃惊,,2,1,gk cet4 cet6 ky toefl ielts,11151,8607,p:amazed/3:amazes/i:amazing/d:amazed/s:amazes
amazing,ә'meiziŋ,s. surprising greatly\ns. inspiring awe or admiration or wonder,a. 令人惊异的,,3,1,gk toefl ielts,3667,2294,i:amazing/0:amazing/1:i
ambassador,æm'bæsәdә,n. a diplomat of the highest rank; accredited as representative from one country to another\nn. an informal representative,"n. 大使\n[法] 大使, 使节, 代理",,3,,gk cet6 ky ielts,4614,4520,s:ambassadors
ambiguous,æm'bigjuәs,a. having more than one possible meaning\ns. having no intrinsic or objective meaning; not organized in conventional patterns,"a. 不明确的, 模棱两可的\n[法] 意思含糊的, 模棱两可的, 暧昧的",,2,,gk cet6 ky toefl ielts gre,6442,7071,
ambition,æm'biʃәn,n. a cherished desire\nn. a strong drive for success\nv. have as one's ambition,"n. 野心, 志向",,3,1,gk cet4 cet6 ky toefl ielts,3185,4283,s:ambitions
ambulance,'æmbjulәns,n. a vehicle that takes people to and from hospitals,n. 救护车\n[医] 救护车,,2,1,gk cet4 ky ielts,3860,5500,s:ambulances
America,ә'merikә,n. North America and South America and Central America,"n. 美洲, 美国",,,,zk gk ielts,973,0,
American,ә'merikәn,n. a native or inhabitant of the United States\nn. a native or inhabitant of a North American or Central American or South American country\na. of or relating to the United States of America or its people or language or culture,"n. 美国人\na. 美国的, 美洲的",,,,zk gk ielts,636,176,s:americans
among,ә'mʌŋ,prep. Alt. of Amongst,prep. 在...之中,,5,1,zk gk,418,279,
amount,ә'maunt,n. the relative magnitude of something with reference to a criterion\nv. be tantamount or equivalent to,"n. 总数, 总额\nvi. 总计, 等同",,4,1,gk cet4 ky toefl ielts,584,782,s:amounts/p:amounted/3:amounts/i:amounting/d:amounted
ample,'æmpl,a. more than enough in size or scope or capacity\ns. affording an abundant supply\ns. fairly large,"a. 大量的, 充足的, 丰富的",,2,,gk cet6 ky toefl ielts gre,6351,6289,r:ampler
amuse,ә'mju:z,"v. occupy in an agreeable, entertaining or pleasant fashion\nv. make (somebody) laugh","vt. 消遣, 娱乐, 使发笑",,1,1,gk cet4 cet6 ky ielts gre,8734,9683,p:amused/d:amused/i:amusing/3:amuses/s:amuses
amusement,ә'mju:zmәnt,n. a feeling of delight at being entertained,"n. 兴味, 娱乐, 消遣\n[法] 娱乐, 娱乐活动",,1,,gk cet6,5357,6732,s:amusements
analysis,ә'nælәsis,"n. an investigation of the component parts of a whole and their relations in making up the whole\nn. the abstract separation of a whole into its constituent parts in order to study the parts and their relations\nn. a form of literary criticism in which the structure of a piece of writing is analyzed\nn. the use of closed-class words instead of inflections: e.g., `the father of the bride' instead of `the bride's father'",n. 分析\n[计] 分析机; 分析员; 分析; 分析程序,,3,1,gk cet4 cet6 ky toefl ielts,707,811,s:analyses
analyze,'ænәlaiz,"v. consider in detail and subject to an analysis in order to discover essential features or meaning\nv. make a mathematical, chemical, or grammatical analysis of; break down into components or essential features\nv. break down into components or essential features","vt. 分析, 细察, 分解\n[机] 分析",,,,gk cet4 toefl gre,13046,2316,d:analyzed/i:analyzing/p:analyzed/3:analyzes
ancestor,'ænsestә,n. someone from whom you are descended (but usually more remote than a grandparent),"n. 祖先, 祖宗",,2,,gk cet4 cet6 ky toefl ielts gre,4793,4137,s:ancestors
ancient,'einʃәnt,n. a very old person\nn. a person who lived in ancient times\ns. belonging to times long past especially of the historical period before the fall of the Western Roman Empire\ns. very old,"a. 古代的, 古老的, 年老的, 旧的",,3,1,zk gk cet4 cet6 ky ielts,1841,1817,s:ancients
and,ænd,"conj. A particle which expresses the relation of connection or\n   addition. It is used to conjoin a word with a word, a clause with a\n   clause, or a sentence with a sentence.\nconj. In order to; -- used instead of the infinitival to,\n   especially after try, come, go.\nconj. It is sometimes, in old songs, a mere expletive.\nconj. If; though. See An, conj.","conj. 和, 与\n[计] 与",,5,1,zk gk,4,3,
anecdote,'ænikdәut,n. short account of an incident (especially a biographical one),"n. 轶事, 奇闻",,1,,gk ky toefl ielts gre,9719,8925,s:anecdotes
anger,'æŋgә,n. a strong emotion; a feeling that is oriented toward some real or supposed grievance\nn. the state of being angry\nv. make angry\nv. become angry,"n. 忿怒\nvt. 激怒, 使发怒\nvi. 发怒",,3,1,gk cet4 ky ielts,2489,2362,d:angered/p:angered/s:angers/3:angers/i:angering
angle,'æŋgl,n. the space between two lines or planes that intersect; the inclination of one line to another; measured in degrees or radians\nn. a member of a Germanic people who conquered England and merged with the Saxons and Jutes to become Anglo-Saxons\nv. move or proceed at an angle\nv. fish with a hook,"n. 角, 角度, 角落\nvi. 钓鱼, 谋取, 博取, 斜向移动, 转变角度\nvt. 使转动角度, 在...钓鱼, 获取",,3,1,gk cet4 ky toefl,2346,2989,s:angles/d:angled/i:angling/p:angled/3:angles
angry,'æŋgri,a. feeling or showing anger\ns. (of the elements) as if showing violent anger\ns. severely inflamed and painful,"a. 生气的, 愤怒的",,3,1,zk gk ielts,2084,1705,r:angrier
animal,'ænimәl,n. a living organism characterized by voluntary movement\ns. marked by the appetites and passions of the body,n. 动物\n[医] 动物,,4,1,zk gk ielts,652,728,s:animals
ankle,'æŋkl,n. a gliding joint between the distal ends of the tibia and fibula and the proximal end of the talus,"n. 踝\n[医] 踝, 踝关节",,2,1,gk cet4 cet6 ky ielts,4387,3814,s:ankles
anniversary,æni'vә:sәri,n. the date on which an event occurred in some previous year (or the celebration of it),n. 周年纪念,,3,1,gk cet6 ky ielts,3440,3374,s:anniversaries
announce,ә'nauns,v. make known; make an announcement\nv. announce publicly or officially\nv. give the names of\nv. foreshadow or presage,"vt. 宣布, 声称, 显示, 预告\nvi. 当报幕员, 宣布参加竞选",,5,1,gk cet4 cet6 ky toefl gre,795,1163,p:announced/d:announced/i:announcing/3:announces
announcement,ә'naunsmәnt,n. a formal public statement\nn. a public statement containing information about an event that has happened or is going to happen,"n. 公告, 发表, 告知\n[经] 通告, 布告, 公告",,3,,gk toefl ielts,2825,3604,s:announcements
annoy,ә'nɒi,"v. cause annoyance in; disturb, especially by minor irritations","vt. 使恼怒, 骚扰",,1,1,gk toefl ielts gre,7731,9844,p:annoyed/3:annoys/d:annoyed/i:annoying
annual,'ænjuәl,n. (botany) a plant that completes its entire life cycle within the space of a year\nn. a reference book that is published regularly once every year\na. completing its life cycle within a year\ns. occurring or payable every year,"n. 年刊, 年报\na. 每年的, 一年一次的, 全年的, 一年生的",,4,1,gk cet4 ky toefl ielts,1215,1361,s:annuals
another,ә'nʌðә,s. any of various alternatives; some other,"a. 另外的, 再一的, 不同的\npron. 又一个, 另一个, 类似的另一个",,5,1,zk gk,150,145,
answer,'ɑ:nsә,n. a statement (either spoken or written) that is made to reply to a question or request or criticism or accusation\nn. the speech act of replying to a question\nn. the principal pleading by the defendant in response to plaintiff's complaint; in criminal law it consists of the defendant's plea of `guilty' or `not guilty' (or nolo contendere); in civil law it must contain denials of all allegations in the plaintiff's complaint that the defendant hopes to controvert and it can contain affirmative defenses or counterclaims\nn. a nonverbal reaction,"n. 答案, 回答, 回报, 答辩\nvt. 回答, 反驳, 适应, 响应, 符合\nvi. 回答, 答应, 负责, 符合, 成功\n[计] 用户问题及答案新闻组",,5,1,zk gk,808,767,s:answers/p:answered/d:answered/i:answering/3:answers
ant,ænt,n. social insect living in organized colonies; characteristically the males and fertile queen have wings during breeding season; wingless sterile females are the workers,n. 蚂蚁,,1,,zk gk cet4 ky,5833,5811,s:ants/p:anted/i:anting
antarctic,ænt'ɑ:ktik,n. the region around the south pole: Antarctica and surrounding waters,"a. 南极的, 南极地带的\nn. 南极地区",,1,,gk cet6 ielts gre,10763,12325,
Antarctica,ænt'ɑ:ktikә,"n. an extremely cold continent at the south pole almost entirely below the Antarctic Circle; covered by an ice cap up to 13,000 feet deep",n. 南极洲,,,,gk toefl,13217,0,
antique,æn'ti:k,n. any piece of furniture or decorative object or the like produced in a former period and valuable because of its beauty or rarity\nv. shop for antiques\nv. give an antique appearance to\ns. made in or typical of earlier times and valued for its age,"n. 古董, 古物\na. 古老的, 古风的, 旧式的, 过时的",,3,,gk cet6 ky toefl ielts gre,6477,5748,s:antiques/p:antiqued/i:antiquing/3:antiques/d:antiqued
anxiety,æŋ'zaiәti,"n. (psychiatry) a relatively permanent state of worry and nervousness occurring in a variety of mental disorders, usually accompanied by compulsive behavior or attacks of panic\nn. a vague unpleasant emotion that is experienced in anticipation of some (usually ill-defined) misfortune","n. 焦虑, 忧虑, 令人焦虑的事\n[医] 焦虑",,3,1,gk cet4 cet6 ky toefl ielts,2612,2467,s:anxieties
anxious,'æŋʃәs,s. eagerly desirous\ns. causing or fraught with or showing anxiety,"a. 忧虑的, 发愁的, 渴望的",,3,1,gk cet4 cet6 ky toefl,2630,3827,
any,'eni,s. one or some or every or all without specification\nr. to any degree or extent,a. 任何的\npron. 任何,,5,1,zk gk,78,109,
anybody,'enibɒdi,n. Any one out of an indefinite number of persons; anyone;\n   any person.\nn. A person of consideration or standing.,pron. 任何人\nn. 重要人物,,3,,zk gk,1840,1380,
anyhow,'enihau,"r. used to indicate that a statement explains or supports a previous statement; anyhow, they're quiet""; anyway, it's gone""; in any case, there was a brief scuffle""\nr. in any way whatsoever","adv. 无论如何, 至少",,1,,gk cet4 ky ielts,9090,9909,
anyone,'eniwʌn,n. One taken at random rather than by selection; anybody.\n   [Commonly written as two words.],pron. 任何人,,4,1,zk gk cet4 ky,662,659,
anything,'eniθiŋ,"n. Any object, act, state, event, or fact whatever; thing of\n   any kind; something or other; aught; as, I would not do it for\n   anything.\nn. Expressing an indefinite comparison; -- with as or like.\nadv. In any measure; anywise; at all.",pron. 任何事,,5,1,zk gk,315,331,
anywhere,'enihwєә,r. at or in or to any place; (`anyplace' is used informally for `anywhere'),adv. 无论何处,,3,1,zk gk cet4 ky,2157,1879,
apart,ә'pɑ:t,s. remote and separate physically or socially\ns. having characteristics not shared by others\nr. separated or at a distance in place or position or time\nr. not taken into account or excluded from consideration,"adv. 成零碎, 成距离, 分别地, 分离着\na. 分离的",,3,1,gk cet4 ky,2419,1971,
apartment,ә'pɑ:tmәnt,n. a suite of rooms usually on one floor of an apartment house,"n. 房间, 公寓",,3,1,gk cet4 ky ielts,3711,1273,s:apartments
apologize,ә'pɒlәdʒaiz,"v. acknowledge faults or shortcomings or failing\nv. defend, explain, clear away, or make excuses for by reasoning","vi. 道歉, 辩解",,2,1,gk cet4 toefl gre,9168,3739,p:apologized/i:apologizing/3:apologizes/d:apologized
apology,ә'pɒlәdʒi,n. an expression of regret at having caused trouble for someone\nn. a formal written defense of something you believe in strongly\nn. a poor example,"n. 道歉, 辩护\n[法] 道歉, 谢罪, 辩解者",,2,,gk cet4 ky toefl,4950,4944,s:apologies
apparent,ә'pærәnt,s. clearly revealed to the mind or the senses or judgment\ns. appearing as such but not necessarily so,"a. 清晰可见的, 显然的, 表面上的\n[电] 外在的",,3,1,gk cet4 cet6 ky ielts,1770,2502,
appeal,ә'pi:l,n. attractiveness that interests or pleases or stimulates\nn. (law) a legal proceeding in which the appellant resorts to a higher court for the purpose of obtaining a review of a lower court decision and a reversal of the lower court's judgment or the granting of a new trial\nv. take a court case to a higher court for review\nv. request earnestly (something from somebody); ask for aid or protection,"n. 恳求, 诉请, 上诉, 吸引力\nvi. 呼吁, 诉请, 要求, 上诉, 有吸引力\nvt. 将...上诉",,4,1,gk cet4 cet6 ky toefl ielts gre,942,1852,s:appeals/p:appealed/i:appealing/d:appealed/3:appeals
appear,ә'piә,"v. come into sight or view\nv. be issued or published\nv. seem to be true, probable, or apparent\nv. come into being or existence, or appear on the scene","vi. 出现, 显得, 来到\n[法] 出庭, 到案, 出现",,5,1,zk gk cet4 ky toefl,290,395,p:appeared/3:appears/i:appearing/d:appeared
appearance,ә'piәrәns,n. outward or visible aspect of a person or thing\nn. the event of coming into sight\nn. formal attendance (in court or at a hearing) of a party in an action\nn. a mental representation,"n. 出现, 露面, 外观, 外表, 出版\n[计] 外观, 版面",,4,1,gk cet4 ky ielts,1435,1684,s:appearances
appendix,ә'pendiks,n. supplementary material that is collected and appended at the back of a book\nn. a vestigial process that extends from the lower end of the cecum and that resembles a small pouch,"n. 附录, 附加物, 阑尾\n[化] 增补",,1,,gk cet6 ky ielts,3748,12249,s:appendices
appetite,'æpitait,n. a feeling of craving something,"n. 食欲, 欲望, 爱好\n[医] 食欲",,2,,gk cet4 cet6 ky toefl ielts gre,5325,5205,s:appetites
applaud,ә'plɒ:d,v. clap one's hands or shout after performances to indicate approval\nv. express approval of,"v. 拍手喝彩, 称赞, 赞同",,2,,gk cet6 ky toefl ielts gre,7585,5722,p:applauded/d:applauded/i:applauding/3:applauds
apple,'æpl,n. fruit with red or yellow or green skin and sweet to tart crisp whitish flesh\nn. native Eurasian tree widely cultivated in many varieties for its firm rounded edible fruits,"n. 苹果, 家伙\n[医] 苹果",,3,1,zk gk,2446,2695,s:apples
applicant,'æplikәnt,n. a person who requests or seeks something such as assistance or employment or admission,"n. 申请者\n[经] 申请人, 请求人, 谋事人",,2,,gk cet4 toefl ielts gre,3159,5512,s:applicants
application,.æpli'keiʃәn,n. the act of bringing something to bear; using it for a particular purpose\nn. a verbal or written request for assistance or employment or admission to a school\nn. the work of applying something; \nn. a program that gives a computer instructions that provide the user with tools to accomplish a task,"n. 应用, 申请, 志愿书, 应用程序\n[计] 应用, 应用程序",,3,1,gk cet4 cet6 ky toefl ielts gre,608,1519,s:applications
apply,ә'plai,v. be pertinent or relevant or applicable\nv. ask (for something)\nv. refer (a word or name) to a person or thing\nv. apply oneself to,"vt. 涂, 应用\nvi. 申请, 适用",,4,1,gk cet4 cet6 ky toefl ielts,522,938,d:applied/3:applies/i:applying/p:applied
appoint,ә'pɒint,"v. create and charge with a task or function\nv. assign a duty, responsibility or obligation to\nv. furnish","vt. 任命, 指定, 下令\n[法] 派, 派任, 任命",,3,1,gk cet4 cet6 ky toefl gre,1272,3172,d:appointed/p:appointed/i:appointing/3:appoints
appointment,ә'pɒintmәnt,n. the act of putting a person into a non-elective position\nn. (usually plural) furnishings and equipment (especially for a ship or hotel)\nn. the job to which you are (or hope to be) appointed\nn. (law) the act of disposing of property by virtue of the power of appointment,"n. 约会, 委任的职位, 委派\n[经] 任命, 派, 指定",,3,1,gk cet4 cet6 ky toefl ielts,1558,3021,s:appointments
appreciate,ә'pri:ʃieit,v. recognize with gratitude; be grateful for\nv. be fully aware of; realize fully\nv. gain in value\nv. increase the value of,"vt. 赏识, 鉴别, 为...而感激, 领会, 欣赏\nvi. 增值, 涨价",,3,1,gk cet4 cet6 ky toefl ielts gre,1989,1738,d:appreciated/p:appreciated/i:appreciating/3:appreciates
appreciation,ә.pri:ʃi'eiʃәn,n. understanding of the nature or meaning or quality or magnitude of something\nn. an expression of gratitude\nn. an increase in price or value,"n. 感激, 赏识, 鉴别\n[经] 涨价, 增值",,,,gk cet6 toefl,4701,4322,s:appreciations
approach,ә'prәutʃ,n. ideas or actions intended to deal with a problem or situation\nn. the act of drawing spatially closer to something\nn. the event of one object coming closer to another\nn. the temporal property of becoming nearer in time,"n. 接近, 入门\nvt. 接近, 近似, 找...商量\nvi. 靠近",,4,1,gk cet4 cet6 ky toefl ielts gre,583,750,s:approaches/p:approached/i:approaching/d:approached/3:approaches
appropriate,ә'prәupriәt,"v. take possession of by force, as after an invasion\na. suitable for a particular person or place or condition etc","a. 适当的\n[经] 适当的, 拨出, 占用",,3,1,gk cet4 cet6 ky toefl ielts gre,883,1493,d:appropriated/3:appropriates/p:appropriated/i:appropriating
approve,ә'pru:v,v. give sanction to\nv. judge to be right or commendable; think well of,"vt. 赞同, 核准, 为...提供证据\nvi. 赞许",,4,1,gk cet4 cet6 ky toefl,1762,2053,d:approved/p:approved/i:approving/3:approves
approximately,ә'prɒksimәtli,r. (of quantities) imprecise but fairly close to correct,"adv. 大约, 大致, 近于\n[经] 大约, 近似",,,1,gk cet4 cet6 toefl,2850,2365,
April,'eiprәl,n. the month following March and preceding May,n. 四月,,4,1,zk gk ielts,684,0,
apron,'eiprәn,n. a garment of cloth or leather or plastic that is tied about the waist and worn to protect your clothing\nn. (golf) the part of the fairway leading onto the green\nn. a paved surface where aircraft stand while not being used,n. 围裙\n[医] 围裙,,1,,gk gre,8011,8084,s:aprons
Arab,'ærәb,n. a member of a Semitic people originally from the Arabian peninsula and surrounding territories who speaks Arabic and who inhabits much of the Middle East and northern Africa,"n. 阿拉伯人, 阿拉伯马\na. 阿拉伯人的, 阿拉伯的",,,,gk,26475,2201,s:arabs
Arabic,'ærәbik,n. the Semitic language of the Arabs; spoken in a variety of dialects\na. relating to or characteristic of Arabs,"n. 阿拉伯语\na. 阿拉伯语的, 阿拉伯人的, 阿拉伯式的",,,,gk,12421,9158,
arbitrary,'ɑ:bitrәri,a. based on or subject to individual discretion or preference or sometimes impulse or caprice,"a. 任意的, 武断的, 专治的, 霸道的",,1,,gk cet4 cet6 ky toefl ielts gre,5353,7545,
arch,ɑ:tʃ,n. a curved shape in the vertical plane that spans an opening\nn. a curved bony structure supporting or enclosing organs (especially the inner sides of the feet)\nn. a passageway under a curved masonry construction\nn. (architecture) a masonry construction (usually curved) for spanning an opening and supporting the weight above it,"n. 拱门, 拱形, 足弓\nvt. 使成弓形\nvi. 拱起, 成弓形\na. 主要的, 调皮的, 傲慢无礼的, 狡猾的",,2,,gk cet6 ky toefl ielts gre,4771,6326,s:arches/p:arched/i:arching/d:arched/3:arches
architect,'ɑ:kitekt,n. someone who creates plans to be used in making something (such as buildings),"n. 建筑师, 设计者, 缔造者",,2,,gk cet4 cet6 ky toefl ielts gre,2891,3365,s:architects
architecture,'ɑ:kitektʃә,n. an architectural product or work\nn. the discipline dealing with the principles of design and construction and ornamentation of fine buildings\nn. the profession of designing buildings and environments with consideration for their esthetic effect,"n. 建筑学, 建筑式样\n[计] 体系结构",,2,,gk cet4 cet6 ky toefl ielts,2712,3509,s:architectures
arctic,'ɑ:ktik,n. the regions to the north of the Arctic Circle centered on the North Pole\nn. a waterproof overshoe that protects shoes from water or snow\ns. extremely cold,"a. 北极的, 极寒的\nn. 北极圈, 北极",,1,,gk cet6 toefl ielts gre,6648,6116,s:arctics
are,ɑ:,n. a unit of surface area equal to 100 square meters,be的现在时复数或第二人称单数,,,,gk,0,0,s:ares
area,'єәriә,n. a particular geographical region of indefinite boundary (usually serving some special purpose or distinguished by its people or culture or geography)\nn. a subject of study\nn. a part of an animal that has a special function or is supplied by a given artery or nerve\nn. a part of a structure having some specific characteristic or function,"n. 区域, 面积, 范围, 空地\n[计] 区域",,5,1,zk gk cet4 ky ielts,149,230,s:areas
argue,'ɑ:gju,v. present reasons and arguments\nv. have an argument about something\nv. give evidence of,"vi. 提出理由, 争论, 辩论\nvt. 主张, 辩论, 证明, 说服",,4,1,gk cet4 cet6 ky ielts,674,778,d:argued/p:argued/3:argues/i:arguing
argument,'ɑ:gjumәnt,"n. a fact or assertion offered as evidence that something is true\nn. a discussion in which reasons are advanced for and against some proposition or proposal\nn. a summary of the subject or plot of a literary work or play or movie\nn. (computer science) a reference or value that is passed to a function, procedure, subroutine, command, or program","n. 争论, 论证, 论据, 自变量\n[计] 参数",,4,1,gk cet4 ky ielts,832,1185,s:arguments
arise,ә'raiz,v. originate or come into being\nv. rise to one's feet\nv. result or issue,"vi. 站立, 出现, 起来",,3,1,gk cet4 cet6 ky toefl ielts,1043,2581,i:arising/3:arises/p:arose/d:arisen
arithmetic,ә'riθmәtik,n. the branch of pure mathematics dealing with the theory of numerical calculations,"n. 算术, 算术知识\n[机] 算术; 算术的",,1,,gk cet4 cet6 ky toefl,8791,11378,s:arithmetics
arm,ɑ:m,n. a human limb; technically the part of the superior limb between the shoulder and the elbow but commonly used to refer to the whole superior limb\nn. any projection that is thought to resemble a human arm\nn. the part of an armchair or sofa that supports the elbow and forearm of a seated person\nv. prepare oneself for a military confrontation,"n. 手臂, 袖子, 狭长港湾, 武器\nvt. 武装, 装备\nvi. 武装起来\n[计] 异步应答方式; 自动货品销路管理",,5,1,zk gk,491,491,s:arms/d:armed/i:arming/p:armed/3:arms
armchair,.ɑ:m'tʃєә,n. chair with a support on each side for arms,n. 扶手椅,,1,,gk,5766,9757,s:armchairs
army,'ɑ:mi,n. a permanent organization of the military land forces of a nation or state\nn. a large number of people united for some specific purpose,"n. 军队, 陆军",,5,1,zk gk cet4 ky ielts,818,1539,s:armies
around,ә'raund,r. by a circular or circuitous route\nr. in a circle or circular motion\nr. to a particular destination either specified or understood\nr. in circumference,"prep. 包围, 在...周围, 四处\nadv. 兜着圈子, 在附近, 到处",,5,1,zk gk,397,264,
arrange,ә'reindʒ,"v. put into a proper or systematic order\nv. make arrangements for\nv. adapt for performance in a different way\nv. arrange thoughts, ideas, temporal events","v. 安排, 排列, 达成协议\n[计] 重排",,4,1,gk cet4 ky toefl,1324,2216,d:arranged/i:arranging/p:arranged/3:arranges
arrangement,ә'reindʒmәnt,n. an orderly grouping (of things or persons) considered as a unit; the result of arranging\nn. an organized structure for arranging or classifying\nn. the act of arranging and adapting a piece of music,"n. 排列, 整齐, 安排\n[计] 排列",,3,1,gk cet4 toefl,1092,2357,s:arrangements
arrest,ә'rest,n. the state of inactivity following an interruption,"n. 逮捕, 监禁\nvt. 拘捕, 抑制, 吸引, 阻止",,4,1,gk cet4 cet6 ky toefl gre,2134,2140,d:arrested/s:arrests/i:arresting/p:arrested/3:arrests
arrival,ә'raivl,n. accomplishment of an objective\nn. the act of arriving at a certain place\nn. someone who arrives (or has arrived),"n. 到达, 抵达, 到达者\n[经] 到达, 到达物",,3,1,gk cet4 ky ielts,2281,3194,s:arrivals
arrive,ә'raiv,v. reach a destination; arrive by movement or progress\nv. succeed in a big way; get to the top,"vi. 到达, 抵达",,4,1,zk gk,708,810,p:arrived/d:arrived/i:arriving/3:arrives
arrow,'ærәu,n. a mark to indicate a direction or relation\nn. a projectile with a straight thin shaft and an arrowhead on one end and stabilizing vanes on the other; intended to be shot from a bow,"n. 箭, 箭状物, 箭头记号",,2,1,gk cet4 ky,4127,4832,s:arrows/p:arrowed/i:arrowing
art,ɑ:t,n. the products of human creativity; works of art collectively\nn. the creation of beautiful or significant things\nn. a superior skill that you can learn by study and practice and observation,"n. 艺术, 人文科学, 技术, 巧妙, 诡计, 美术\n[计] 实际保持时间, 特许权和资源表, 平均检索时间, 平均运行时间",,5,1,zk gk cet4 ky ielts,477,346,s:arts
article,'ɑ:tikl,n. nonfictional prose forming an independent part of a publication\nn. one of a class of artifacts\nn. a separate section of a legal document (as a statute or contract or will)\nn. (grammar) a determiner that may indicate the specificity of reference of a noun phrase,"n. 文章, 冠词, 物品, 物件, 条款, 契约\n[计] 信件",,4,1,zk gk cet4 ky toefl ielts,1027,731,s:articles/d:articled/i:articling/p:articled/3:articles
artificial,.ɑ:ti'fiʃәl,a. contrived by art rather than nature\ns. artificially formal\ns. not arising from natural growth or characterized by vital processes,"a. 人造的, 假的, 非原地产的\n[医] 人工的, 人造的, 伟牟",,2,1,gk cet4 cet6 ky toefl ielts gre,3499,4003,s:artificials
artist,'ɑ:tist,n. a person whose creative work shows sensitivity and imagination,"n. 艺术家, 画家",,4,1,gk cet4 ky,1218,736,s:artists
as,æz,n a very poisonous metallic element that has three allotropic forms; arsenic and arsenic compounds are used as herbicides and insecticides and various alloys; found in arsenopyrite and orpiment and realgar\nn a United States territory on the eastern part of the island of Samoa\nn a metric unit of length equal to one ten billionth of a meter (or 0.0001 micron); used to specify wavelengths of electromagnetic radiation\nn any of several fat-soluble vitamins essential for normal vision; prevents night blindness or inflammation or dryness of the eyes\nn one of the four nucleotides used in building DNA; all four nucleotides have a common phosphate group and a sugar (ribose)\nn (biochemistry) purine base found in DNA and RNA; pairs with thymine in DNA and with uracil in RNA\nn the basic unit of electric current adopted under the Systeme International d'Unites\nn the 1st letter of the Roman alphabet\nn the blood group whose red cells carry the A antigen\nr to the same degree (often followed by `as'),"adv. 同样地, 例如\nprep. 做为, 当作\nconj. 当...之时, 以...的方式, 像...一样, 因为\n[计] 高级系统, 先进系统, 辅助存储器, 自治系统",,5,1,zk gk ielts,33,33,
ash,æʃ,n. the residue that remains when something is burned\nn. any of various deciduous pinnate-leaved ornamental or timber trees of the genus Fraxinus\nn. strong elastic wood of any of various ash trees; used for furniture and tool handles and sporting goods such as baseball bats\nv. convert into ashes,"n. 灰, 灰烬\n[化] 灰分",,2,,gk cet4 ky,4713,4577,s:ashes
ashamed,ә'ʃeimd,a. feeling shame or guilt or embarrassment or remorse,"a. 惭愧的, 羞耻的",,2,1,gk cet4 ky ielts,5292,5651,
Asia,'eiʒә,n. the largest continent with 60% of the earth's population; it is joined to Europe on the west to form Eurasia; it is the site of some of the world's earliest civilizations\nn. the nations of the Asian continent collectively,n. 亚洲,,,,zk gk ielts,2720,0,
Asian,'eiʃәn,n. a native or inhabitant of Asia\na. of or relating to or characteristic of Asia or the peoples of Asia or their languages or culture,"n. 亚洲人\na. 亚洲的, 亚洲人的",,,,zk gk,3725,2351,s:asians
aside,ә'said,n. a line spoken by an actor to the audience but not intended for others on the stage\nr. on or to one side\nr. out of the way (especially away from one's thoughts)\nr. placed or kept separate and distinct as for a purpose,"n. 小声说的话, 旁白\nadv. 在一边, 离开, 另外",,3,1,gk cet4 ky,2376,1878,s:asides
ask,ɑ:sk,v. inquire about\nv. make a request or demand for something to somebody\nv. direct or put; seek an answer to\nv. consider obligatory; request and expect,"vi. 问, 要求\nvt. 问, 要求, 邀请, 需要",,5,1,zk gk,141,131,p:asked/d:asked/i:asking/3:asks
asleep,ә'sli:p,a. in a state of sleep\ns. lacking sensation\ns. dead\nr. into a sleeping state,"a. 睡着的, 长眠的, 麻木的\nadv. 熟睡地",,2,1,zk gk cet4 ky,3043,3081,
aspect,'æspekt,n. a distinct feature or element in a problem\nn. a characteristic to be considered\nn. the beginning or duration or completion or repetition of the action of a verb,"n. 外观, 方面, 面貌, 方向\n[医] 方面, 局面; 外观",,4,1,gk cet4 cet6 ky toefl gre,862,1357,s:aspects
assess,ә'ses,"v. charge (a person or a property) with a payment, such as a tax or a fine\nv. estimate the value of (property) for taxation","vt. 估定, 对...征税, 评定\n[经] 估计, 估价, 确定(税款罚款等)的金额",,4,,gk cet4 cet6 ky toefl ielts gre,1488,2042,d:assessed/i:assessing/3:assesses/p:assessed
assessment,ә'sesmәnt,n. an amount determined as payable\nn. the market value set on assets,"n. 评估, 估定, 评定的款额\n[化] 评估",,,,gk cet6 toefl ielts gre,1249,1552,s:assessments
assist,ә'sist,n. (sports) the act of enabling another player to make a good play\nv. act as an assistant in a subordinate or supportive function,"n. 帮助, 协助\nvt. 帮助, 促进\nvi. 协助, 参加",,3,1,gk cet4 cet6 ky toefl,2162,2475,d:assisted/i:assisting/p:assisted/3:assists
assistance,ә'sistәns,n the activity of contributing to the fulfillment of a need or furtherance of an effort or purpose\nn a resource,"n. 协助, 援助\n[经] 援助, 帮助",,3,1,gk ky toefl ielts,2096,2081,
assistant,ә'sistәnt,n. a person who contributes to the fulfillment of a need or furtherance of an effort or purpose,"n. 助手, 助理, 助教\na. 有帮助的, 辅助的, 助理的",,3,1,gk cet4 cet6 ky toefl ielts,2875,2706,s:assistants
associate,ә'sәuʃieit,"n. a person who joins with others in some activity or endeavor\nn. a person with subordinate membership in a society, institution, or commercial enterprise\nn. any event that usually accompanies or is closely connected with another\nv. make a logical or causal connection","n. 同伴, 伙伴, 关联的事物\nvt. 使联合, 使发生联系\nvi. 交往\n[计] 关联",,3,1,gk cet4 cet6 ky toefl ielts gre,1216,1354,d:associated/s:associates/i:associating/p:associated/3:associates
association,ә.sәuʃә'eiʃәn,n. a formal organization of people or groups of people\nn. the act of consorting with or joining with others\nn. the state of being connected together as in memory or imagination\nn. the process of bringing ideas or events together in memory or imagination,n. 协会\n[计] 关联,,4,1,gk cet4 cet6 ky toefl ielts,742,1859,s:associations
assume,ә'sju:m,"v. take to be the case or to be true; accept without verification or proof\nv. take on titles, offices, duties, responsibilities\nv. take on a certain form, attribute, or aspect\nv. occupy or take on","vt. 假定, 承担, 呈现\nvi. 装腔作势, 僭越",,4,1,gk cet4 cet6 ky toefl ielts gre,886,1091,d:assumed/i:assuming/p:assumed/3:assumes
assumption,ә'sʌmpʃәn,n. a hypothesis that is taken for granted\nn. the act of taking possession of or power over something\nn. celebration in the Roman Catholic Church of the Virgin Mary's being taken up into heaven when her earthly life ended; corresponds to the Dormition in the Eastern Orthodox Church\nn. (Christianity) the taking up of the body and soul of the Virgin Mary when her earthly life had ended,"n. 假定, 自负, 担任, 假装\n[经] 假定, 承担",,3,,gk cet4 cet6 ky toefl ielts gre,1693,2606,s:assumptions
astonish,ә'stɒniʃ,v affect with wonder,vt. 使惊讶,,1,,gk cet4 ky toefl,18564,12542,p:astonished/d:astonished/3:astonishes/i:astonishing
astronaut,'æstrәnɒ:t,n. a person trained to travel in a spacecraft,"n. 太空旅行者, 宇航员\n[法] 美国太空人",,1,,gk cet4 cet6 ky,16330,5656,s:astronauts/3:astronauts
astronomer,ә'strɒnәmә,n. a physicist who studies astronomy,n. 天文学家,,2,,gk toefl,10779,3744,s:astronomers
astronomy,ә'strɒnәmi,n. the branch of physics that studies celestial bodies and the universe as a whole,n. 天文学,,2,,gk cet6 ky toefl ielts,10702,6469,
at,æt,n. 100 at equal 1 kip in Laos,"prep. 在, 向, 对\n[计] 地址转换器, 异常传输, 自动订票",,5,1,zk gk,22,22,
athlete,'æθli:t,n. a person trained to compete in sports,"n. 运动员, 运动选手\n[医] 运动员",,3,,gk cet4 cet6 ky toefl ielts,6584,1600,s:athletes
athletic,æθ'letik,a. relating to or befitting athletics or athletes\ns. having a sturdy and well proportioned body,a. 运动的,,2,,gk cet6,8781,2981,
athletics,æθ'letiks,n. participation in sports events as an extracurricular activity,n. 体育运动,,2,,gk gre,9290,8574,
Atlantic,әt'læntik,n. the 2nd largest ocean; separates North and South America on the west from Europe and Africa on the east\na. relating to or bordering the Atlantic Ocean,n. 大西洋\na. 大西洋的,,,,zk gk cet4,3289,0,
atmosphere,'ætmәsfiә,n. a particular environment or surrounding influence\nn. the mass of air surrounding the Earth\nn. the weather or climate at some place\nn. the envelope of gases surrounding any celestial body,"n. 大气, 空气, 气氛\n[医] 大气; 大气压",,3,1,gk cet4 cet6 ky toefl,1855,2217,s:atmospheres
atom,'ætәm,n. (physics and chemistry) the smallest component of an element having the chemical properties of the element\nn. (nontechnical usage) a tiny piece of anything,"n. 原子, 核能, 微粒, 微量\n[计] 原子",,2,1,gk cet4 cet6 ky toefl,4241,5184,s:atoms
attach,ә'tætʃ,v. cause to be attached\nv. be attached; be in contact with\nv. become attached,"vt. 附上, 使依附, 使附属, 使喜爱, 系, 缚\nvi. 附属, 归属, 联系在一起\n[计] 挂接服务器命令, 关联, 挂接, 附加",,3,1,gk cet4 cet6 ky toefl ielts gre,1849,2320,d:attached/i:attaching/3:attaches/p:attached
attack,ә'tæk,n. (military) an offensive against an enemy (using weapons)\nn. an offensive move in a sport or game\nn. the act of attacking\nn. a decisive manner of beginning a musical tone or phrase,"n. 攻击, 抨击\nvt. 攻击, 抨击, 动手干\nvi. 攻击",,5,1,gk cet4 cet6 ky ielts,913,791,s:attacks/d:attacked/p:attacked/i:attacking/3:attacks
attain,ә'tein,"v to gain with effort\nv reach a point in time, or a certain state or level\nv find unexpectedly\nv reach a destination, either real or abstract","vt. 达到, 获得\nvi. 达到",,1,,gk cet4 cet6 ky toefl ielts gre,5042,5323,d:attained/i:attaining/p:attained/3:attains
attempt,ә'tempt,n. earnest and conscientious activity intended to do or accomplish something,"n. 尝试, 企图\nvt. 尝试, 企图",,5,1,gk cet4 cet6 ky toefl ielts,740,1227,s:attempts/i:attempting/d:attempted/p:attempted/3:attempts
attend,ә'tend,"v. be present at (meetings, church services, university), etc.\nv. take charge of or deal with\nv. to accompany as a circumstance or follow as a result\nv. give heed (to)","vt. 参加, 照料, 伴随\nvi. 专心于, 照顾, 服侍, 出席",,4,1,gk cet4 ky toefl ielts,1100,1168,i:attending/d:attended/p:attended/3:attends
attention,ә'tenʃәn,n. the process whereby a person concentrates on some features of the environment to the (relative) exclusion of others\nn. a general interest that leads people to want to know more\nn. a courteous act indicating affection\nn. the faculty or power of mental concentration,"n. 注意, 注意力\n[计] 引起注意信号",,4,1,zk gk cet4 ky toefl ielts,714,591,s:attentions
attentively,ә'tentivli,r. with attention; in an attentive manner,"adv. 注意地, 留心地",,,,gk,19677,18857,
attitude,'ætitju:d,n. a complex mental state involving beliefs and feelings and values and dispositions to act in certain ways\nn. a theatrical pose created for effect\nn. position of aircraft or spacecraft relative to a frame of reference (the horizon or direction of motion),"n. 态度, 看法, 姿势\n[医] 体态, 姿势, 态度",,4,1,gk cet4 ky,920,1155,s:attitudes
attract,ә'trækt,v. direct toward itself or oneself by means of some psychological power or physical attributes\nv. be attractive to\nv. exert a force on (a body) causing it to approach or prevent it from moving away,"vt. 吸引, 诱惑\nvi. 有吸引力",,4,1,gk cet4 ky toefl,1477,1867,d:attracted/p:attracted/3:attracts/i:attracting
attraction,ә'trækʃәn,n. the force by which one object attracts another\nn. an entertainment that is offered to the public\nn. the quality of arousing interest; being attractive or something that attracts\nn. a characteristic that provides pleasure and attracts,"n. 吸引, 吸引人的事物, 吸引力\n[医] 吸引",,2,1,gk cet4 toefl,3108,3800,s:attractions
attractive,ә'træktiv,a. pleasing to the eye or mind especially through beauty or charm\ns. having power to arouse interest\na. having the properties of a magnet; the ability to draw or pull;,"a. 吸引人的, 有魅力的\n[法] 有吸引力的, 有迷惑力的",,3,1,gk cet4 ky toefl ielts,1781,2811,
audience,'ɒ:diәns,n. a gathering of spectators or listeners at a (usually public) performance\nn. the part of the general public interested in a source of information or entertainment,"n. 听众, 观众, 读者\n[法] 听讼, 观众, 听众",,4,1,gk cet4 cet6 ky toefl ielts gre,1463,1074,s:audiences
august,ɒ:'gʌst. 'ɒ:gәst,n. the month following July and preceding September\ns. of or befitting a lord\ns. profoundly honored,"n. 八月\na. 威严的, 令人敬畏的",,4,1,zk gk ielts gre,1239,22206,
aunt,ɑ:nt,n. the sister of your father or mother; the wife of your uncle,"n. 阿姨, 姨妈, 舅妈, 姑妈, 伯母",,4,1,zk gk,2569,4166,s:aunts
Australia,ɒ'streiljә,"n. a nation occupying the whole of the Australian continent; Aboriginal tribes are thought to have migrated from southeastern Asia 20,000 years ago; first Europeans were British convicts sent there as a penal colony\nn. the smallest continent; between the South Pacific and the Indian Ocean","n. 澳洲, 澳大利亚",,,,zk gk ielts,1834,0,
Australian,ɒ'streiljәn,n. a native or inhabitant of Australia\nn. the Austronesian languages spoken by Australian aborigines\na. of or relating to or characteristic of Australia or its inhabitants or its languages,"n. 澳大利亚人\na. 澳大利亚的, 澳洲的, 澳洲人的",,,,zk gk ielts,3122,5172,s:australians
authentic,ɒ:'θentik,s. conforming to fact and therefore worthy of belief\ns. not counterfeit or copied,"a. 可靠的, 可信的, 真正的\n[法] 被认证的, 确认的, 可信的",,2,,gk cet6 ky toefl ielts gre,6476,5000,s:authentics
author,'ɒ:θә,v. be the author of,"n. 作家, 作家的著作, 创始人\n[法] 作者, 著作人, 本人",,4,1,gk cet4 cet6 ky ielts,1382,685,s:authors/i:authoring/p:authored/3:authors/d:authored
authority,ɒ:'θɒriti,n. the power or right to give orders or make decisions\nn. (usually plural) persons who exercise (administrative) control over others\nn. an expert whose views are taken as definitive\nn. official permission or approval,"n. 权力, 当权者, 当局, 权威, 专家\n[经] 代理权, 授权, 权威",,5,1,gk cet4 cet6 ky toefl ielts,285,832,s:authorities
automatic,.ɒ:tә'mætik,a. operating with minimal human intervention; independent of external control\ns. resembling the unthinking functioning of a machine\ns. without volition or conscious control,"n. 自动手枪, 自动机械\na. 自动的, 机械的, 必然的, 无意识的",,3,1,gk cet4 cet6 ky toefl ielts,3184,4045,s:automatics
autonomous,ɒ:'tɒnәmәs,s. (of political bodies) not controlled by outside forces\ns. existing as an independent entity\ns. (of persons) free from external control and constraint in e.g. action and judgment,a. 自治的\n[医] 自主的,,2,,gk toefl gre,5495,7499,
autumn,'ɒ:tәm,n the season when the leaves fall from the trees,"n. 秋天, 成熟期",,3,1,zk gk,2252,5010,
available,ә'veilәbl,a. obtainable or accessible and ready for use or service\ns. not busy; not otherwise committed\ns. convenient for use or disposal,"a. 可利用的, 可获得的, 有效的\n[医] 有效的, 可得的",,5,1,zk gk cet4 cet6 ky toefl ielts gre,334,622,
avenue,'ævәnju:,n. a line of approach\nn. a wide street or thoroughfare,"n. 大街, 途径, 林荫路",,2,,gk cet4 ky toefl ielts,3634,5320,s:avenues
average,'ævәridʒ,"n. a statistic describing the location of a distribution\nn. (sports) the ratio of successful performances to opportunities\nn. an intermediate scale value regarded as normal or usual\nv. amount to or come to an average, without loss or gain","n. 平均, 平均数, 一般水平, 海损\na. 平均的, 中等的, 平常的\nvt. 算出...平均数, 平均做, 均分, 使平衡\nvi. 平均为, 呈中间色",,4,1,gk cet4 ky toefl ielts,1527,1299,s:averages/i:averaging/p:averaged/d:averaged/3:averages
avoid,ә'vɒid,v. stay clear from; keep away from; keep out of the way of someone or something\nv. refrain from doing something,"vt. 避免, 防止, 撤消\n[法] 避免, 回避, 躲开",,4,1,zk gk cet4 ky toefl ielts gre,835,908,d:avoided/i:avoiding/p:avoided/3:avoids
awake,ә'weik,a. not in a state of sleep; completely conscious,"a. 醒着的\nvt. 唤醒, 唤起, 使意识到\nvi. 醒来, 被唤起, 意识到",,2,1,zk gk cet4 cet6 ky,4786,4647,p:awoke/d:awoken/3:awakes/i:awaking
award,ә'wɒ:d,"n. a grant made by a law court\nn. a tangible symbol signifying approval or distinction\nv. give, especially as an honor or reward\nv. give as judged due or on the basis of merit","n. 奖品, 裁定, 判决\nvt. 授予, 给予",,4,1,gk cet4 cet6 ky ielts,590,2573,d:awarded/s:awards/p:awarded/i:awarding/3:awards
aware,ә'wєә,a. (sometimes followed by `of') having or showing knowledge or understanding or realization or perception,"a. 知道的, 有觉悟的",,4,1,gk cet4 ky toefl ielts,921,1439,
away,ә'wei,s. not present; having left\na. used of an opponent's ground\ns. (of a baseball pitch) on the far side of home plate from the batter\nr. from a particular thing or place or position (`forth' is obsolete),adv. 离去,,5,1,zk gk,237,269,
awesome,'ɒ:sәm,s inspiring awe or admiration or wonder,"a. 引起敬畏的, 可怕的",,1,,gk,9785,6337,
awful,'ɒ:ful,s. causing fear or dread or terror,"a. 可怕的, 庄严的, 虔敬的",,3,1,gk cet4 cet6 ky ielts,2660,3276,
awkward,'ɒ:kwәd,s. causing inconvenience\na. lacking grace or skill in manner or movement or performance\ns. difficult to handle or manage especially because of shape\ns. not elegant or graceful in expression,"a. 笨拙的, 棘手的",,2,1,gk cet4 cet6 ky toefl ielts gre,4097,4992,
baby,'beibi,n. a very young child (birth to 1 year) who has not yet begun to walk or talk\nn. the youngest member of a group (not necessarily young)\nn. an unborn child; a human fetus\nn. (slang) sometimes used as a term of address for attractive young women,n. 婴孩\n[医] 婴儿,,4,1,zk gk,869,588,s:babies/i:babying/p:babied/3:babies/d:babied
bachelor,'bætʃәlә,n. a man who has never been married\nv. lead a bachelor's existence,"n. 单身汉, 学士\n[法] 学士, 单身汉",,,,gk cet4 cet6 ky toefl,8615,6130,s:bachelors
back,bæk,n. the posterior part of a human (or animal) body from the neck to the end of the spine\nn. the part of something that is furthest from the normal viewer\nn. (football) a person who plays in the backfield\nn. the part of a garment that covers the back of your body,"a. 后面的\nvt. 使后退, 支持\nvi. 倒退, 背靠\nadv. 向后地\nn. 背部, 后面",,5,1,zk gk ielts,105,108,d:backed/s:backs/p:backed/i:backing/3:backs
backache,'bækeik,n. an ache localized in the back,n. 背痛,,,,gk,22814,29373,
background,'bækgraund,n. a person's social heritage: previous experience or training\nn. the part of a scene (or picture) that lies behind objects in the foreground\nn. information that is essential to understanding a situation or problem\nn. extraneous signals that can be confused with the phenomenon to be observed or measured,"n. 背景, 背景资料\n[计] 背景, 后台",,3,1,zk gk cet4 ky toefl ielts,1369,1402,s:backgrounds
backward,'bækwәd,a. directed or facing toward the back or rear\na. (used of temperament or behavior) marked by a retiring nature\ns. retarded in intellectual development\ns. having made less than normal progress,"adv. 向后地, 相反地\na. 向后的, 相反的\n[计] 倒推",,2,1,gk cet4 ky toefl ielts,8489,5204,
bacon,'beikәn,n. back and sides of a hog salted and dried or smoked; usually sliced thin and fried\nn. English scientist and Franciscan monk who stressed the importance of experimentation; first showed that air is required for combustion and first used lenses to correct vision (1220-1292)\nn. English statesman and philosopher; precursor of British empiricism; advocated inductive reasoning (1561-1626),n. 熏猪肉\n[机] 腌肉,,2,,gk cet6 ky ielts,6093,6412,s:bacons
bacterium,bæk'tiәriәm,n (microbiology) single-celled or noncellular spherical or spiral or rod-shaped organisms lacking chlorophyll that reproduce by fission; important as pathogens and for biochemical properties; taxonomy is difficult; often considered to be plants,n. 细菌\n[医] [无芽胞]杆菌属,,,,gk cet6 ky ielts gre,4650,0,s:bacteria
bad,bæd,n. that which is below standard or expectations as of ethics or decency\na. having undesirable or negative qualities\ns. very intense\ns. feeling physical discomfort or pain (`tough' is occasionally used colloquially for `bad'),a. 坏的\nn. 坏\nadv. 坏地,,5,1,zk gk,349,282,r:worse/t:worst
badly,'bædli,r. to a severe or serious degree\nr. evilly or wickedly\nr. in a disobedient or naughty way\nr. with great intensity (`bad' is a nonstandard variant for `badly'),"adv. 严重地, 恶劣地, 极度地",,3,1,gk cet4 ky,2078,3111,
badminton,'bædmintәn,n. a game played on a court with light long-handled rackets used to volley a shuttlecock over a net,n. 羽毛球运动,,1,,gk cet4 cet6 ky ielts,15739,20115,
bag,bæg,n. a flexible container with a single opening\nn. the quantity of game taken in a particular period (usually by one person)\nn. a container used for carrying money and small personal items or accessories (especially by women)\nn. the quantity that a bag will hold,"n. 袋子, 袋状物\nvt. 使膨大, 装袋, 猎获",,4,1,zk gk,1292,1008,s:bags/p:bagged/d:bagged/i:bagging/3:bags
baggage,'bægidʒ,n. cases used to carry belongings when traveling\nn. a worthless or immoral woman\nn. the portable equipment and supplies of an army,n. 行李\n[经] 行李,,1,1,gk cet4 ky toefl ielts,8801,7286,s:baggages
bake,beik,"v. cook and make edible by putting in a hot oven\nv. prepare with dry heat in an oven\nv. be very hot, due to hot weather or exposure to the sun","vt. 烘焙, 烤\nvi. 烤面包\nn. 烘焙, 烤",,3,1,gk cet4 ky ielts,6122,2810,i:baking/d:baked/p:baked/3:bakes
bakery,'beikәri,n. a workplace where baked goods (breads and cakes and pastries) are produced or sold,n. 面包店,,1,,gk,11664,8076,s:bakeries
balance,'bælәns,n. a state of equilibrium\nn. equality between the totals of the credit and debit sides of an account\nn. equality of distribution\nn. the difference between the totals of the credit and debit sides of an account,"n. 平衡, 差额\nvi. 平衡, 相等\nvt. 称, 权衡, 比较, 使平衡, 结算, 抵消",,4,1,gk cet4 ky toefl ielts,1176,1631,d:balanced/i:balancing/s:balances/3:balances/p:balanced
balcony,'bælkәni,n. an upper floor projecting from the rear over the main floor in an auditorium\nn. a platform projecting from the wall of a building and surrounded by a balustrade or railing or parapet,"n. 阳台, 戏院楼厅",,2,,gk cet4 cet6 ky toefl ielts,5402,5799,s:balconies/p:balconied
ball,bɒ:l,n. round object that is hit or thrown or kicked in games\nn. an object with a spherical shape\nn. the people assembled at a lavish formal dance\nn. a spherical object used as a plaything,"n. 球, 舞会, 球状物\nv. 捏成球形",,4,1,zk gk,1121,912,s:balls/p:balled/i:balling/3:balls/d:balled
ballet,'bælei,n. a theatrical representation of a story that is performed to music by trained dancers\nn. music written for a ballet,n. 芭蕾舞,,2,,gk cet6 ky toefl ielts,4421,6552,s:ballets
balloon,bә'lu:n,n. large tough nonrigid bag filled with gas or heated air\nn. small thin inflatable rubber bag with narrow neck\nv. ride in a hot-air balloon\nv. become inflated,"n. 气球\nvt. 使成气球状\nvi. 膨胀如气球, 激增",,2,,zk gk cet4 ky toefl ielts gre,5623,4774,s:balloons/p:ballooned/i:ballooning/d:ballooned/3:balloons
ballpoint,,n. a pen that has a small metal ball as the point of transfer of ink to paper,n. 圆珠笔,,,,gk,26210,24069,s:ballpoints
bamboo,bæm'bu:,n. the hard woody stems of bamboo plants; used in construction and crafts and fishing poles\nn. woody tropical grass having hollow woody stems; mature canes used for construction and furniture,n. 竹子\n[医] 竹类,,1,,zk gk cet6 ielts,12165,8248,s:bamboos
ban,bæn,n. 100 bani equal 1 leu in Moldova\nn. 100 bani equal 1 leu in Romania\nn. an official prohibition or edict against something\nv. forbid the public distribution of ( a movie or a newspaper),"n. 禁令\nvt. 禁止, 取缔",,4,1,gk cet4 cet6 ky toefl ielts gre,2824,3273,d:banned/i:banning/p:banned/s:bans/3:bans
banana,bә'nɑ:nә,n. any of several tropical and subtropical treelike herbs of the genus Musa having a terminal crown of large entire leaves and usually bearing hanging clusters of elongated fruits\nn. elongated crescent-shaped yellow fruit with soft sweet flesh,n. 香蕉,,2,,zk gk,5663,4677,s:bananas
band,bænd,n. instrumentalists not including string players\nn. a stripe or stripes of contrasting color\nn. an adornment consisting of a strip of a contrasting color or material\nn. a range of frequencies between two limits,"n. 带子, 队, 乐队\nv. 联合, 结合\n[计] 频带; 波段; 区",,4,1,gk cet4 ky toefl ielts gre,1145,1277,s:bands/3:bands/d:banded/i:banding/p:banded
bandage,'bændidʒ,n. a piece of soft material that covers and protects an injured part of the body\nv. dress by covering or binding,n. 绷带\n[化] 帘布筒; 实心轮胎; 紧带; 绷带,,1,1,gk cet6 ky ielts gre,10433,9428,s:bandages/d:bandaged/p:bandaged/i:bandaging/3:bandages
bang,bæŋ,n. a sudden very loud noise\nn. a border of hair that is cut short and hangs across the forehead\nn. the swift release of a store of affective force\nv. to produce a sharp often metallic explosive or percussive sound,"n. 重击, 突然巨响, 刘海\nv. 发巨响, 重击\nadv. 砰然地, 突然巨响地, 直接地\n[计] 撞击符",,2,,gk cet4 cet6 ky toefl ielts,4572,5069,i:banging/p:banged/s:bangs/d:banged/3:bangs
bank,bæŋk,n. sloping land (especially the slope beside a body of water)\nn. a long ridge or pile\nn. an arrangement of similar objects in a row or in tiers\nn. a supply or stock held in reserve for future use (especially in emergencies),"n. 银行, 堤, 岸\n[医] 库",,1,1,zk gk ielts,406,663,s:banks/i:banking/d:banked/p:banked/3:banks
bar,bɑ:,n. a counter where you can obtain food or drink\nn. a rigid piece of metal or wood; usually used as a fastening or obstruction or weapon\nn. an obstruction (usually metal) placed at the top of a goal\nn. (meteorology) a unit of pressure equal to a million dynes per square centimeter,"n. 条, 棒, 酒吧, 栅, 障碍物\nvt. 禁止, 阻挡, 妨碍\n[计] 棒形图",,4,1,gk cet4 ky toefl ielts gre,993,991,s:bars/d:barred/p:barred/i:barring/3:bars
barbecue,'bɑ:bikju:,n. meat that has been barbecued or grilled in a highly seasoned sauce\nn. a cookout in which food is cooked over an open fire; especially a whole animal carcass roasted on a spit\nn. a rack to hold meat for cooking over hot charcoal usually out of doors,"n. 烤肉\nvt. 烤肉, 烧烤",,1,,gk ky toefl ielts gre,10040,6778,s:barbecues/3:barbecues/d:barbecued/i:barbecuing/p:barbecued
barber,'bɑ:bә,n. United States composer (1910-1981)\nn. a hairdresser who cuts hair and shaves beards as a trade\nv. perform the services of a barber: cut the hair and/or beard of,n. 理发师,,1,,gk cet4 ky toefl ielts,12564,9131,s:barbers/d:barbered/i:barbering/p:barbered/3:barbers
barbershop,,n. a shop where men can get their hair cut,n. 理发店,,,,gk,0,16205,
bare,bєә,v. lay bare\ns. completely unclothed\ns. lacking in amplitude or quantity\na. lacking its natural or customary covering,"a. 赤裸的, 缺少的, 无遮蔽的, 坦率的\nvt. 使赤裸, 露出",,3,,gk cet4 ky toefl ielts gre,3196,3430,p:bared/t:barest/i:baring/d:bared/3:bares/r:barer
bargain,'bɑ:gin,n. an agreement between parties (usually arrived at after discussion) fixing obligations of each\nn. an advantageous purchase\nv. come to terms; arrive at an agreement,"n. 交易, 买卖协定, 特价商品\nv. 讲价, 交易",,3,1,gk cet4 cet6 ky ielts gre,4926,4962,s:bargains/i:bargaining/d:bargained/p:bargained/3:bargains
bark,bɑ:k,n. tough protective covering of the woody stems and roots of trees and other woody plants\nn. a noise resembling the bark of a dog\nn. a sailing ship with 3 (or more) masts\nn. the sound made by a dog,"n. 树皮, 吠声\nvi. 吠, 叫骂\nvt. 喊出, 剥树皮",,2,,gk cet4 cet6 ky toefl ielts gre,6605,5831,p:barked/i:barking/s:barks/d:barked/3:barks
barrier,'bæriә,n. a structure or object that impedes free movement\nn. any condition that makes it difficult to make progress or to achieve an objective\nn. anything serving to maintain separation by obstructing vision or access,"n. 障碍, 栅栏\n[化] 势垒; 阻片; 阻挡层",,3,1,gk cet4 cet6 ky toefl ielts gre,2629,2609,s:barriers
base,beis,n. installation from which a military force initiates operations\nn. a place that the runner must touch before scoring\nn. the bottom or lowest part\nn. (anatomy) the part of an organ nearest its point of attachment,"n. 底部, 垒, 基础, 基地\nvt. 以...作基础\na. 卑鄙的, 低劣的\n[计] 基准",,5,1,gk cet4 ky gre,514,536,d:based/p:based/i:basing/3:bases/r:baser
baseball,'beisbɒ:l,n. a ball game played with a bat and ball between two teams of nine players; teams take turns at bat trying to score runs\nn. a ball used in playing baseball,n. 棒球\n[计] 棒球系统,,3,,zk gk cet4 cet6 ky ielts,10008,1373,
basement,'beismәnt,n. the lowermost portion of a structure partly or wholly below ground level; often used for storage\nn. the ground floor facade or interior in Renaissance architecture,"n. 地下室, 墙脚\n[化] 地下室",,2,,gk cet6 ky toefl ielts,5987,3598,s:basements
basic,'beisik,n. a popular programming language that is relatively easy to learn; an acronym for beginner's all-purpose symbolic instruction code; no longer in general use\nn. (usually plural) a necessary commodity for which demand is constant\na. pertaining to or constituting a base or basis\ns. reduced to the simplest and most significant form possible without loss of generality,"n. 基本原理, 要素, 基本规律\na. 基本的, 碱性的\n(计算机)BASIC语言",,4,1,zk gk cet4 ky toefl ielts,911,1144,s:basics
basin,'beisn,n. a bowl-shaped vessel; usually used for holding food or liquids\nn. the quantity that a basin will hold\nn. a natural depression in the surface of the land often with a lake at the bottom of it,"n. 盆, 盆地\n[医] 第三脑室, 骨盆",,2,,gk cet4 cet6 ky toefl,4357,6174,s:basins/3:basins
basis,'beisis,n. the fundamental assumptions from which something is begun or developed or calculated or explained\nn. the most important or necessary part of something,"n. 基础, 主要成分\n[化] 基底",,4,1,gk cet4 ky ielts,694,1307,
basket,'bɑ:skit,n. a container that is usually woven and has handles\nn. the quantity contained in a basket\nn. horizontal circular metal hoop supporting a net through which players try to throw the basketball\nn. a score in basketball made by throwing the ball through the hoop,"n. 篮, 篮子\nvt. 装入篮",,2,,zk gk,3828,3255,s:baskets
basketball,'bɑ:skitbɒ:l,n. a game played on a court by two opposing teams of 5 players; points are scored by throwing the ball through an elevated horizontal hoop\nn. an inflated ball used in playing basketball,n. 篮球,,2,,zk gk,16051,1799,s:basketballs
bat,bæt,"n. nocturnal mouselike mammal with forelimbs modified to form membranous wings and anatomical adaptations for echolocation by which they navigate\nn. (baseball) a turn trying to get a hit\nn. a club used for hitting a ball in various games\nv. strike with, or as if with a baseball bat","n. 蝙蝠, 球棒\nv. 用球棒打, 眨眼\n[计] 成批",,3,,gk cet4 ky,4758,3692,s:bats/p:batted/i:batting/3:bats/d:batted
bath,bæθ.bɑ:θ,n. a vessel containing liquid in which something is immersed (as to process it or to maintain it at a constant temperature or to lubricate it)\nn. you soak and wash your body in a bathtub\nn. an ancient Hebrew liquid measure equal to about 10 gallons\nn. a town in southwestern England on the River Avon; famous for its hot springs and Roman remains,"n. 沐浴, 浴室\n[医] 浴",,3,1,gk cet4 ky ielts,2551,3890,s:baths/3:baths/i:/p:bathed/d:bathed
bathe,beið,n. the act of swimming\nv. cleanse the entire body\nv. suffuse with or as if with light\nv. clean one's body by immersion into water,"vt. 沐浴, 用水洗\nvi. 洗澡",,2,,gk cet4 ky ielts,8777,7550,d:bathed/p:bathed/3:bathes/i:bathing
bathrobe,'bɑ:θrәub,n. a loose-fitting robe of towelling; worn after a bath or swim,n. 浴衣,,,,gk,33266,13547,s:bathrobes
bathroom,'bɑ:θru:m,n. a room (as in a residence) containing a bathtub or shower and usually a washbasin and toilet,"n. 浴室, 厕所",,3,1,zk gk cet4 ky ielts,2821,2404,s:bathrooms
bathtub,'bɑ:θtʌb,n. a relatively large open container that you fill with water and use to wash the body,n. 浴缸,,,,gk,34329,9766,s:bathtubs
battery,'bætәri,n. group of guns or missile launchers operated together at one place\nn. a device that produces electricity; may have several primary or secondary cells arranged in parallel or series\nn. a collection of related things intended for use together\nn. a unit composed of the pitcher and catcher,"n. 电池, 殴打\n[化] 蓄电池",,2,1,gk cet4 cet6 ky toefl ielts,3400,3193,s:batteries
battle,'bætl,n. a hostile meeting of opposing military forces in the course of a war\nv. battle or contend against in or as if in a battle,n. 战役\nv. 战斗,,4,1,gk cet4 cet6 ky toefl,1330,1199,s:battles/i:battling/p:battled/d:battled/3:battles
battleground,'bætlgraund,n a region where a battle is being (or has been) fought,"n. 战场, 战地",,1,,gk,18831,12109,s:battlegrounds
bay,bei,n. an indentation of a shoreline larger than a cove but smaller than a gulf\nn. the sound of a hound on the scent\nn. a compartment on a ship between decks; often used as a hospital\nn. a compartment in an aircraft used for some specific purpose,"n. 海湾, 狗吠声, 月桂\nvt. 吠, 使走投无路\nvi. 吠",,3,1,gk cet4 cet6 ky toefl ielts,2330,23460,s:bays/i:baying/p:bayed/3:bays/d:bayed
be,bi:,"v. have the quality of being; (copula, used with an adjective or a predicate noun)\nv. be identical to; be someone or something\nv. occupy a certain position or area; be somewhere\nv. happen, occur, take place; this was during the visit to my parents' house""","v. 是, 表示, 在\n[计] 后端, 总线允许",,5,1,zk gk,2,2,p:was/3:is/d:been/i:being
beach,bi:tʃ,n. an area of sand sloping down to the water of a sea or lake\nv. land on a beach,n. 海滩,,3,1,zk gk cet4 ky ielts,1900,1937,s:beaches/p:beached/d:beached/i:beaching/3:beaches
beam,bi:m,"n. long thick piece of wood or metal or concrete, etc., used in construction\nn. a group of nearly parallel lines of electromagnetic radiation\nn. a column of light (as from a beacon)\nn. (nautical) breadth amidships","n. 横梁, 杆, 光线, 容光焕发\nvi. 用梁支承, 微笑, 射出光线\nvt. 照耀, 感到欣喜\n[计] 束",,2,,gk cet4 cet6 ky toefl ielts gre,3945,3741,s:beams/p:beamed/i:beaming/d:beamed/3:beams
bean,bi:n,"n. any of various edible seeds of plants of the family Leguminosae used for food\nn. any of various seeds or fruits that are beans or resemble beans\nn. any of various leguminous plants grown for their edible seeds and pods\nv. hit on the head, especially with a pitched baseball",n. 豆子\n[化] 油嘴; 豆,,3,,gk cet4 cet6 ky toefl,3782,2352,s:beans
beancurd,'bi:nkə:d,,n. 豆腐,,,,gk,0,0,
bear,bєә,n. massive plantigrade carnivorous or omnivorous mammals with long shaggy coats and strong claws\nn. an investor with a pessimistic market outlook; an investor who expects prices to fall and so sells now in order to buy later at a lower price\nv. have\nv. move while holding up or supporting,"n. 熊\nvt. 忍受, 支承, 产生, 怀有, 通过卖空使跌价\nvi. 忍受, 结果实, 压挤, 行进, 转向",,1,1,gk toefl ielts,1065,1619,d:born/i:bearing/p:bore/3:bears/s:bears
beard,biәd,n. the hair growing on the lower part of a man's face\nn. a tuft or growth of hairs or bristles on certain plants such as iris or grasses\nn. a person who diverts suspicion from someone (especially a woman who accompanies a male homosexual in order to conceal his homosexuality)\nn. hairy growth on or near the face of certain mammals,"n. 胡须\nvt. 抓住胡须, 公开反对",,2,1,gk cet4 ky toefl ielts,5605,4690,s:beards/i:bearding/p:bearded/3:beards/d:bearded
beast,bi:st,n. a cruelly rapacious person,"n. 畜生, 动物, 野兽, 兽性",,2,,gk cet4 ky toefl,4515,4428,s:beasts
beat,bi:t,n. a regular route for a sentry or policeman\nn. a single pulsation of an oscillation produced by adding two waves of different frequencies; has a frequency equal to the difference between the two oscillations\nn. the sound of stroke or blow\nn. a regular rate of repetition,"n. 心跳(声), 打, 敲打声, 拍子\nv. 打, 拍打, 打败\na. 疲乏的, 颓废的\nbeat的过去式\n[计] 拍; 节拍",,5,1,zk gk toefl ielts gre,1207,1036,p:beat/0:beat/1:pd/d:beaten/i:beating/3:beats/s:beats
beautiful,'bju:tiful,a. delighting the senses or exciting intellectual or emotional admiration\ns. (of weather) highly enjoyable,a. 美丽的,,4,1,zk gk ielts,1161,992,
beauty,'bju:ti,n. the qualities that give pleasure to the senses\nn. an outstanding example of its kind,"n. 美, 美人",,3,1,gk cet4 ky ielts,2046,1724,s:beauties
because,bi'kɒ:z,conj. By or for the cause that; on this account that; for the\n   reason that.\nconj. In order that; that.,conj. 因为,,5,1,zk gk,101,89,
become,bi'kʌm,v. enter or assume a certain state or condition\nv. undergo a change or development\nv. come into existence\nv. enhance the appearance of,"vi. 变成, 变得\nvt. 适合",,5,1,zk gk ielts,122,139,p:became/d:become/0:become/1:d/3:becomes/i:becoming
bed,bed,n. a piece of furniture that provides a place to sleep\nn. a plot of ground in which plants are growing\nn. a depression forming the ground under a body of water\nn. (geology) a stratum of rock (especially sedimentary rock),"n. 床, 睡眠处, 河床, 底座, 路基, 一层\nvt. 提供宿处, 栽种, 安装\nvi. 睡, 形成坚实的一层",,4,1,zk gk,563,683,s:beds/d:bedded/i:bedding/p:bedded/3:beds
bedclothes,'bedklәuðz,n. coverings that are used on a bed,"n. 铺盖, 床上用品\n[医] 铺盖, 被褥",,,,gk,0,0,0:bedclothe/1:s
beddings,'bedɪŋ,n coverings that are used on a bed\nn material used to provide a bed for animals,n. 寝具；（建筑）[建] 基床；（家畜）草垫\na. 适于花坛种植的\nvt. 把…栽入苗床（bed的ing形式）\nvi. 睡（bed的ing形式）,,,,gk,0,0,
bedroom,'bedrum,n. a room used primarily for sleeping,n. 卧室,,3,1,zk gk ielts,1570,1869,s:bedrooms
bee,bi:,n. any of numerous hairy-bodied insects including social and solitary species\nn. a social gathering to carry out some communal task or to hold competitions,"n. 蜜蜂, 聚会",,2,,zk gk cet4 ky,4770,4247,s:bees
beef,bi:f,n. cattle that are reared for their meat\nn. meat from an adult domestic bovine,"n. 牛肉, 肌肉\nvt. 养(牛), 宰(牛)\nvi. 抱怨, 告发",,2,1,zk gk,4295,3505,d:beefed/i:beefing/p:beefed/s:beefs/3:beefs
beehive,'bi:haiv,n. any workplace where people are very busy\nn. a structure that provides a natural habitation for bees; as in a hollow tree\nn. a hairdo resembling a beehive,"n. 蜂窝, 蜂箱\n[机] 集气架, 蜂巢",,,,gk,19831,17858,s:beehives
beer,biә,n. a general name for alcoholic beverages made by fermenting a cereal (or mixture of cereals) flavored with hops,n. 啤酒\n[化] 啤酒,,3,1,gk,2300,1902,s:beers
before,bi'fɒ:,r earlier in time; previously\nr at or in the front,prep. 在...之前\nconj. 在...之前\nadv. 在前,,5,1,zk gk,198,219,
beg,beg,"v. call upon in supplication; entreat\nv. ask to obtain free\nv. dodge, avoid answering, or take for granted","v. 乞求, 乞讨, 请求",,2,,gk cet4 ky toefl,3537,3452,i:begging/p:begged/3:begs/d:begged
begin,bi'gin,"n. Israeli statesman (born in Russia) who (as prime minister of Israel) negotiated a peace treaty with Anwar Sadat (then the president of Egypt) (1913-1992)\nv. have a beginning, in a temporal, spatial, or evaluative sense\nv. set in motion, cause to start\nv. begin to speak or say",v. 开始\n[计] 开始,,5,1,zk gk,193,164,p:began/i:beginning/d:begun/3:begins
beginning,bi'giniŋ,"n. the event consisting of the start of something\nn. the time at which something is supposed to begin\nn. the first part or section of something\nn. the place where something begins, where it springs into being",n. 开始,,3,1,gk cet4 cet6 ky ielts,1242,1200,0:begin/1:i/s:beginnings/i:beginning
behalf,bi'hɑ:f,"n. as the agent of or on someone's part (usually expressed as ""on behalf of"" rather than ""in behalf of""); \nn. for someone's benefit (usually expressed as `in behalf' rather than `on behalf' and usually with a possessive)","n. 利益, 方面",,3,1,gk cet4 cet6 ky toefl ielts,4681,4434,
behave,bi'heiv,v. behave in a certain manner\nv. behave well or properly,"vi. 举止端正, 行为规矩\nvt. 检点(自己的)行为, 使表现好",,3,1,gk cet4 cet6 ky toefl ielts,2463,3660,i:behaving/p:behaved/d:behaved/3:behaves
behaviour,bi'heivjә,n the action or reaction of something (as a machine or substance) under specified circumstances\nn (behavioral attributes) the way a person behaves toward other people\nn (psychology) the aggregate of the responses or reactions or movements made by an organism in any situation\nn manner of acting or controlling yourself,"n. 行为, 举止\n[计] 特性, 性能, 特点, 行为, 动作, 状态",,4,1,zk gk toefl,787,10352,s:behaviours
behind,bi'haind,s. having the lower score or lagging position in a contest\nr. in or to or toward the rear\nr. remaining in a place or condition that has been left or departed from\nr. of timepieces,adv. 在后地\nprep. 在...背后,,5,1,zk gk,489,421,
being,'bi:iŋ,n. the state or fact of existing,"n. 存在, 性质, 生命, 人, 生物, be的现在分词",,3,,gk cet4 ky,1956,1676,1:i/0:be/s:beings
Belgium,'beldʒәm,n. a monarchy in northwestern Europe; headquarters for the European Union and for the North Atlantic Treaty Organization,n. 比利时,,,,gk,4510,0,
belief,bi'li:f,n. any cognitive content held as true,"n. 信念, 相信, 信仰",,3,1,gk cet4 ky toefl,1291,1378,s:beliefs
believe,bi'li:v,v. accept as true; take to be true\nv. be confident about something\nv. follow a credo; have a faith; be a believer\nv. credit with veracity,v. 相信,,5,1,zk gk,252,212,p:believed/3:believes/d:believed/i:believing
bell,bel,"n. a hollow device made of metal that makes a ringing sound when struck\nn. the sound of a bell being struck\nn. (nautical) each of the eight half-hour units of nautical time signaled by strokes of a ship's bell; eight bells signals 4:00, 8:00, or 12:00 o'clock, either a.m. or p.m.\nn. the shape of a bell","n. 铃, 钟\n[计] 响铃命令",,3,1,zk gk,2829,2646,s:bells/p:belled/i:belling/3:bells/d:belled
belly,'beli,n. a protruding abdomen\nn. a part that bulges deeply\nn. the hollow inside of something\nn. the underpart of the body of certain vertebrates such as snakes or fish,"n. 腹部, 食欲\nvt. 使鼓起\nvi. 鼓起, 匍匐前进",,2,,gk ky ielts,5691,3805,s:bellies/p:bellied/i:bellying/d:bellied/3:bellies
belong,bi'lɒŋ,v. be owned by; be in the possession of\nv. be suitable or acceptable\nv. be in the right place or situation\nv. be rightly classified in a class or category,"vi. 属于, 合适",,3,1,gk cet4 ky toefl,1475,1639,i:belonging/p:belonged/3:belongs/d:belonged
below,bi'lәu,r. in or to a place that is lower\nr. at a later place\nr. (in writing) see below,prep. 在下面\nadv. 在下面,,4,1,zk gk toefl,1136,1450,
belt,belt,n. endless loop of flexible material between two rotating shafts or pulleys\nn. a band to tie or buckle around the body (usually at the waist)\nn. an elongated region where a specific condition or characteristic is found\nn. ammunition (usually of small caliber) loaded in flexible linked strips for use in a machine gun,"n. 带子, 地带\n[医] 带, 腰带, 束带, 地带, 区",,3,1,gk cet4 ky toefl,2870,2430,s:belts/p:belted/i:belting/d:belted/3:belts
bench,bentʃ,n. a long seat for more than one person\nn. the magistrate or judge or judges sitting in court in judicial capacity to compose the court collectively\nn. the reserve players on a team\nn. (law) the seat for judges in a courtroom,n. 长椅子\n[机] 台,,2,,gk cet4 cet6 ky gre,2942,2782,s:benches/p:benched/i:benching/3:benches/d:benched
bend,bend,n. a circular segment of a curve\nn. curved segment (of a road or river or railroad track etc.)\nn. a town in central Oregon at the eastern foot of the Cascade Range\nn. diagonal line traversing a shield from the upper right corner to the lower left,"vi. 变弯曲, 屈服\nvt. 使弯曲, 使屈服\nn. 弯曲",,3,1,gk cet4 cet6 ky toefl ielts gre,2445,2194,p:bent/i:bending/d:bent/s:bends/3:bends
beneath,bi'ni:θ,r in or to a place that is lower,prep. 在...下方\nadv. 在...下方,,3,1,gk cet4 ky toefl,1890,1977,
beneficial,.beni'fiʃәl,s. promoting or enhancing well-being,"a. 有益的, 受益的\n[经] 有使用权的, 可享利益的",,2,,gk cet4 ky toefl ielts,4578,4991,
benefit,'benifit,n. financial assistance in time of need\nn. something that aids or promotes well-being\nn. a performance to raise money for a charitable cause\nv. be beneficial for,n. 利益\nvt. 有益于\nvi. 受益,,4,1,gk cet4 cet6 ky toefl ielts,656,812,s:benefits/d:benefited/3:benefits/p:benefited/i:benefiting
bent,bent,n. a relatively permanent inclination to react in a particular way\nn. grass for pastures and lawns especially bowling and putting greens\nn. an area of grassland unbounded by fences or hedges\nn. a special way of doing something,"a. 弯曲的, 决心的\nn. 爱好\nbend的过去式和过去分词",,2,1,gk toefl ielts gre,14388,12145,0:bend/1:pd/d:bent/p:bent/s:bents
beside,bi'said,"n. At the side of; on one side of.\nn. Aside from; out of the regular course or order of; in a\n   state of deviation from; out of.\nn. Over and above; distinct from; in addition to.\nadv. On one side.\nadv. More than that; over and above; not included in the\n   number, or in what has been mentioned; moreover; in addition.",prep. 在旁边,,3,1,zk gk,1623,1981,
besides,bi'saidz,"r. making an additional point; anyway; besides, we can't afford it""\nr. in addition","prep. 除...之外\nadv. 而且, 此外",,3,,zk gk cet4 ky toefl,3848,3012,
betray,bi'trei,v. reveal unintentionally\nv. deliver to an enemy by treachery,"vt. 出卖, 背叛, 辜负, 暴露\n[法] 出卖, 背叛, 泄漏",,2,,gk cet4 cet6 ky toefl ielts gre,6030,4974,d:betrayed/p:betrayed/i:betraying/3:betrays
better,'betә,n. something superior in quality or condition or effect\nn. a superior person having claim to precedence\nn. the superior one of two alternatives\nv. surpass in excellence,a. 较好的\nadv. 比较好,,5,1,gk ielts,704,452,0:good/1:r/d:bettered/s:betters/i:bettering/p:bettered/3:betters
between,bi'twi:n,r. in the interval\nr. in between,prep. 在...之间,,5,1,zk gk,97,140,
beyond,bi'jɒnd,r. farther along in space or time or degree\nr. on the farther side from the observer\nr. in addition,"prep. 超过, 在那一边, 迟于\nadv. 在远处\nn. 更远处",,4,1,zk gk cet4 ky,944,746,
bicycle,'baisikl,n. a wheeled vehicle that has two wheels and is moved by foot pedals\nv. ride a bicycle,n. 自行车,,2,1,zk gk cet4 ky ielts,5312,4366,s:bicycles/p:bicycled/i:bicycling/d:bicycled/3:bicycles
bid,bid,n. an attempt to get something\nn. a formal proposal to buy at a specified price\nn. (bridge) the number of tricks a bridge player is willing to contract to make\nv. ask for or request earnestly,"n. 出价\nv. 命令, 吩咐, 请求, 表示, 宣布, 投标",,4,1,gk cet6 ky ielts gre,2359,4069,s:bids/d:bid/0:bid/1:dp/i:bidding/p:bade/3:bids
big,big,s. significant\ns. loud and firm\ns. conspicuous in position or importance\ns. prodigious,"a. 大的, 重要的\nadv. 大量地",,5,1,zk gk,260,162,t:biggest/r:bigger
bill,bil,n. a statute in draft before it becomes law\nn. an itemized statement of money owed for goods shipped or services rendered\nn. a piece of paper money (especially one issued by a central bank)\nn. the entertainment offered at a public presentation,"n. 帐单, 清单, 钞票, 鸟嘴, 广告, 法案, 票据\nvt. 开帐单, (用招贴)宣布",,4,1,zk gk cet4 ky toefl ielts,837,8026,s:bills/d:billed/i:billing/p:billed/3:bills
billion,'biljәn,n. the number that is represented as a one followed by 12 zeros; in the United Kingdom the usage followed in the United States is frequently seen\nn. the number that is represented as a one followed by 9 zeros\ns. denoting a quantity consisting of one thousand million items or units in the United States\ns. denoting a quantity consisting of one million million items or units in Great Britain,"num. 十亿, 十亿个",,5,,gk cet4 cet6 ky toefl,1829,612,
bingo,'biŋgәu,n a game in which numbered balls are drawn at random and players cover the corresponding numbers on their cards,"n. 宾戈(一种赌博游戏), 烈酒",,1,,gk,12087,15245,
biochemistry,.baiәu'kemistri,n. the organic chemistry of compounds and processes occurring in organisms; the effort to understand biology within the context of chemistry,n. 生物化学\n[化] 生物化学; 生化,,1,,gk toefl,16248,17884,s:biochemistries
biography,bai'ɒgrәfi,n. an account of the series of events making up a person's life,n. 传记,,2,,gk ky toefl ielts,5647,4875,s:biographies
biology,bai'ɒlәdʒi,n. the science that studies living organisms\nn. characteristic life processes and phenomena of living organisms,n. 生物学\n[化] 生物; 生物学,,2,1,gk cet4 ky ielts,5388,4226,
bird,bә:d,n. warm-blooded egg-laying vertebrates characterized by feathers and forelimbs modified as wings\nn. the flesh of a bird or fowl (wild or domestic) used as food\nv. watch and study birds in their natural habitat,"n. 鸟, 羽毛球\nvi. 打鸟",,4,1,zk gk,1072,1122,s:birds/i:birding/p:birded/3:birds/d:birded
birdcage,'bә:dkeidʒ,n. a cage in which a bird can be kept,n. 鸟笼,,,,gk,44688,32730,s:birdcages
birth,bә:θ,n. the time when something begins (especially life)\nn. the event of being born\nn. a baby born; an offspring,"n. 出生, 起源\n[医] 生产, 分娩",,3,1,zk gk cet4 ky ielts,1590,1499,s:births/i:birthing/p:birthed/3:births/d:birthed
birthday,'bә:θdei,n. an anniversary of the day on which a person was born (or the celebration of it)\nn. the date on which a person was born,n. 生日,,3,1,zk gk,2488,2433,s:birthdays
birthplace,'bә:θpleis,n. the place where someone was born\nn. where something originated or was nurtured in its early existence,n. 诞生地,,1,,gk,11609,11526,s:birthplaces
biscuit,'biskit,n. small round bread leavened with baking-powder or soda,n. 饼干\n[化] 素坯; 饼干,,2,1,zk gk cet4 ky,4203,8068,s:biscuits
bishop,'biʃәp,n. a senior member of the Christian clergy having spiritual and administrative authority; appointed in Christian churches to oversee priests or ministers; considered in some churches to be successors of the twelve Apostles of Christ\nn. port wine mulled with oranges and cloves\nn. (chess) a piece that can be moved diagonally over unoccupied squares of the same color,"n. 主教, (国际象棋中的)象, 热果子酒",,,,gk cet6,2221,3437,s:bishops
bit,bit,n. a small fragment of something broken off from the whole\nn. piece of metal held in horse's mouth by reins and used to control the horse while riding\nn. a unit of measurement of information (from binary + digit); the amount of information in a system having two equiprobable states\nn. the part of a key that enters a lock and lifts the tumblers,"n. 少量, 马嚼子, 辅币\nvt. 给马上嚼子, 控制\nbite的过去式和过去分词\n[计] 比特, 二进制数位, 机内测试",,5,1,zk gk gre,585,952,s:bits/0:bite/1:pd
bite,bait,n. a wound resulting from biting by an animal or a person\nn. a light informal meal\nn. (angling) an instance of a fish taking the bait\nn. the act of gripping or chewing off with the teeth and jaws,"n. 咬, 一口\nv. 咬, 刺痛, 穿透",,5,1,gk cet4 ky toefl ielts,3294,3153,p:bit/i:biting/s:bites/3:bites/d:bit
bitter,'bitә,n. English term for a dry sharp-tasting ale with strong flavor of hops (usually on draft)\nn. the taste experience when quinine or coffee is taken into the mouth\nv. make bitter\ns. very difficult to accept or bear,"a. 苦的, 痛苦的, 怀恨的\nadv. 刺骨\nv. (使)变苦",,3,1,zk gk cet4 ky toefl ielts,3095,3580,s:bitters/i:bittering/p:bittered/3:bitters/d:bittered
black,blæk,n. the quality or state of the achromatic color of least lightness (bearing the least resemblance to white)\nn. British chemist who identified carbon dioxide and who formulated the concepts of specific heat and latent heat (1728-1799)\nn. popular child actress of the 1930's (born in 1928)\nn. a person with dark skin who comes from Africa (or whose ancestors came from Africa),"n. 黑色, 黑颜料\na. 黑色的",,5,1,zk gk ielts,426,253,s:blacks/p:blacked/r:blacker/t:blackest/d:blacked/i:blacking/3:blacks
blackboard,'blækbɒ:d,n. sheet of slate; for writing with chalk,n. 黑板,,1,,zk gk,11944,13322,s:blackboards
blame,bleim,n. a reproach for some lapse or misdeed\nv. put or pin the blame on\nv. harass with constant criticism\nv. attribute responsibility to,"n. 过失, 责备\nvt. 责备, 归咎于",,4,1,gk cet4 cet6 ky toefl ielts,2043,1797,d:blamed/p:blamed/i:blaming/3:blames
blank,blæŋk,n. a piece of material ready to be made into something\nn. a cartridge containing an explosive charge but no bullet\nv. keep the opposing (baseball) team from winning\ns. (of a surface) not written or printed on,"n. 空格, 空白\na. 空白的, 空虚的, 完全的, 无色的\nvi. 消失, 成为空白\nvt. 使无效, 取消, 封锁\n[计] 空白",,2,1,gk cet4 ky ielts,4310,4578,s:blanks/p:blanked/d:blanked/i:blanking/r:blanker/3:blanks
blanket,'blæŋkit,n. bedding that keeps a person warm in bed\nn. anything that covers\nn. a layer of lead surrounding the highly reactive core of a nuclear reactor\nv. cover as if with a blanket,"n. 毛毯, 毯子\nvt. 掩盖, 覆盖\na. 总共的",,2,,gk cet4 ky toefl ielts,3938,3306,s:blankets/d:blanketed/p:blanketed/i:blanketing/3:blankets
bleed,bli:d,v. draw blood\nv. get or extort (money or other possessions) from someone\nv. drain of liquid or steam,"vi. 流血, 悲痛, 渗出\nvt. 使出血, 榨取",,2,,gk cet4 cet6 ky toefl ielts,6460,5218,i:bleeding/3:bleeds/d:bled/p:bled
bless,bles,v. give a benediction to\nv. confer prosperity or happiness on\nv. make the sign of the cross over someone in order to call on God for protection; consecrate,"vt. 祝福, 祈佑, 使神圣化",,2,,gk cet4 cet6 ky ielts,5280,4161,d:blessed/p:blessed/i:blessing/3:blesses
blind,blaind,"n. people who have severe visual impairments, considered as a group\nn. a hiding place sometimes used by hunters (especially duck hunters)\nn. a protective covering that keeps things out or hinders sight\nv. render unable to see","n. 蒙蔽物, 窗帘\na. 盲目的, 瞎的, 不加思考的\nvt. 使失明, 蒙蔽, 遮暗\nadv. 盲目地",,3,1,zk gk cet4 cet6 ky ielts,2926,2716,s:blinds/d:blinded/p:blinded/r:blinder/i:blinding/3:blinds
block,blɒk,n. a solid piece of something (usually having flat rectangular sides)\nn. a rectangular area in a city surrounded by streets and usually containing several buildings\nn. a three-dimensional shape with six square or rectangular sides\nn. a number or quantity of related things dealt with as a unit,"n. 街区, 木块, 石块, 块\nvt. 阻塞, 封锁, 使成块状\n[计] 块, 数据块",,4,1,gk toefl ielts,1641,1314,s:blocks/d:blocked/i:blocking/p:blocked/3:blocks
blood,blʌd,"n. the fluid (red in vertebrates) that is pumped through the body by the heart and contains plasma, blood cells, and platelets\nn. temperament or disposition\nn. people viewed as members of a group\nv. smear with blood, as in a hunting initiation rite, where the face of a person is smeared with the blood of the kill","n. 血, 血统, 流血, 气质, 生命\nvt. 使出血, 用血涂",,4,1,zk gk cet4 ky ielts,980,692,s:bloods/d:blooded/i:blooding/p:blooded/3:bloods
blouse,blauz,n. a top worn by women,n. 宽松的上衣,,1,,gk cet6 ky ielts,8160,6586,s:blouses/p:bloused/i:blousing
blow,blәu,n. a powerful stroke with the fist or a weapon\nn. an impact (as from a collision)\nn. forceful exhalation through the nose or mouth\nv. exhale hard,"n. 吹, 打击, 殴打, 花开\nv. 吹, 风吹, 吹响, 开花",,3,1,zk gk toefl,1822,1414,p:blew/d:blown/i:blowing/s:blows/3:blows
blue,blu:,n. blue color or pigment; resembling the color of the clear sky in the daytime\nn. blue clothing\nn. any organization or party whose uniforms or badges are blue\nn. any of numerous small butterflies of the family Lycaenidae,"n. 蓝色\na. 蓝色的, 下流的, 忧郁的\nvt. 染成蓝色\nvi. 变蓝",,5,1,gk gre,1083,842,s:blues/i:bluing/p:blued/3:blues/d:blued
board,bɒ:d,n. a committee having supervisory powers\nn. a stout length of sawn timber; made in a wide variety of sizes and used for many purposes\nn. a flat piece of material designed for a special purpose\nn. food or meals in general,"n. 木板, 甲板, 膳食, 会议桌\nvt. 乘船, 供膳食, 用板覆盖\nvi. 搭伙\n[计] 板",,4,1,zk gk cet4 cet6 ky toefl ielts,611,667,s:boards/p:boarded/d:boarded/i:boarding/3:boards
boat,bәut,n. a small vessel for travel on water\nv. ride in a boat on water,n. 船\nvi. 乘船\nvt. 以船运,,4,1,zk gk ielts,1303,1231,s:boats/i:boating/p:boated/3:boats/d:boated
boating,'bәutiŋ,n. water travel for pleasure,n. 划船,,1,,gk,21636,15104,0:boat/1:i/i:boating
boil,bɒil,"n. a painful sore with a hard core filled with pus\nv. come to the boiling point and change from a liquid to vapor\nv. immerse or be immersed in a boiling liquid, often for cooking purposes\nv. bring to, or maintain at, the boiling point","n. 煮沸, 沸腾, 疖\nv. 煮沸, 激动",,3,1,gk cet4 ky toefl ielts,4944,4258,i:boiling/d:boiled/3:boils/p:boiled/s:boils
bomb,bɒm,n. an explosive device fused to explode under specific conditions,"n. 炸弹\nvt. 轰炸, 投弹于\nvi. 失败",,4,1,gk cet4 cet6 ky,2266,1992,s:bombs/d:bombed/i:bombing/p:bombed/3:bombs
bond,bɒnd,n. a certificate of debt (usually interest-bearing or discounted) that is issued by a government or corporation in order to raise money; the issuer is required to pay a fixed sum annually until maturity and then a fixed sum to repay the principal\nn. a superior quality of strong durable white writing paper; originally made for printing documents\nn. United States civil rights leader who was elected to the legislature in Georgia but was barred from taking his seat because he opposed the Vietnam War (born 1940)\nn. British secret operative 007 in novels by Ian Fleming,"n. 捆绑物, 结合, 债券, 契约, 粘合剂, 保证人, 键, 关栈保留\nvt. 存入关栈, 使黏合\nvi. 结合",,4,,gk cet4 cet6 ky toefl ielts,2385,1880,s:bonds/d:bonded/p:bonded/3:bonds/i:bonding
bone,bәun,n. rigid connective tissue that makes up the skeleton of vertebrates\nn. the porous calcified substance from which bones are made\nn. a shade of white the color of bleached bones\nv. remove the bones from,"n. 骨头, 骨, 骨制品\nvt. 剔骨\nvi. 专心致志",,3,1,gk cet4 ky,1934,1443,s:bones/i:boning/p:boned/3:bones/d:boned
bonus,'bәunәs,n. anything that tends to arouse\nn. an additional payment (or other remuneration) to employees as a means of increasing output,"n. 奖金, 红利\n[经] 奖金, 红利, 额外补贴",,2,,gk cet6 ky toefl ielts,3780,4172,s:bonuses
book,buk,n. a written work or composition that has been published (printed on pages bound together)\nn. physical objects consisting of a number of pages bound together\nn. a collection of playing cards satisfying the rules of a card game\nn. a collection of rules or prescribed standards on the basis of which decisions are made,"n. 书, 书籍, 帐簿, 名册, 工作簿\nv. 登记, 预订\n[计] 工作簿",,5,1,zk gk ielts,235,241,s:books/d:booked/p:booked/i:booking/3:books
bookcase,'bukkeis,n. a piece of furniture with shelves for storing books,"n. 书架, 书柜",,1,,gk ielts,15277,12527,s:bookcases
bookmark,'bukmɑ:k,n. a marker (a piece of paper or ribbon) placed between the pages of a book to mark the reader's place,n. 书签\n[计] 书签,,,,gk,27606,20965,s:bookmarks
bookshelf,'bukʃelf,n. a shelf on which to keep books,n. 书架,,1,,gk ielts,22136,11170,
bookshop,'bukʃɒp,n. a shop where books are sold,n. 书店,,1,,gk ielts,6589,21128,s:bookshops
bookstore,'bukstɒ:,n a shop where books are sold,n. 书店,,1,,gk,33117,6186,s:bookstores
boom,bu:m,n. a deep prolonged loud noise\nn. a state of economic prosperity\nn. a sudden happening that brings good fortune (as a sudden opportunity to make money)\nn. a pole carrying an overhead microphone projected over a film or tv set,"n. 繁荣, 隆隆声\nvi. 急速发展, 发隆隆声\nvt. 使兴旺, 发隆隆声",,3,,gk ky toefl ielts gre,3920,3171,p:boomed/s:booms/i:booming/d:boomed/3:booms
boot,bu:t,n. footwear that covers the whole foot and lower leg\nn. British term for the luggage compartment in a car\nn. protective casing for something that resembles a leg\nn. an instrument of torture that is used to heat or crush the foot and leg,"n. 长靴, 踢, 解雇, 效用\nvt. 使穿靴, 踢, 解雇, 有用\n[计] 引导, 自举",,3,1,gk cet4 ky ielts,2176,2347,s:boots/d:booted/p:booted/i:booting/3:boots
booth,bu:θ,n. a table (in a restaurant or bar) surrounded by two high-backed benches\nn. small area set off by walls for special use\nn. United States actor and assassin of President Lincoln (1838-1865)\nn. a small shop at a fair; for selling goods or entertainment,"n. 亭, 摊棚\n[经] 货摊, 电话间",,1,,gk cet4 cet6 ky ielts,9834,4300,s:booths
border,'bɒ:dә,n. a strip forming the outer edge of something\nv. provide with a border or edge\nv. lie adjacent to another or share a boundary,"n. 边缘, 边境, 边界, 花坛\nvt. 在...上镶边, 接近\nvi. 接界, 近似\n[计] 边框",,4,1,gk cet4 ky toefl ielts,1789,1344,s:borders/i:bordering/d:bordered/p:bordered/3:borders
bored,,s. tired of the world,a. 无聊的；烦人的；无趣的,,2,1,gk,4569,5873,d:bored/0:bored/1:dp/p:bored
boring,'bɒ:riŋ,n. the act of drilling a hole in the earth in the hope of producing petroleum\ns. so lacking in interest as to cause mental weariness,"a. 烦人的, 无聊的, 无趣的\n[机] 成孔期, 搪孔",,2,1,zk gk toefl gre,4124,4915,i:boring/0:boring/1:i/s:borings
born,bɒ:n,n. British nuclear physicist (born in Germany) honored for his contributions to quantum mechanics (1882-1970)\na. brought into existence,a. 天生的\nbear的过去分词,,4,,zk gk cet4 ky,1206,1088,0:bear/1:d/d:born/p:born/i:borning
borrow,'bɒrәu,v. get temporarily,"vt. 借, 借入, 借用\nvi. 借\n[计] 借位; 借位数",,3,1,zk gk,2639,3214,d:borrowed/p:borrowed/i:borrowing/3:borrows
boss,bɒs,n. a person responsible for hiring workers\nn. a person who exercises control and makes decisions\ns. exceptionally good,"n. 老板, 上司, 岩瘤, 浮雕, 母牛\nvt. 指挥, 控制, 浮雕",,4,1,zk gk cet4 ky,2227,2324,s:bosses/i:bossing/p:bossed/3:bosses/d:bossed
botanical,bә'tænikәl,n. a drug made from part of a plant (as the bark or root or leaves),a. 植物学的\nn. 植物性药材,,1,,gk toefl,12570,10006,s:botanicals
botany,'bɒtәni,n. the branch of biology that studies plants,n. 植物学\n[医] 植物学,,1,,gk toefl gre,15909,20491,
both,bәuθ,s. (used with count nouns) two considered together; the two,a. 两者的\nadv. 两者都\npron. 两者,,5,1,zk gk,229,255,
bottle,'bɒtl,n. a glass or plastic vessel used for storing drinks or other liquids; typically cylindrical without handles and with a narrow neck that can be plugged or capped\nn. the quantity contained in a bottle\nn. a vessel fitted with a flexible teat and filled with milk or formula; used as a substitute for breast feeding infants and very young children\nv. store (liquids or gases) in bottles,"n. 瓶子, 酒瓶\nvt. 装瓶, 抑制, 围困",,4,1,zk gk,1584,1740,s:bottles/d:bottled/p:bottled/i:bottling/3:bottles
bottom,'bɒtәm,n. the lower side of anything\nn. the lowest part of anything\nn. the second half of an inning; while the home team is at bat\nn. a cargo ship,"n. 底部\na. 底部的\nvt. 给...装底, 查明真相\nvi. 到达底部, 建立基础",,4,1,zk gk cet4 ky,1555,1511,s:bottoms/i:bottoming/p:bottomed/3:bottoms/d:bottomed
bounce,bauns,n. the quality of a substance that is able to rebound\nn. rebounding from an impact (or series of impacts)\nv. spring back; spring away from an impact\nv. hit something so that it bounces,"n. 跳, 跳跃, 弹力, 撞击\nvi. 反跳, 弹跳\nvt. 使跳回, 撞击\n[计] 打回",,2,,gk cet4 cet6 ky toefl ielts,4778,3792,p:bounced/i:bouncing/d:bounced/3:bounces/s:bounces
bound,baund,"v. form the boundary of; be contiguous to\na. confined by bonds\na. held with another element, substance or material in chemical or physical union\na. secured with a cover or binding; often used as a combining form","n. 跃, 回跳, 范围, 边界\na. 受约束的, 装有封面的, 有义务的, 关联的, 被束缚的, 准备去...的, 便秘的\nvi. 跳跃, 弹起\nvt. 使跳, 限制, 形成...的疆界\nbind过去式和过去分词\n[计] 装订的",,3,1,gk cet4 cet6 ky toefl ielts,3174,8004,0:bind/1:dp/s:bounds/d:bounded/i:bounding/p:bound/3:bounds
boundary,'baundri,n. the line or plane indicating the limit or extent of something\nn. a line determining the limits of an area,"n. 边界, 分界线\n[计] 边界",,2,,gk cet4 cet6 ky toefl ielts,2050,2776,s:boundaries
bow,bәu.bau,"n. a knot with two loops and loose ends; used to tie shoelaces\nn. a slightly curved piece of resilient wood with taut horsehair strands; used in playing certain stringed instruments\nn. front part of a vessel or aircraft\nn. a weapon for shooting arrows, composed of a curved piece of resilient wood with a taut cord to propel the arrow","n. 弓, 眼睛框\nv. 用弓拉琴, 弯成弓形\nn. 鞠躬, 屈服",,1,,gk cet4 cet6 ky toefl,4473,4098,p:bowed/s:bows/i:bowing/d:bowed/3:bows
bowl,bәul,n. a round vessel that is open at the top; used chiefly for holding food or liquids; \nn. a concave shape with an open top\nn. a dish that is round and open at the top for serving foods\nn. the quantity contained in a bowl,"n. 碗, 木球, 大酒杯\nv. 滚木球, 快而稳地行驶",,3,1,zk gk cet4 ky toefl,2707,1829,s:bowls/p:bowled/d:bowled/i:bowling/3:bowls
bowling,'bәuliŋ,n. a game in which balls are rolled at an object or group of objects with the aim of knocking them over or moving them\nn. (cricket) the act of delivering a cricket ball to the batsman\nn. the playing of a game of tenpins or duckpins etc,n. 保龄球戏,,2,,gk ky ielts,7372,7944,0:bowl/1:i/i:bowling
box,bɒks,n. a (usually rectangular) container; may have a lid\nn. private area in a theater or grandstand where a small group can watch the performance\nn. the quantity contained in a box\nn. a rectangular drawing,"n. 盒子, 箱, 方框, 一巴掌\nvt. 装...入盒中, 装箱, 打耳光\nvi. 拳击\n[计] 方框",,4,1,zk gk,874,795,s:boxes/d:boxed/p:boxed/i:boxing/3:boxes
boxing,'bɒksiŋ,n. fighting with the fists,n. 拳击\n[医] 围模(牙科),,2,,gk,5109,5637,0:box/1:i/i:boxing
boy,bɒi,n. a friendly informal reference to a grown man\nn. (ethnic slur) offensive and disparaging term for Black man,"n. 男孩\n[法] 男孩, 少年, 儿子",,5,1,zk gk,462,382,s:boys
boycott,'bɒikɒt,n. a group's refusal to have commercial dealings with some organization in protest against its policies\nv. refuse to sponsor; refuse to do business with,n. 联合抵制\nvt. 联合抵制,,2,,gk cet6 ky toefl ielts gre,9191,8514,d:boycotted/p:boycotted/i:boycotting/s:boycotts/3:boycotts
brain,brein,n. that part of the central nervous system that includes all the higher nervous centers; enclosed within the skull; continuous with the spinal cord\nn. mental ability\nn. the brain of certain animals used as meat\nv. hit on the head,n. 脑\nvt. 打碎脑部,,4,1,zk gk cet4 ky toefl,1643,1189,s:brains/i:braining/p:brained/3:brains/d:brained
brake,breik,n. a restraint used to slow or stop a vehicle\nn. any of various ferns of the genus Pteris having pinnately compound leaves and including several popular houseplants\nn. an area thickly overgrown usually with one kind of plant\nn. anything that slows or hinders a process,"n. 刹车, 阻碍, 丛林\nv. 刹车",,2,,gk cet4 ky ielts gre,5290,4693,s:brakes/p:braked/i:braking/d:braked/3:brakes
branch,bræntʃ,"n. a division of some larger or more complex organization\nn. a division of a stem, or secondary stem arising from the main stem of a plant\nn. a part of a forked or branching shape\nn. a stream or river connected to a larger one","n. 树枝, 支店, 支流, 分部\nvi. 分支, 出枝\nvt. 分割, 用枝状叶脉刺绣花纹装饰\n[计] 分支, 目录分支",,3,1,gk cet4 ky ielts,1178,1807,s:branches/i:branching/p:branched/3:branches/d:branched
brand,brænd,"n. a recognizable kind\nn. identification mark on skin, made by burning\nn. a piece of wood that has been burned or is burning\nv. burn with a branding iron to indicate ownership; of animals","n. 商标, 牌子, 烙印\nvt. 打烙印于",,3,1,gk cet4 cet6 ky ielts gre,3387,2570,s:brands/d:branded/i:branding/p:branded/3:brands
brave,breiv,n. a North American Indian warrior\nn. people who are brave\na. possessing or displaying courage; able to face and deal with danger or fear without flinching\ns. brightly colored and showy,"a. 勇敢的, 美好的, 华丽的\nn. 勇敢者\nvt. 勇敢地面对",,3,1,zk gk cet4 ky,3800,4854,p:braved/r:braver/t:bravest/i:braving/d:braved/3:braves/s:braves
bravery,'breivәri,n a quality of spirit that enables you to face danger or pain without showing fear\nn feeling no fear,n. 勇敢,,1,,gk,11705,12303,
bread,bred,n. food made from dough of flour or meal and usually raised with yeast or baking powder and then baked\nv. cover with bread crumbs,"n. 面包, 生计, 食物\nvt. 裹以面包屑",,3,1,zk gk,2292,2113,s:breads/i:breading/p:breaded/3:breads/d:breaded
break,breik,n. an unexpected piece of good luck\nn. the occurrence of breaking\nn. an abrupt change in the tone or register of the voice (as at puberty or due to emotion)\nn. the opening shot that scatters the balls in billiards or pool,"n. 休息, 中断, 破裂处, 绝交, 破晓, 突变\nvt. 打破, 弄破, 弄坏, 破坏, 违反, 打断, 削弱, 放弃\nvi. 破碎, 决裂, 破晓, 突变, 变弱, 暂停\nn. 分隔符\n[计] 分隔符; 中断; DOS内部命令:设定扫描中断按键的时机",,5,1,zk gk ielts,519,494,p:broke/d:broken/i:breaking/3:breaks/s:breaks
breakfast,'brekfәst,n. the first meal of the day (usually in the morning)\nv. eat an early morning meal\nv. provide breakfast for,n. 早餐,,3,1,zk gk ielts,2019,2382,s:breakfasts/p:breakfasted/i:breakfasting/d:breakfasted/3:breakfasts
breakthrough,'breikθru:,n. making an important discovery\nn. a penetration of a barrier such as an enemy's defense,"n. 突破\n[经] 突破, 新发现, 新进展",,,,gk ielts,6455,5308,s:breakthroughs
breast,brest,n. the front of the trunk from the neck to the abdomen\nn. either of two soft fleshy milk-secreting glandular organs on the chest of a woman\nn. meat carved from the breast of a fowl\nn. the part of an animal's body that corresponds to a person's chest,"n. 胸部, 乳房, 胸怀\nvt. 以胸对着, 面对",,3,1,gk cet4 cet6 ky,2793,1652,s:breasts/p:breasted/i:breasting/d:breasted/3:breasts
breath,breθ,n. the process of taking in and expelling air during breathing\nn. the air that is inhaled and exhaled in respiration\nn. a short respite\nn. a slight movement of the air,"n. 呼吸, 气息, 瞬间\n[医] 呼气, 呵气, 口气, 呼吸",,3,1,zk gk cet4 ky toefl,1768,1628,s:breaths
breathe,bri:ð,"v. draw air into, and expel out of, the lungs\nv. be alive\nv. impart as if by breathing\nv. allow the passage of air through","vi. 呼吸, 生存, 低语\nvt. 呼吸, 使喘息, 发散, 低声说",,3,1,zk gk cet4 ky toefl,2434,2264,i:breathing/p:breathed/3:breathes/d:breathed
breathless,'breθlis,a. not breathing or able to breathe except with difficulty\ns. tending to cause suspension of regular breathing\ns. appearing dead; not breathing or having no perceptible pulse,"a. 喘不过气来的, 屏气的, 气喘吁吁的, 无风的, 死的",,1,,gk toefl,8961,10896,
brewery,'bru:әri,n. a plant where beer is brewed by fermentation,"n. 啤酒厂, 酿酒厂\n[经] 酿造所",,1,,gk,5781,15159,s:breweries
brick,brik,n. rectangular block of clay baked by the sun or in a kiln; used as a building or paving material\nn. a good fellow; helpful and trustworthy,"n. 砖块, 积木\na. 用砖做的\nvt. 用砖造, 用砖砌",,2,1,gk cet4 ky toefl,2814,3315,s:bricks/d:bricked/i:bricking
bride,braid,n. a woman who has recently been married\nn. a woman participant in her own marriage ceremony,n. 新娘,,2,,gk ky,5104,4871,s:brides
bridegroom,'braidgrum,n a man who has recently been married\nn a man participant in his own marriage ceremony,n. 新郎,,,,gk cet6,16663,24066,s:bridegrooms
bridge,bridʒ,n. a structure that allows people or vehicles to cross an obstacle such as a river or canal or railway etc.\nn. a circuit consisting of two branches (4 arms arranged in a diamond configuration) across which a meter is connected\nn. something resembling a bridge in form or function\nn. the hard ridge that forms the upper part of the nose,"n. 桥, 舰桥, 桥梁, 桥牌\nvt. 架桥于, 跨越\n[计] 桥, 网桥, 桥接器",,4,1,zk gk ielts,1434,1687,s:bridges/d:bridged/i:bridging/p:bridged/3:bridges
brief,bri:f,n. a document stating the facts and points of law of a client's case\nn. a condensed written summary or abstract\nv. give essential information to someone\ns. of short duration or distance,"n. 摘要, 简报\na. 简短的, 短暂的\nvt. 对...作简报, 摘要, 节录",,4,1,gk cet4 ky toefl,1863,2146,d:briefed/s:briefs/i:briefing/t:briefest/r:briefer/p:briefed/3:briefs
bright,brait,a. emitting or reflecting light readily or in large amounts\ns. having striking color\ns. characterized by quickness and ease in learning\ns. having lots of light either natural or artificial,"a. 明亮的, 聪明的, 鲜明的, 欢快的\nadv. 明亮地, 欢快地",,4,1,zk gk,1526,1308,r:brighter/t:brightest
brilliant,'briljәnt,s. of surpassing excellence\ns. characterized by grandeur\ns. full of light; shining intensely,"a. 光辉的, 灿烂的, 有才气的\n[机] 亮的",,3,1,gk cet4 ky ielts,2429,3159,s:brilliants
bring,briŋ,v. take something or somebody with oneself somewhere\nv. cause to come into a particular state or condition\nv. cause to happen or to occur as a consequence\nv. go or come after and bring or take back,"vt. 带来, 产生, 促使, 提出\nvi. 生产",,5,1,zk gk ielts,195,215,d:brought/p:brought/i:bringing/3:brings
Britain,'britәn,n a monarchy in northwestern Europe occupying most of the British Isles; divided into England and Scotland and Wales and Northern Ireland; `Great Britain' is often used loosely to refer to the United Kingdom,n. 英国,,,,gk ielts,365,0,
British,'britiʃ,n. the people of Great Britain\na. of or relating to or characteristic of Great Britain or its people or culture,"a. 英国的\nn. 英国人, 英国英语",,,,gk ielts,24056,1183,
broad,brɒ:d,n. slang term for a woman\ns. not detailed or specific\ns. lacking subtlety; obvious\ns. being at a peak or culminating point,"a. 宽广的, 辽阔的, 广大的, 显著的\nadv. 宽阔地\nn. 宽阔部分",,4,1,gk cet4 ky,1462,1404,r:broader/t:broadest/s:broads
broadcast,'brɒ:dkæst,"n. message that is transmitted by radio or television\nn. a radio or television show\nv. sow over a wide area, especially by hand","n. 广播, 传播\na. 广播的\nv. 广播\nadv. 经广播, 四散地\n[计] 广播命令, 广播",,3,1,gk cet4 ky toefl,5111,3617,s:broadcasts/d:broadcast/0:broadcast/1:dp/i:broadcasting/3:broadcasts/p:broadcast
brochure,'brәuʃә,n a small book usually having a paper cover,"n. 小册子, 小册",,2,,gk ky toefl ielts gre,4759,6585,s:brochures
broken,'brәukәn,"a. physically and forcibly separated into pieces or cracked or split\na. not continuous in space, time, or sequence or varying abruptly\ns. subdued or brought low in condition or status\na. (especially of promises or contracts) having been violated or disregarded","a. 坏掉的, 打破的, 断掉的\nbreak的过去分词",,1,1,gk cet4,2747,2694,0:break/1:d/d:broken
broom,bru:m,n. a cleaning implement for sweeping; bundle of straws or twigs attached to a long handle\nn. any of various shrubs of the genera Cytisus or Genista or Spartium having long slender branches and racemes of yellow flowers\nv. finish with a broom,"n. 扫帚, 金雀花\nvt. 扫除",,1,,gk cet4 cet6 ky,9809,9418,s:brooms
brother,'brʌðә,n. a male with the same parents as someone else\nn. a male person who is a fellow member (of a fraternity or religion or other group)\nn. used as a term of address for those male persons engaged in the same movement\nn. (Roman Catholic Church) a title given to a monk and used as form of address,n. 兄弟,,5,1,zk gk,827,614,s:brothers
brotherhood,'brʌðәhud,n. the kinship relation between a male offspring and the siblings\nn. people engaged in a particular occupation\nn. the feeling that men should treat one another like brothers,"n. 手足情谊, 兄弟关系",,,,gk,11836,13702,s:brotherhoods
brown,braun,"n. an orange of low brightness and saturation\nn. Scottish botanist who first observed the movement of small particles in fluids now known a Brownian motion (1773-1858)\nn. abolitionist who was hanged after leading an unsuccessful raid at Harper's Ferry, Virginia (1800-1859)\nv. fry in a pan until it changes color",n. 褐色\na. 褐色的\nv. (使)变褐色,,5,1,zk gk toefl,2018,1769,s:browns/p:browned/r:browner/d:browned/i:browning/3:browns
brunch,brʌntʃ,n. combination breakfast and lunch; usually served in late morning\nv. eat a meal in the late morning,n. 早午餐,,,,gk,36288,13712,s:brunches
brush,brʌʃ,n. a dense growth of bushes\nn. an implement that has hairs or bristles firmly set into a handle\nn. momentary contact\nn. conducts current between rotating and stationary parts of a generator or motor,"n. 刷子, 毛笔, 争吵\nvt. 刷\nvi. 擦过, 掠过\n[计] 电刷",,3,1,zk gk,3418,3223,p:brushed/i:brushing/s:brushes/d:brushed/3:brushes
bucket,'bʌkit,n. a roughly cylindrical vessel that is open at the top\nn. the quantity contained in a bucket\nv. put into a bucket\nv. carry in a bucket,n. 桶\n[计] 存储桶; 桶,,2,,gk cet4 cet6 ky ielts gre,4494,4812,s:buckets/i:bucketing/p:bucketed/3:buckets/d:bucketed
Buddhism,'budizm,"n. a religion represented by the many groups (especially in Asia) that profess various forms of the Buddhist doctrine and that venerate Buddha\nn. the teaching of Buddha that life is permeated with suffering caused by desire, that suffering ceases when desire ceases, and that enlightenment obtained through right conduct and wisdom and meditation releases one from desire and suffering and rebirth",n. 佛教,,1,,gk cet6,16173,10473,
Buddhist,'budist,n. one who follows the teachings of Buddha\na. of or relating to or supporting Buddhism,n. 佛教徒\na. 佛教的,,1,,gk,15480,8787,s:buddhists
budget,'bʌdʒit,n. a sum of money allocated for a particular purpose\nn. a summary of intended expenditures along with proposals for how to meet them\nv. make a budget,"n. 预算\nvi. 编预算\nvt. 编入预算, 安排\na. 廉价的",,4,1,gk cet4 cet6 ky toefl ielts gre,1062,1054,s:budgets/d:budgeted/p:budgeted/i:budgeting/3:budgets
buffet,'bʌfit,"n. a piece of furniture that stands at the side of a dining room; has shelves and drawers\nn. a meal set out on a buffet at which guests help themselves\nv. strike against forcefully\nv. strike, beat repeatedly","n. 自助餐, 小卖部, 碗橱, 殴打, 冲击\nvt. 连续打, 冲击, 搏斗\nvi. 奋斗",,1,,gk ky ielts,7804,8330,s:buffets/d:buffetted/i:buffeting/p:buffeted/3:buffets
build,bild,"v. build or establish something abstract\nv. improve the cleansing action of\nv. order, supervise, or finance the construction of\nv. give form to, according to a plan","v. 建立, 建筑\nn. 构造, 体格",,5,1,zk gk,415,408,d:built/i:building/p:built/3:builds
building,'bildiŋ,n. a structure that has a roof and walls and stands more or less permanently in one place\nn. the occupants of a building,"n. 建筑物, 建筑\n[法] 营造, 建筑, 建筑物",,5,1,zk gk ielts,420,501,0:build/1:i/s:buildings/i:building
bun,bʌn,n. small rounded bread either plain or sweet,n. 小面包\n[医] 血液尿素氮,,1,,gk,8944,8967,s:buns/d:bunned/i:bunning
bunch,bʌntʃ,n. a grouping of a number of similar things\nn. any collection in its entirety\nv. gather or cause to gather into a cluster,"n. 串, 束\n[医] 骨肿块(马)",,3,1,gk cet4 cet6 ky toefl ielts,4503,2658,s:bunches/d:bunched/i:bunching/p:bunched/3:bunches
bungalow,'bʌŋgәlәu,n. a small house with a single story,n. 平房,,1,,gk ielts,6535,10710,s:bungalows
burden,'bә:dn,n. an onerous or difficult concern\nn. the central idea that is expanded in a document or discourse\nv. weight down with a load,"n. 负担, 重载, 担子, 责任\nvt. 装货于, 烦扰, 使负担",,3,,gk cet4 cet6 ky toefl,2696,2665,s:burdens/d:burdened/i:burdening/p:burdened/3:burdens
bureaucratic,bjuәrәu'krætik,a. of or relating to or resembling a bureaucrat or bureaucracy,a. 官僚的\n[经] 机僚化的,,,,gk,6084,6447,
burglar,'bә:glә,n. a thief who enters a building with intent to steal,"n. 窃贼\n[法] 夜盗, 窃贼, 盗窃者",,1,,gk cet6 ky toefl ielts,7271,11050,s:burglars
burial,'beriәl,n. the ritual placing of a corpse in a grave,"n. 埋葬, 葬礼\n[法] 埋葬, 葬礼",,1,,gk cet6 toefl ielts gre,5406,6234,s:burials
burn,bә:n,n. pain that feels hot as if it were on fire\nn. an injury caused by exposure to heat or chemicals or radiation\nn. a place or area that has been burned (especially on a person's body)\nn. damage inflicted by fire,"vt. 烧, 烧毁, 烧伤\nvi. 燃烧, 发热, 烧毁\nn. 烧伤, 烙印",,4,1,zk gk cet4 cet6 ky,1754,1422,d:burnt/i:burning/p:burned/s:burns/3:burns
burst,bә:st,"n. a sudden flurry of activity (often for no obvious reason)\nv. come open suddenly and violently, as if from internal pressure\nv. move suddenly, energetically, or violently\nv. emerge suddenly","n. 破裂, 突发, 爆发\nv. 爆裂, 突发, 充满\n[计] 二进制位组; 字符组; 脉冲串",,3,1,gk cet4 cet6 ky toefl,3011,3560,p:burst/0:burst/1:pd/i:bursting/s:bursts/d:burst/3:bursts
bury,'beri,v. cover from sight\nv. place in a grave or tomb\nv. place in the earth and cover with soil\nv. embed deeply,"vt. 埋葬, 埋藏",,3,1,gk cet4 ky,2650,2398,d:buried/i:burying/p:buried/3:buries
bus,bʌs,n. a vehicle carrying many passengers; used for public transport\nn. a car that is old and unreliable\nv. send or move around by bus\nv. ride in a bus,n. 公共汽车\n[计] 总线; 汇流条; 母线,,3,1,zk gk ielts,1399,1453,s:buses/i:bussing/p:bussed/3:busses/d:bussed
bush,buʃ,n. a large wilderness area\nn. 43rd President of the United States; son of George Herbert Walker Bush (born in 1946)\nn. United States electrical engineer who designed an early analogue computer and who led the scientific program of the United States during World War II (1890-1974)\nn. vice president under Reagan and 41st President of the United States (born in 1924),n. 矮树丛\n[化] 管衬,,2,1,gk cet4 ky toefl,2801,34013,s:bushes/d:bushed/i:bushing/p:bushed/3:bushes
business,'biznis,n. a commercial or industrial enterprise and the people who constitute it\nn. a rightful concern or responsibility\nn. an immediate objective\nn. the volume of commercial activity,"n. 生意, 事情, 业务, 商业, 商行, 职责\n[经] 企业, 商业, 营业",,5,1,zk gk cet4 cet6 ky ielts,215,246,s:businesses
businessman,'biznismæn,n. a person engaged in commercial or industrial business (especially an owner or executive),"n. 商人, 实业家, 工商业家",,3,1,gk,3547,3840,s:businessmen
businesswoman,'bizniswjmæn,n. a female businessperson,"n. 商人, 办理实务的人, 经商者",,1,,gk,23054,19286,s:businesswomen
busy,'bizi,v. keep busy with\na. actively or fully engaged or occupied\ns. overcrowded or cluttered with detail\ns. crowded with or characterized by much activity,"a. 忙碌的, 热闹的, 没空的\nvt. 使忙\nvi. 忙碌\n[计] 忙; 忙碌",,3,1,zk gk,1753,1924,t:busiest/p:busied/r:busier/i:busying/d:busied/3:busies
but,bʌt,r and nothing more,prep. 除了\nconj. 但是\nadv. 仅仅,,5,1,zk gk,24,23,
butcher,'butʃә,n. a retailer of meat\nn. a brutal indiscriminate murderer\nn. a person who slaughters or dresses meat for market\nv. kill (animals) usually for food consumption,"n. 屠夫, 肉商, 小贩\nvt. 屠宰, 屠杀",,1,,gk cet4 cet6 ky ielts,8559,8421,d:butchered/p:butchered/i:butchering/3:butchers
butter,'bʌtә,n. an edible emulsion of fat globules made by churning milk or cream; for cooking and table use\nn. a fighter who strikes the opponent with his head\nv. spread butter on,"n. 奶油, 黄油\nvt. 涂黄油于",,3,1,zk gk cet4 ky toefl,3403,2402,d:buttered/i:buttering/p:buttered/s:butters/3:butters
butterfly,'bʌtәflai,"n. diurnal insect typically having a slender body with knobbed antennae and broad colorful wings\nn. a swimming stroke in which the arms are thrown forward together out of the water while the feet kick up and down\nv. flutter like a butterfly\nv. cut and spread open, as in preparation for cooking","n. 蝴蝶\n[医] 蝶式棉块, 翼形皮癣, 纸蝶",,2,,zk gk cet4 ky toefl ielts,5314,4923,s:butterflies/i:butterflying/p:butterflied/3:butterflies/d:butterflied
button,'bʌtәn,n. a round fastener sewn to shirts and coats etc to fit through buttonholes\nn. any of various plant parts that resemble buttons\nn. a round flat badge displaying information and suitable for pinning onto a garment\nn. any artifact that resembles a button,"n. 钮扣, 按钮\nvi. 扣住\nvt. 钉钮扣于, 扣紧\n[计] 按钮",,3,1,gk cet4 cet6 ky,2977,2645,s:buttons/p:buttoned/i:buttoning/d:buttoned/3:buttons
buy,bai,v. obtain by purchase; acquire by means of a financial transaction\nv. be worth or be capable of buying\nv. acquire by trade or sacrifice or exchange\nv. accept as true,"vt. 买, 获得\nvi. 买\nn. 购买, 买得的东西",,5,1,zk gk,351,397,p:bought/i:buying/d:bought/3:buys/s:buys
by,bai,r. so as to pass a given point,"prep. 被, 经, 由, 在...之旁\nadv. 经过, 在近处",,5,1,zk gk,20,30,
bye,bai,n. you advance to the next round in a tournament without playing an opponent,"interj. 再会, 回头见\n[计] 结束命令",,3,1,zk gk,4072,18387,s:byes
cab,kæb,n. a compartment at the front of a motor vehicle or locomotive where driver sits\nn. small two-wheeled horse-drawn carriage; with two seats and a folding hood\nn. a car driven by a person whose job is to take passengers where they want to go in exchange for money,"n. 出租车, 出租汽车, 出租马车\nvi. 乘出租马车(或汽车)",,2,,gk ky toefl ielts,4014,4220,s:cabs/i:cabbing/p:cabbed/3:cabs/d:cabbed
cabbage,'kæbidʒ,n. any of various types of cabbage\nn. any of various cultivars of the genus Brassica oleracea grown for their edible leaves or flowers,"n. 卷心菜\n[医] 卷心菜, 甘兰",,2,,zk gk cet4 ky,8667,6982,s:cabbages/i:cabbaging/p:cabbaged/3:cabbages/d:cabbaged
cafeteria,.kæfi'tiәriә,n. a restaurant where you serve yourself and pay a cashier,n. 自助餐厅\n[经] 自助餐厅,,1,,gk cet4 cet6 ky ielts,19059,7076,s:cafeterias
cage,keidʒ,n. an enclosure made or wire or metal bars in which birds or animals can be kept\nn. something that restricts freedom as a cage restricts movement\nn. United States composer of avant-garde music (1912-1992)\nn. the net that is the goal in ice hockey,"n. 笼, 牢房, 战俘营\nvt. 关进笼内",,2,,gk cet4 cet6 ky,4775,4143,s:cages/d:caged/p:caged/i:caging/3:cages
cake,keik,"n. a block of solid substance (such as soap or wax)\nn. baked goods made from or based on a mixture of flour, sugar, eggs, and fat","n. 蛋糕, 块, 饼\nvt. 使结块, 加块状物于\nvi. 结块",,3,1,zk gk cet4 ky,2309,2540,s:cakes/d:caked/i:caking/p:caked/3:cakes
calculate,'kælkjuleit,"v. make a mathematical calculation or computation\nv. judge to be probable\nv. specifically design a product, event, or activity for a certain public","v. 计算, 预测, 计划, 打算",,2,1,gk cet4 ky toefl,2168,3039,d:calculated/i:calculating/p:calculated/3:calculates
call,kɒ:l,"n. a telephone connection\nn. a special disposition (as if from a divine source) to pursue a particular course\nn. a demand especially in the phrase ""the call of duty""\nn. a brief social visit","n. 呼叫, 访问, 打电话, 号召, 召集, 要求\nvt. 呼叫, 召集, 打电话\nvi. 叫喊, 访问, 叫牌\n[计] 调用; 呼叫; DOS内部命令:在批处理文件中调用另一个批处理文件",,5,1,zk gk ielts,161,122,d:called/p:called/i:calling/s:calls/3:calls
calm,kɑ:m,"v. make calm or still\nv. become quiet or calm, especially after a state of agitation\ns. not agitated; without losing self-possession\na. (of weather) free from storm or wind","n. 平稳, 风平浪静\na. 平静的, 冷静的\nvi. 平静下来, 镇静\nvt. 使平静",,3,1,gk cet4 cet6 ky toefl,4472,4189,r:calmer/i:calming/p:calmed/d:calmed/3:calms
camel,'kæml,n. cud-chewing mammal used as a draft or saddle animal in desert regions,"n. 骆驼, 打捞浮筒",,1,,zk gk cet4 cet6 ky toefl,7869,6953,s:camels
camera,'kæmәrә,n. equipment for taking photographs (usually consisting of a lightproof box with a lens at one end and light-sensitive film at the other),"n. 照相机, 摄影机, 密谈室, 暗箱\n[计] 摄影",,4,1,zk gk cet4 cet6 ky ielts,2246,949,s:cameras
camp,kæmp,n. temporary living quarters specially built by the army for soldiers\nn. a group of people living together in a camp\nn. temporary lodgings in the country for travelers or vacationers\nn. a penal institution (often for forced labor),"n. 露营, 帐篷\nvi. 露营, 扎营\nvt. 使扎营",,4,1,zk gk cet4 cet6 ky toefl ielts,2079,1188,s:camps/i:camping/p:camped/d:camped/r:camper/3:camps
campaign,kæm'pein,"n. a series of actions advancing a principle or tending toward a particular end\nn. several related operations aimed at achieving a particular goal (usually within geographical and temporal constraints)\nn. an overland journey by hunters (especially in Africa)\nv. run, stand, or compete for an office or a position","n. 战役, 运动, 竞选运动\nvi. 参加运动, 作战",,5,1,gk cet4 cet6 ky toefl ielts gre,956,640,s:campaigns/i:campaigning/p:campaigned/d:campaigned/3:campaigns
can,kæn,n. airtight sealed metal container for food or drink or paint etc.\nn. the quantity contained in a can\nn. a buoy with a round bottom and conical top\nv. preserve in a can or tin,"vt. 装罐\nn. 罐头, 容器\naux. 能, 可以\n[计] 作废字符",,2,1,zk gk toefl,35,37,s:cans/i:/p:could/3:can/d:
Canada,'kænәdә,n. a nation in northern North America; the French were the first Europeans to settle in mainland Canada,n. 加拿大,,,,zk gk,2754,0,
Canadian,kә'neidiәn,n. a native or inhabitant of Canada\nn. a river rising in northeastern New Mexico and flowing eastward across the Texas panhandle to become a tributary of the Arkansas River in Oklahoma\na. of or relating to Canada or its people,a. 加拿大的,,,,gk ielts,4556,2638,s:canadians
canal,kә'næl,n. (astronomy) an indistinct surface feature of Mars once thought to be a system of channels; they are now believed to be an optical illusion\nn. long and narrow strip of water made for boats or for irrigation\nv. provide (a city) with a canal,"n. 运河, 水道, 管, 沟渠\nvt. 开运河",,2,,gk cet4 cet6 ky toefl ielts,2963,5394,s:canals/i:canalling/p:canalled/3:canals/d:canalled
cance,,, [人名] 坎斯,,,,gk,0,0,
cancel,'kænsәl,v. postpone indefinitely or annul something that was scheduled\nv. make up for\nv. declare null and void; make ineffective\nv. make invalid for use,"n. 取消, 撤消, 盖销(邮票)\nvt. 取消, 删去, 抵销, 盖销\nvi. 相互抵销\n[计] 作废",,3,1,zk gk cet4 cet6 ky toefl ielts,3183,3915,d:cancelled/p:cancelled/i:cancelling/3:cancels
candidate,'kændideit,n. someone who is considered for something (for an office or prize or honor etc.),"n. 候选人, 投考者\n[法] 候选, 候补者",,4,1,gk cet4 cet6 ky toefl ielts gre,1227,957,s:candidates
candle,'kændl,"n. stick of wax with a wick in the middle\nn. the basic unit of luminous intensity adopted under the Systeme International d'Unites; equal to 1/60 of the luminous intensity per square centimeter of a black body radiating at the temperature of 2,046 degrees Kelvin\nv. examine eggs for freshness by holding them against a light",n. 蜡烛\nvt. 对着光检查,,2,,zk gk cet4 cet6 ky ielts,4173,3928,s:candles/i:candling/p:candled/3:candles/d:candled
candy,'kændi,n. a rich sweet made of flavored sugar and often combined with fruit or nuts,"n. 糖果, 冰糖\nvt. 用糖煮, 使结晶为砂糖\nvi. 结晶为砂糖",,1,1,zk gk cet4 ky,10657,3446,p:candied/s:candies/d:candied/i:candying/3:candies
canteen,kæn'ti:n,n. a flask for carrying water; used by soldiers or travelers\nn. sells food and personal items to personnel at an institution or school or camp etc.\nn. a restaurant outside; often for soldiers or policemen\nn. a recreation room in an institution,"n. 水壶, 军中俱乐部, 临时流动餐馆, 小卖部",,1,,gk cet4 cet6 ky ielts,7069,15582,s:canteens
cap,kæp,n. a tight-fitting headdress\nn. a top (as for a bottle)\nn. something serving as a cover or protection\nn. a fruiting structure resembling an umbrella or a cone that forms the top of a stalked fleshy fungus such as a mushroom,"n. 盖子, 帽子\nvt. 戴帽子, 覆盖, 胜过\nvi. 脱帽致意\n[计] 调用程序分析, 容量, 代码分析程序, 计算机辅助生产, 计算机辅助印刷",,3,1,zk gk cet4 cet6 ky toefl,2955,2306,s:caps/d:capped/i:capping/p:capped/3:caps
capital,'kæpitәl,"n. assets available for use in the production of further assets\nn. wealth in the form of money or property owned by a person or business and human resources of economic value\nn. a seat of government\nn. one of the large alphabetic characters used as the first letter in writing or printing proper names and sometimes for emphasis; capitals were kept in the upper half of the type case and so became known as upper-case letters""","n. 首都, 大写字母, 资本\na. 首都的, 重要的",,5,1,zk gk cet4 cet6 ky ielts,729,1061,s:capitals
capsule,'kæpsju:l,n. a small container\nn. a pill in the form of a small rounded gelatinous container with medicine inside\nn. a dry dehiscent seed vessel or the spore-containing structure of e.g. mosses\nn. a structure that encloses a body part,"n. 胶囊, 蒴果, 瓶帽, 航天舱\n[化] 胶囊剂",,1,,gk cet6 ky ielts gre,10031,7480,s:capsules/i:capsuling/p:capsuled/3:capsules/d:capsuled
captain,'kæptin,n. an officer holding a rank below a major but above a lieutenant\nn. the naval officer in command of a military ship\nn. a policeman in charge of a precinct\nn. the leader of a group of people,"n. 船长, 指挥官, 海军上校, 首领\nvt. 率领, 指挥",,4,1,zk gk cet4 cet6 ky,1680,3347,s:captains/p:captained/d:captained/i:captaining/3:captains
caption,'kæpʃәn,"n. taking exception; especially a quibble based on a captious argument\nn. brief description accompanying an illustration\nv. provide with a caption, as of a photograph or a drawing","n. 说明, 字幕, 标题\nvt. 加上标题, 加上说明\n[计] 标题",,4,,gk ielts gre,10185,9117,s:captions/d:captioned/p:captioned/i:captioning/3:captions
car,kɑ:,n. a motor vehicle with four wheels; usually propelled by an internal combustion engine\nn. a wheeled vehicle adapted to the rails of railroad\nn. the compartment that is suspended from an airship and that carries personnel and the cargo and the power plant\nn. where passengers ride up and down,"n. 汽车, 客车\n[机] 车",,5,1,zk gk,247,289,s:cars
carbon,'kɑ:bәn,n. an abundant nonmetallic tetravalent element occurring in three allotropic forms: amorphous carbon and graphite and diamond; occurs in all organic compounds\nn. a copy made with carbon paper,"n. 碳, 副本, 复写纸\n[化] 碳",,3,,gk cet4 cet6 ky toefl ielts,3062,3004,s:carbons
card,kɑ:d,"n. one of a set of small pieces of stiff paper marked in various ways and used for playing games or for telling fortunes\nn. a card certifying the identity of the bearer\nn. a rectangular piece of stiff paper used to send messages (may have printed greetings or pictures)\nn. thin cardboard, usually rectangular","n. 卡片, 纸牌, 节目单, 明信片, 梳棉机\nvt. 备置卡片, 记于卡片上, 梳理\n[计] 卡片, 卡",,4,1,zk gk ielts,1035,892,s:cards/p:carded/i:carding/3:cards/d:carded
care,kєә,n. the work of providing treatment for or attending to someone or something\nn. a cause for feeling concern\nn. attention and management implying responsibility for safety\nn. activity involved in maintaining something in good working order,"n. 小心, 照料, 忧虑\nvi. 关心, 介意\nvt. 在意, 喜欢",,5,1,zk gk ielts,505,434,p:cared/3:cares/d:cared/i:caring/s:cares
careful,'kєәful,a. exercising caution or showing care or attention\ns. cautiously attentive\ns. unhurried and with care and dignity\ns. full of cares or anxiety,"a. 小心的, 谨慎的",,4,1,zk gk toefl,1777,1952,
careless,'kєәlis,a. marked by lack of attention or consideration or forethought or thoroughness; not careful\ns. effortless and unstudied\ns. (usually followed by `of') without due thought or consideration,"a. 粗心的, 不关心的, 无忧无虑的",,1,1,zk gk cet4 toefl,7681,9928,
carpenter,'kɑ:pintә,n. a woodworker who makes or repairs wooden objects\nv. work as a carpenter,n. 木匠,,1,,gk cet4 cet6 ky toefl ielts gre,9552,8059,s:carpenters/i:carpentering/p:carpentered/3:carpenters/d:carpentered
carpet,'kɑ:pit,"n. a natural object that resembles or suggests a carpet\nv. form a carpet-like cover (over)\nv. cover completely, as if with a carpet\nv. cover with a carpet","n. 地毯, 地毯状物\nvt. 铺以地毯, 铺盖",,2,1,gk cet4 cet6 ky ielts,2484,4112,s:carpets/d:carpeted/p:carpeted/i:carpeting/3:carpets
carriage,'kæridʒ,n. a vehicle with wheels drawn by one or more horses\nn. characteristic way of bearing one's body\nn. a machine part that carries something else,"n. 马车, 客车, 举止, 运输\n[经] 搬运费, 运费",,2,,gk cet4 cet6 ky toefl,3104,6534,s:carriages
carrier,'kæriә,n. someone whose employment involves carrying something\nn. a self-propelled wheeled vehicle designed specifically to carry something\nn. an inactive substance that is a vehicle for a radioactive tracer of the same substance and that assists in its recovery after some chemical reaction\nn. a person or firm in the business of transporting people or goods or messages,"n. 运送者, 邮递员, 带菌者\n[计] 载波",,3,,gk cet4 cet6 ky ielts,3636,3271,s:carriers
carrot,'kærәt,"n. deep orange edible root of the cultivated carrot plant\nn. perennial plant widely cultivated as an annual in many varieties for its long conical orange edible roots; temperate and tropical regions\nn. orange root; important source of carotene\nn. promise of reward as in ""carrot and stick"";",n. 胡萝卜\n[医] 胡萝卜,,2,1,gk cet4 cet6 ky ielts,6034,4597,s:carrots
carry,'kæri,"n. the act of carrying something\nv. have with oneself; have on one's person\nv. serve as a means for expressing something\nv. bear or be able to bear the weight, pressure,or responsibility of","n. 进位, 射程, 运载\nvt. 携带, 运送, 支持, 传送, 包含\nvi. 被携带, 能达到\n[计] 进位; 进位数",,5,1,zk gk ielts,283,487,d:carried/i:carrying/p:carried/3:carries
cartoon,kɑ:'tu:n,n. a humorous or satirical drawing published in a newspaper or magazine\nn. a film made by photographing a series of cartoon drawings to give the illusion of movement when projected in rapid sequence\nv. draw cartoons of,"n. 卡通画, 漫画\nv. 画漫画",,2,,gk cet6 ky toefl ielts gre,6438,4155,s:cartoons/d:cartooned/i:cartooning
carve,kɑ:v,v. form by carving\nv. engrave or cut by chipping away at a surface\nv. cut to pieces,"v. 雕刻, 切开",,2,,gk cet4 cet6 ky toefl ielts gre,4931,3803,d:carved/p:carved/i:carving/3:carves
case,keis,n. an occurrence of something\nn. the actual state of things\nn. a portable container for carrying several objects\nn. a person requiring professional services,"n. 情形, 情况, 箱, 容器, 事实, 病例, 案例, 框子\nvt. 装箱, 包盖",,2,1,gk ielts,139,186,s:cases/i:casing/p:cased/3:cases/d:cased
cash,kæʃ,n. money in the form of bills or coins\nn. prompt payment for goods or services in currency or by check\nn. United States country music singer and songwriter (1932-2003)\nv. exchange for cash,n. 现金\nvt. 兑现,,4,1,gk cet4 ky ielts,1204,1722,i:cashing/d:cashed/p:cashed/3:cashes
cast,kɑ:st. kæst,n. the actors in a play\nn. the distinctive form in which a thing is made\nn. bandage consisting of a firm covering (often made of plaster of Paris) that immobilizes broken bones while they heal\nn. object formed by a mold,"n. 演员阵容, 投掷, 铸件, 预测, 特性\nvt. 投, 掷, 抛, 脱落, 铸, 使弯曲, 计算\nvi. 投, 计算, 浇铸成型",,4,1,gk cet4 cet6 ky toefl ielts gre,2328,2035,d:cast/0:cast/1:dp/i:casting/p:cast/3:casts/s:casts
castle,'kæsl. 'kɑ:sl,n. a large building formerly occupied by a ruler and fortified against attack\nn. (chess) the piece that can move any number of unoccupied squares in a direction parallel to the sides of the chessboard\nn. interchanging the positions of the king and a rook\nv. move the king two squares toward a rook and in the same move the rook to the square next past the king,"n. 城堡, 象棋中的车\nvt. 置于城堡中, 盘踞于",,3,1,gk cet4 cet6 ky ielts,1765,5844,s:castles/i:castling/p:castled/3:castles/d:castled
casual,'kæʒjuәl,s. marked by blithe unconcern\ns. without or seeming to be without plan or method; offhand\ns. appropriate for ordinary or routine occasions\ns. occurring or appearing or singled out by chance,"a. 偶然的, 不经意的, 便装的\nn. 临时工, 待命士兵",,2,,gk cet4 cet6 ky toefl ielts gre,3781,3955,s:casuals
cat,kæt,n. feline mammal usually having thick soft fur and no ability to roar: domestic cats; wildcats\nn. a spiteful woman gossip\nv. beat with a cat-o'-nine-tails,"n. 猫, 恶妇\nvi. 呕吐\n计算机辅助教育, 计算机辅助测试, 计算机辅助翻译, 计算机辅助排版\n[计] 计算机辅助教学, 计算机辅助翻译, 计算机辅助排字, 计算机辅助测试",,3,1,zk gk,1712,1775,s:cats/i:catting/p:catted/3:cats/d:catted
catalogue,'kætәlɒg,"v. make an itemized list or catalog of; classify\nv. make a catalogue, compile a catalogue","n. 目录, 大学情况一览\nvt. 编入目录",,2,,gk cet6 ielts,2710,6793,s:catalogues/d:catalogued/i:cataloguing/p:catalogued/3:catalogues
catastrophe,kә'tæstrәfi,n. a state of extreme (usually irremediable) ruin and misfortune\nn. a sudden violent change in the earth's surface,"n. 大灾难, 大祸\n[化] 突变",,2,,gk cet6 ky toefl ielts gre,8422,6648,s:catastrophes
catch,kætʃ,n. a drawback or difficulty that is not readily evident\nn. the quantity that was caught\nn. a person regarded as a good matrimonial prospect\nn. anything that is caught (especially if it is worth catching),"n. 捕捉, 陷阱, 捕捉之物, 抓, 拉手\nvt. 捕捉, 赶上, 感染, 听清楚\nvi. 抓住, 燃着",,4,1,zk gk ielts,681,586,d:caught/p:caught/i:catching/3:catches/s:catches
category,'kætigәri,n. a general concept that marks divisions or coordinations in a conceptual scheme,"n. 种类, 类项\n[计] 分类",,3,1,gk cet6 ky toefl ielts gre,1419,1461,s:categories
cater,'keitә,v. supply food ready to eat; for parties and banquets,"v. 提供饮食及服务, 投合, 迎合",,2,,gk cet6 ky toefl ielts gre,3809,6945,i:catering/d:catered/3:caters/p:catered
cathedral,kә'θi:drәl,n. any large and important church\nn. the principal Christian church building of a bishop's diocese\na. relating to or containing or issuing from a bishop's office or throne,n. 大教堂,,2,,gk cet4 cet6 ky toefl ielts gre,2894,7382,s:cathedrals
catholic,'kæθәlik,n. a member of a Catholic church\na. of or relating to or supporting Catholicism\ns. free from provincial prejudices or attachments,"n. 天主教徒\na. 天主教的, 普遍的, 广泛的, 宽宏大量的",,3,,gk cet6 ky toefl ielts gre,2595,1757,s:catholics
cattle,kætl,n. domesticated bovine animals as a group regardless of sex or age,"n. 牛, 家畜\n[法] 家畜",,2,,gk cet4 cet6 ky ielts,2973,3629,s:cattle/0:cattle/1:s
cause,kɒ:z,"n. events that provide the generative force that is the origin of something\nn. a justification for something existing or happening\nv. give rise to; cause to happen or occur, not always intentionally","n. 原因, 目标\nvt. 引起, 使产生, 使遭受",,5,1,zk gk cet4 cet6 ky toefl ielts,476,601,d:caused/i:causing/s:causes/p:caused/3:causes
caution,'kɒ:ʃәn,n. the trait of being cautious; being attentive to possible danger\nn. a warning against certain acts\nn. judiciousness in avoiding harm or danger\nv. warn strongly; put on guard,"n. 小心, 慎重, 警示\nvt. 警告\n[计] 警告",,2,,gk cet6 ky toefl ielts,4721,5286,d:cautioned/p:cautioned/s:cautions/3:cautions/i:cautioning
cautious,'kɒ:ʃәs,"a. showing careful forethought; never making swift decisions""\ns. avoiding excess","a. 谨慎的, 小心的",,3,,gk cet4 cet6 ky toefl ielts,5239,5231,
cave,keiv,n. a geological formation consisting of an underground enclosure with access from the surface of the ground or from the sea\nv. hollow out as if making a cave or opening\nv. explore natural caves,"n. 洞, 穴\nvi. 凹陷, 塌落\nvt. 挖洞, 使凹陷, 损坏...的基础",,3,,gk cet4 cet6 ky ielts,4161,3562,s:caves/p:caved/d:caved/i:caving/3:caves
CD,,"n a soft bluish-white ductile malleable toxic bivalent metallic element; occurs in association with zinc ores\nn the basic unit of luminous intensity adopted under the Systeme International d'Unites; equal to 1/60 of the luminous intensity per square centimeter of a black body radiating at the temperature of 2,046 degrees Kelvin\nn a debt instrument issued by a bank; usually pays interest\nn a digitally encoded recording on an optical disk that is smaller than a phonograph record; played back by a laser\ns being one hundred more than three hundred","n. 镭射碟, 镭射唱片\n[计] 光盘, 压缩盘, 载波检测, DOS内部命令:显示或改变当前目录",,3,1,zk gk ielts,32141,0,s:cds
ceiling,'si:liŋ,n. the overhead upper surface of a covered space\nn. (meteorology) altitude of the lowest layer of clouds\nn. an upper limit on what is allowed\nn. maximum altitude at which a plane can fly (under specified conditions),"n. 天花板\n[经] 顶点, 顶线, 上限",,2,1,zk gk cet4 cet6 ky toefl,2874,2641,s:ceilings
celebrate,'selibreit,v. have a celebration,"v. 庆祝, 祝贺, 举行",,3,1,zk gk cet4 cet6 ky toefl,2443,2019,i:celebrating/p:celebrated/d:celebrated/3:celebrates
celebration,.seli'breiʃәn,n. a joyful occasion for special festivities to mark some happy event\nn. any joyous diversion\nn. the public performance of a sacrament or solemn ceremony with all appropriate ritual,"n. 庆祝, 庆典",,3,1,gk,3379,2996,s:celebrations
cell,sel,n. any small compartment\nn. (biology) the basic structural and functional unit of all organisms; they may exist as independent units of life (as in monads) or may form colonies or tissues as in higher plants and animals\nn. a device that delivers an electric current as the result of a chemical reaction\nn. a small unit serving as part of or as the nucleus of a larger political movement,"n. 单元, 细胞, 电池\n[计] 单元",,4,1,gk cet4 cet6 ky toefl,769,895,s:cells
cellar,'selә,n. storage space where wines are stored,"n. 地窖, 地下室, 藏酒",,1,,gk cet4 cet6 ky toefl ielts gre,6029,7671,s:cellars
cent,sent,n. a fractional monetary unit of several countries,n. 分\n[经] 美分,,2,1,zk gk cet4 cet6 ky,10111,0,s:cents
centigrade,'sentigreid,a. of or relating to a temperature scale on which the freezing point of water is 0 degrees and the boiling point of water is 100 degrees,"a. 百分度的, 摄氏的\n[医] 百分度",,,,gk cet4 cet6 ky toefl gre,27004,0,
centimetre,"'senti,mi:tә(r)",n a metric unit of length equal to one hundredth of a meter,"n. 厘米, 公分",,1,1,gk cet4 cet6 ky,8893,0,s:centimetres
central,'sentrәl,n. a workplace that serves as a telecommunications facility where lines from telephones can be connected together to permit communication\na. in or near a center or constituting a center; the inner area,"a. 中央的, 重要的\n[医] 中央的, 中心的, 中枢的",,5,1,gk cet4 cet6 ky ielts,521,743,
centre,'sentә,n. a low-lying region in central France,"n. 中心, 中心点, 中锋\na. 中央的, 位在正中的\nvt. 集中, 定中心\nvi. 居中",,5,1,zk gk cet4 cet6 ky ielts,327,0,s:centres/p:centred/d:centred/3:centres/i:centring
century,'sentʃuri,n. a period of 100 years,"n. 世纪, 百年",,5,1,zk gk cet4 cet6 ky ielts,407,605,s:centuries
ceremony,'serimәni,n. a formal event performed on a special occasion\nn. any activity that is performed in an especially solemn elaborate or formal way\nn. the proper or conventional behavior on some solemn occasion,"n. 典礼, 仪式, 礼节\n[法] 典礼, 仪式",,3,1,gk cet4 cet6 ky toefl ielts gre,3313,2670,s:ceremonies
certain,'sә:tәn,s. definite but not specified or identified\na. having or feeling no doubt or uncertainty; confident and assured\na. established beyond doubt or question; definitely known\na. certain to occur; destined or inevitable,"a. 确定的, 某一个的, 必然的\n[法] 确凿的, 无疑的, 可靠的",,3,1,zk gk cet4 ky,440,577,
certainly,'sә:tәnli,r definitely or positively (`sure' is sometimes used informally for `surely'),adv. 确定地,,4,1,gk,540,664,
certificate,sә'tifikeit,n. a document attesting to the truth of certain stated facts\nv. present someone with a certificate\nv. authorize by certificate,"n. 证书, 证明书\nvt. 发给证明书, 用证书批准, 用证书证明",,2,1,gk cet4 cet6 ky ielts,2341,5237,s:certificates/d:certificated/p:certificated/i:certificating/3:certificates
chain,tʃein,n. a series of things depending on each other as if linked together\nn. (chemistry) a series of linked atoms (generally in an organic molecule)\nn. a series of (usually metal) rings or links fitted into one another to make a flexible ligament\nn. (business) a number of similar establishments (stores or restaurants or banks or hotels or theaters) under one ownership,"n. 链, 枷锁, 束缚\nvt. 用铁练锁住, 束缚, 囚禁",,3,1,gk cet4 cet6 ky,1835,1805,s:chains/d:chained/p:chained/i:chaining/3:chains
chair,tʃєә,"n. a seat for one person, with a support for the back\nn. a particular seat in an orchestra\nv. act or preside as chair, as of an academic department in a university","n. 椅子, 显要的席位, 主席\nvt. 使入座, 使就任要职",,4,1,zk gk ielts,1029,946,s:chairs/d:chaired/p:chaired/i:chairing/3:chairs
chairman,'tʃєәmәn,"n the officer who presides at the meetings of an organization\nv act or preside as chair, as of an academic department in a university","n. 主席, 会长\n[经] 主席",,4,1,zk gk cet4 cet6 ky,864,1372,s:chairmen/i:chairmanning/p:chairmanned/3:chairmans/d:chairmanned
chairwoman,'tʃєәwumәn,n the officer who presides at the meetings of an organization,"n. 女主席, 女议长",,,,gk,26627,15732,s:chairwomen
chalk,tʃɒ:k,"n. a soft whitish calcite\nn. a pure flat white with little reflectance\nn. a piece of calcite or a similar substance, usually in the shape of a crayon, that is used to write or draw on blackboards or other flat surfaces\nv. write, draw, or trace with chalk","n. 粉笔, 白垩\nvt. 用粉笔写, 记录",,1,,zk gk cet4 cet6 ky toefl,5988,9095,p:chalked/s:chalks/d:chalked/i:chalking/3:chalks
challenge,'tʃælindʒ,n. a demanding or stimulating situation\nn. a call to engage in a contest or fight\nn. questioning a statement and demanding an explanation\nn. a formal objection to the selection of a particular person as a juror,"n. 挑战, 盘问\nvt. 向...挑战, 要求, 怀疑\nvi. 挑战, 对(证据等)表示异议",,4,1,gk cet4 cet6 ky toefl ielts,1506,984,s:challenges/d:challenged/p:challenged/i:challenging/3:challenges
challenging,'tʃælindʒiŋ,s. stimulating interest or thought\ns. disturbingly provocative,"a. 挑战的, 引起争论的",,2,,gk ielts,7647,4981,0:challenge/1:i/i:challenging
champion,'tʃæmpiәn,n. someone who has won first place in a competition\nn. someone who fights for a cause\nv. protect or fight for as a champion\ns. holding first place in a contest,"n. 冠军, 拥护者, 战士\nvt. 保卫, 拥护\na. 优胜的",,4,,gk cet4 cet6 ky toefl ielts gre,1938,2758,s:champions/d:championed/i:championing/p:championed/3:champions
chance,tʃæns. tʃɑ:ns,n. a risk involving danger\nv. be the case by chance,"n. 机会, 意外, 可能性\nvi. 偶然发生\nvt. 冒险",,5,1,zk gk cet4 ky toefl ielts,617,613,s:chances/p:chanced/d:chanced/i:chancing/3:chances
change,tʃeindʒ,n. an event that occurs when something passes from one state or phase to another\nn. a relational difference between states; especially between states before and after some event\nn. the action of changing something\nn. the result of alteration or modification,"n. 变化, 找回的零钱, 找头, 更换\nvt. 改变, 更换, 兑换",,5,1,zk gk,226,306,s:changes/d:changed/i:changing/p:changed/3:changes
changeable,'tʃeindʒәbl,a. such that alteration is possible; having a marked tendency to change\ns. subject to change\ns. varying in color when seen in different lights or from different angles,a. 可改变的,,,,gk,20685,21649,
channel,'tʃænәl,n. a path over which electrical signals can pass\nn. a passage for water (or other fluids) to flow through\nn. a deep and relatively narrow body of water (as in a river or a harbor or a strait linking two larger bodies) that allows the best passage for vessels\nn. (often plural) a means of communication or access,"n. 海峡, 航道, 频道\nvt. 引导, 在...上挖沟, 形成河道\n[计] 信道, 通道",,4,1,gk cet4 cet6 ky toefl ielts,1617,2518,s:channels/d:channelled/i:channelling/p:channelled/3:channels
chant,tʃænt. tʃɑ:nt,n. a repetitive song in which as many syllables as necessary are assigned to a single tone\nv. recite with musical intonation; recite as a chant or a psalm,"n. 圣歌, 赞美诗\nv. 吟唱, 诵扬",,2,,zk gk ielts gre,8567,6880,i:chanting/p:chanted/s:chants/d:chanted/3:chants
chaos,'keiɒs,n. a state of extreme confusion and disorder\nn. the formless and disordered state of matter before the creation of the cosmos\nn. (Greek mythology) the most ancient of gods; the personification of the infinity of space preceding creation of the universe\nn. (physics) a dynamical system that is extremely sensitive to its initial conditions,"n. 大混乱, 混沌\n[化] 混沌; 浑沌",,3,,gk cet4 cet6 ky toefl ielts gre,4091,3727,
chapter,'tʃæptә,n. a subdivision of a written work; usually numbered and titled\nn. any distinct period in history or in a person's life\nn. a local branch of some fraternity or association\nn. an ecclesiastical assembly of the monks in a monastery or even of the canons of a church,"n. 章, 篇, 重要章节\n[计] 章; 段",,4,1,gk cet4 cet6 ky ielts,593,2976,s:chapters
character,'kærәktә,n. the inherent complex of attributes that determines a persons moral and ethical actions and reactions\nn. an actor's portrayal of someone in a play\nn. a person of a specified kind (usually with many eccentricities)\nn. good repute,"n. 个性, 字符, 人物, 性质, 品格, 资格\n[计] 字符",,4,1,gk cet4 cet6 ky toefl,805,786,s:characters/i:charactering/p:charactered/3:characters/d:charactered
characteristic,.kærәktә'ristik,n. a distinguishing quality\nn. the integer part (positive or negative) of the representation of a logarithm; in the expression log 643 = 2.808 the characteristic is 2\nn. any measurable property of a device measured under closely specified conditions\na. typical or distinctive,"n. 特性, 特征, 特色\na. 特性的, 特有的, 有特色的\n[计] 阶; 指数",,3,1,gk cet4 cet6 ky toefl ielts gre,1811,2032,s:characteristics
charge,tʃɑ:dʒ,n. an impetuous rush toward someone or something\nn. (criminal law) a pleading describing some wrong or offense\nn. the price charged for some article or service\nn. the quantity of unbalanced electricity in a body (either positive or negative) and construed as an excess or deficiency of electrons,"n. 指控, 费用, 冲锋, 电荷, 炸药, 主管, 被托管人, 命令\nvt. 控诉, 加罪于, 使充满, 使充电, 使承担\nvi. 冲锋, 要价, 收费",,5,1,gk cet4 cet6 ky toefl ielts,675,923,s:charges/d:charged/p:charged/i:charging/3:charges
chart,tʃɑ:t,n. a visual display of information\nn. a map designed to assist navigation by air or sea\nv. make a chart of\nv. plan in detail,"n. 图表, 海图\nvt. 制成图表\n[计] 图表",,3,1,gk cet4 cet6 ky toefl ielts,2961,2743,s:charts/i:charting/d:charted/3:charts/p:charted
chat,tʃæt,n. an informal conversation,"n. 闲谈\nvi. 闲谈, 聊天",,3,1,gk ky toefl ielts,4730,5055,i:chatting/p:chatted/s:chats/d:chatted/3:chats
cheap,tʃi:p,a. relatively low in price or charging low prices\ns. embarrassingly stingy,"a. 便宜的, 不值钱的, 可鄙的\nadv. 便宜地",,4,1,zk gk,1389,1930,r:cheaper/t:cheapest
cheat,tʃi:t,n. a deception for profit to yourself\nv. deprive somebody of something by deceit\nv. defeat someone through trickery or deceit\nv. engage in deceitful behavior; practice trickery or fraud,"n. 欺骗, 作弊, 骗子\nv. 欺骗, 逃脱, 骗取",,2,1,zk gk cet4 cet6 ky,5936,4369,i:cheating/d:cheated/p:cheated/s:cheats/3:cheats
check,tʃek,n. a written order directing a bank to pay money\nn. the bill in a restaurant\nn. the act of inspecting or verifying\nn. a mark left after a small piece has been chopped or broken off of something,"n. 检查, 支票, 阻止物, 寄物牌, 象棋中将军\nvt. 检查, 阻止, 核对, 寄存, 托运\nvi. 逐项相符, 开支票\n[计] 复选",,4,1,zk gk toefl ielts gre,997,854,i:checking/d:checked/p:checked/s:checks/3:checks
cheek,tʃi:k,n. either side of the face below the eyes\nv. speak impudently to,"n. 颊, 厚颜, 脸蛋\n[医] 颊",,2,1,gk cet4 cet6 ky,2456,2674,s:cheeks/p:cheeked/i:cheeking/3:cheeks/d:cheeked
cheer,tʃiә,n. a cry or shout of approval\nv. give encouragement to\nv. show approval or good wishes by shouting\nv. cause (somebody) to feel happier or more cheerful,"n. 愉快, 振奋, 欢呼\nvi. 欢呼, 喝彩, 快活起来\nvt. 使振奋, 欢呼",,3,,zk gk cet4 cet6 ky ielts,5070,4621,s:cheers/i:cheering/d:cheered/p:cheered/3:cheers
cheerful,'tʃiәful,a. being full of or promoting cheer; having or showing good spirits\ns. pleasantly (even unrealistically) optimistic,"a. 快活的, 高兴的, 兴高采烈的",,2,1,gk cet4 cet6 ielts,5041,7309,
cheers,tʃiәz,n a cry or shout of approval\nn the quality of being cheerful and dispelling gloom\nv give encouragement to\nv show approval or good wishes by shouting\nv cause (somebody) to feel happier or more cheerful\nv become cheerful\nv spur on or encourage especially by cheers and shouts,"interj. 干杯, 再见",,,,gk,10460,14296,1:s3/0:cheer
cheese,tʃi:z,"n. a solid food prepared from the pressed curd of milk\nv. used in the imperative (get away, or stop it)\nv. wind onto a cheese",n. 乳酪\n[化] 干酪,,3,1,zk gk cet4 ky ielts,2717,2104,d:cheesed/0:cheese/i:cheesing/3:cheese/1:3/p:cheesed/s:cheeses
chef,ʃef,n. a professional cook,n. 厨师,,2,,gk ky toefl gre,6149,3164,s:chefs
chemical,'kemikl,n. material produced by or used in a reaction involving changes in atoms or molecules\na. relating to or used in chemistry\na. of or made from or using substances produced by or used in reactions involving atomic or molecular changes,"n. 化学药品\na. 化学的, 化学上用的",,4,1,gk cet4 cet6 ky,2548,2617,s:chemicals
chemist,'kemist,n. a scientist who specializes in chemistry,"n. 化学家, 药剂师\n[化] 化学家; 化学师; 化学工作者; 药剂师; 药房",,2,1,gk cet4 cet6 ky ielts,5034,9185,s:chemists
chemistry,'kemistri,n. the science of matter; the branch of the natural sciences dealing with the composition of substances and their properties and reactions\nn. the chemical composition and properties of a substance or object\nn. the way two individuals relate to each other,"n. 化学, 化学过程\n[化] 化学",,2,1,zk gk cet4 cet6 ky ielts,3555,4736,
cheque,tʃek,v. withdraw money by writing a check,n. 支票,,2,1,gk cet4 cet6 ky,2753,31750,s:cheques
chess,tʃes,n. weedy annual native to Europe but widely distributed as a weed especially in wheat\nn. a board game for two players who move their 16 pieces according to specific rules; the object is to checkmate the opponent's king,n. 国际象棋\n[建] 雀麦,,2,,zk gk cet4 cet6 ky,7065,6948,
chest,tʃest,n. box with a lid; used for storage; usually large and sturdy,"n. 胸, 胸部, 衣柜, 箱子\n[医] 胸, 胸廓",,3,1,zk gk cet4 cet6 ky toefl ielts,2213,1717,s:chests/p:chested
chew,tʃu:,n. a wad of something chewable as tobacco\nn. biting and grinding food in your mouth so it becomes soft enough to swallow\nv. chew (food); to bite and grind with the teeth,"vt. 咀嚼, 嚼碎\nvi. 咀嚼, 细想\nn. 咀嚼, 咀嚼物",,2,1,gk cet4 cet6 ky ielts,5661,4631,i:chewing/p:chewed/d:chewed/3:chews/s:chews
chick,tʃik,n. young bird especially of domestic fowl,"n. 小鸡, 小鸟, 竹帘",,2,,gk,8245,7269,s:chicks/3:chicks
chicken,'tʃikin,n. the flesh of a chicken used for food\nn. a domestic fowl bred for flesh or eggs; believed to have been developed from the red jungle fowl\nn. a foolhardy competition; a dangerous activity that is continued until one competitor becomes afraid and stops\ns. easily frightened,"n. 小鸡, 鸡肉",,3,1,zk gk cet4 cet6 ky,3030,1538,s:chickens/p:chickened/d:chickened/i:chickening
chief,tʃi:f,s. most important element,"n. 领袖, 酋长, 长官, 主要部分\na. 主要的, 首位的",,5,1,gk cet4 ky toefl ielts,1283,1446,s:chiefs
child,tʃaild,n. a young person of either sex\nn. a human offspring (son or daughter) of any age\nn. an immature childish person\nn. a member of a clan or tribe,"n. 孩子, 产物, 追随者\n[医] 儿童",,5,1,zk gk ielts,114,115,s:children
childhood,'tʃaildhud,n. the time of person's life when they are a child\nn. the state of a child between infancy and adolescence,n. 孩童时期\n[医] 儿童期,,3,,gk cet4 ky,2746,2107,s:childhoods
chimney,'tʃimni,n. a vertical flue that provides a path through which smoke from a fire is carried away through the wall or roof of a building,"n. 烟囱, 灯罩\n[电] 烟囱",,1,,gk cet4 cet6 ky,5724,8321,s:chimneys
China,'tʃainә,n. a communist nation that covers a vast territory in eastern Asia; the most populous country in the world\nn. high quality porcelain originally made only in China,"n. 中国, 瓷器\na. 中国的",,2,,zk gk,1973,7946,
Chinese,tʃai'ni:z,n. any of the Sino-Tibetan languages spoken in China; regarded as dialects of a single language (even though they are mutually unintelligible) because they share an ideographic writing system\nn. a native or inhabitant of Communist China or of Nationalist China\na. of or pertaining to China or its peoples or cultures,"n. 中文, 中国话, 中国人\na. 中国的, 中国话的",,,,zk gk ielts,2214,1218,
chips,tʃips,n strips of potato fried in deep fat\nn a small fragment of something broken off from the whole\nn a triangular wooden float attached to the end of a log line\nn a piece of dried bovine dung\nn a thin crisp slice of potato fried in deep fat\nn a mark left after a small piece has been chopped or broken off of something\nn a small disk-shaped counter used to represent money when gambling\nn electronic equipment consisting of a small crystal of a silicon semiconductor fabricated to carry out a number of electronic functions in an integrated circuit\nn (golf) a low running approach shot\nn the act of chipping something\nv break off (a piece from a whole)\nv cut a nick into\nv play a chip shot\nv form by chipping\nv break a small piece off from,n. 炸土豆条；小木片；（作赌注用的）圆形筹码；缺口（chip的复数形式）,,,,gk,0,0,0:chip/1:s3
chocolate,'tʃɒkәlit,n. a food made from roasted ground cacao beans\nn. a medium brown to dark-brown color,n. 巧克力\na. 巧克力制的,,3,1,zk gk cet4 ky ielts,3142,2636,s:chocolates
choice,tʃɒis,n. the person or thing chosen or selected\nn. the act of choosing or selecting\ns. of superior grade\ns. appealing to refined taste,"n. 选择, 精选品, 选择权\na. 精选的, 挑三拣四的, 上等的\n[计] DOS内部命令:在批处理文件中\n该命令用于提示用户作出选择, 决定批处理文件的流程",,4,1,zk gk cet4 cet6 ky toefl ielts gre,725,630,s:choices
choir,'kwaiә,n. a chorus that sings as part of a religious ceremony\nn. a family of similar musical instrument playing together\nn. the area occupied by singers; the part of the chancel between sanctuary and nave\nv. sing in a choir,"n. 唱诗班, 唱诗班的席位\nv. 合唱",,2,,gk ielts gre,5092,5331,s:choirs
choke,tʃәuk,"n. a coil of low resistance and high inductance used in electrical circuits to pass direct current and attenuate alternating current\nn. a valve that controls the flow of air into the carburetor of a gasoline engine\nv. breathe with great difficulty, as when experiencing a strong emotion\nv. be too tight; rub or press","vt. 窒息, 阻塞, 噎, 抑制\nvi. 窒息, 阻塞, 噎\nn. 窒息, 噎, 阻气门",,2,,gk cet4 cet6 ky toefl ielts gre,6075,5223,p:choked/i:choking/d:choked/3:chokes/s:chokes
choose,tʃu:z,"v. pick out, select, or choose from a number of alternatives\nv. select as an alternative over another\nv. see fit or proper to act in a certain way; decide to act in a certain way","vt. 选择, 宁愿, 欲\nvi. 作出选择, 愿意\n[计] 选取",,4,1,zk gk cet4 ky toefl,594,600,d:chosen/p:chose/i:choosing/3:chooses
chopsticks,'tʃɒpstiks,n one of a pair of slender sticks used as oriental tableware to eat food with,n. 筷子,,,,zk gk,0,17509,0:chopstick/1:s
chorus,'kɒ:rәs,n. any utterance produced simultaneously by a group\nn. a group of people assembled to sing together\nn. a body of dancers or singers who perform together\nn. a company of actors who comment (by speaking or singing in unison) on the action in a classical Greek play,"n. 合唱队, 齐声\nv. 齐声说道, 合唱",,2,,gk cet6 ky toefl ielts gre,5335,5274,s:choruses/p:chorused/i:chorusing/3:choruses/d:chorused
Christian,'kristʃәn,n. a religious person who believes Jesus is the Christ and who is a member of a Christian denomination\na. relating to or characteristic of Christianity\na. following the teachings or manifesting the qualities or spirit of Jesus Christ,"n. 基督徒, 正派人\na. 基督的, 基督教的",,4,,gk cet4 cet6 ky toefl ielts,22058,1271,s:christians
Christmas,'krismәs,"n. period extending from Dec. 24 to Jan. 6\nn. a Christian holiday celebrating the birth of Christ; a quarter day in England, Wales, and Ireland",n. 圣诞节,,4,,zk gk cet4 ky,1142,1232,s:Christmases
church,tʃә:tʃ,n. one of the groups of Christians who have their own beliefs and forms of worship\nn. a place for public (especially Christian) worship\nn. the body of people who attend or belong to a particular local church\nv. perform a special church rite or service for,"n. 教堂, 礼拜, 教会\nvt. 使人接受宗教仪式\na. 教堂的",,4,1,zk gk cet4 ky ielts,393,648,s:churches/i:churching/p:churched/3:churches/d:churched
cigar,si'gɑ:,n. a roll of tobacco for smoking,n. 雪茄,,1,,gk cet6 ky,7267,5696,s:cigars
cigarette,.sigә'ret,n. finely ground tobacco wrapped in paper; for smoking,"n. 香烟, 纸烟",,3,1,gk cet4,2393,2111,s:cigarettes
cinema,'sinәmә,n. a theater where films are shown,"n. 电影院, 电影",,3,1,zk gk ielts,3322,8165,s:cinemas
circle,'sә:kl,n. ellipse in which the two axes are of equal length; a plane curve generated by one point moving at a constant distance from a fixed point\nn. something approximating the shape of a circle\nn. a curved section or tier of seats in a hall or theater or opera house; usually the first tier above the orchestra\nn. any circular or rotating mechanism,"n. 圆周, 社交圈, 循环, 范围\nvt. 围着, 环绕\nvi. 盘旋, 循环",,4,1,zk gk cet4 cet6 ky toefl ielts,1832,1506,s:circles/p:circled/i:circling/d:circled/3:circles
circuit,'sә:kit,n. an electrical device that provides a path for electrical current to flow\nn. an established itinerary of venues or events that a particular group of people travel to\nn. (law) a judicial division of a state or the United States (so-called because originally judges traveled and held court in different locations); one of the twelve groups of states in the United States that is covered by a particular circuit court of appeals\nv. make a circuit,"n. 电路, 环(行)道, 巡回\n[计] 线路; 电路",,3,,gk cet4 cet6 ky toefl ielts gre,2539,4023,s:circuits/d:circuited/i:circuiting/p:circuited/3:circuits
circulate,'sә:kjuleit,"v. cause to become widely known\nv. cause be distributed\nv. move through a space, circuit or system, returning to the starting point\nv. cause to move in a circuit or system","v. (使)流通, (使)循环, (使)传播",,2,,gk cet4 cet6 ky toefl ielts gre,4483,5888,d:circulated/i:circulating/p:circulated/3:circulates
circumstance,'sә:kәmstәns,n. a condition that accompanies or influences some event or activity\nn. information that should be kept in mind when making a decision\nn. formal ceremony about important occasions,"n. 环境, 状况, 事件",,3,1,gk cet4 cet6 toefl ielts,905,1780,s:circumstances
circus,'sә:kәs,"n. a travelling company of entertainers; including trained animals\nn. a performance given by a traveling company of acrobats, clowns, and trained animals\nn. a frenetic disorganized (and often comic) disturbance suggestive of a large public entertainment\nn. (antiquity) an open-air stadium for chariot races and gladiatorial games","n. 马戏团, 马戏, 竞技场",,2,,gk cet6 ky ielts,6391,6045,s:circuses
citizen,'sitizn,n. a native or naturalized member of a state or other political community,"n. 市民, 公民\n[法] 公民, 国民, 市民",,4,1,gk cet4 cet6 ky,1924,1084,s:citizens
city,'siti,n. a large and densely populated urban area; may include several independent administrative districts\nn. an incorporated administrative district established by state charter\nn. people living in a large densely populated municipality,"n. 城市, 市\n[法] 都市, 城市, 市",,4,1,zk gk ielts,331,290,s:cities
civil,'sivәl,s. applying to ordinary citizens as contrasted with the military\na. not rude; marked by satisfactory (or especially minimal) adherence to social usages and sufficient but not noteworthy consideration for others\na. of or occurring within the state or between or among citizens of the state\na. of or relating to or befitting citizens as individuals,"a. 市民的, 公民的, 有礼貌的\n[法] 公民的, 国民的, 民用的",,4,1,gk cet4 cet6 ky toefl gre,1158,1050,
civilian,si'viljәn,n. a nonmilitary citizen\na. associated with civil life or performed by persons who are not active members of the military,"n. 平民, 民法专家\na. 平民的, 百姓的, 民用的",,3,,gk cet4 cet6 ky toefl ielts gre,5055,3219,s:civilians
civilization,si.vilai'zeiʃәn,"n. a society in an advanced state of social development (e.g., with complex legal and political and religious organizations)\nn. the social process whereby societies achieve an advanced stage of development and organization","n. 文明, 教化\n[法] 文明, 文化, 文明国家的总称",,2,,gk cet4 cet6 ky toefl,6655,3459,s:civilizations
clap,klæp,v. put quickly or forcibly\nv. cause to strike the air in flight\nv. clap one's hands together\nv. strike the air in flight,"n. 拍手, 拍手声, 霹雳声, 花柳病\nv. 鼓掌, (使)啪地关上",,1,1,zk gk cet4 cet6 ky toefl,8015,6723,p:clapped/i:clapping/d:clapped/3:claps/s:claps
clarify,'klærifai,"v. make clear and (more) comprehensible\nv. make clear by removing impurities or solids, as by heating","vi. 澄清, 阐明\nvt. 使明晰",,2,,gk cet4 cet6 ky toefl ielts gre,4552,5050,d:clarified/i:clarifying/3:clarifies/p:clarified
class,klɑ:s,"n. a collection of things sharing a common attribute\nn. a body of students who are taught together\nn. people having the same social, economic, or educational status\nn. a league ranked by quality","n. 班级, 阶级, 种类, 课\nvt. 分类\n[计] 类别; 类; 种类; 类程",,5,1,zk gk ielts,387,431,s:classes/d:classed/i:classing/p:classed/3:classes
classic,'klæsik,n. a creation of the highest excellence\nn. an artist who has created classic works,"n. 古典作品, 杰作, 大艺术家\na. 第一流的, 最优秀的, 古典的",,4,1,gk cet4 cet6 ky ielts,2967,2616,s:classics
classical,'klæsikl,a. of or relating to the most highly developed stage of an earlier civilisation and its culture\na. of or relating to the study of the literary works of ancient Greece and Rome\ns. (language) having the form used by ancient standard authors\ns. of or pertaining to or characteristic of the ancient Greek and Roman cultures,"a. 古典的, 正统派的, 经典的\n[医] 古典的; 标准的, 典型的",,3,,gk cet4 cet6 ky ielts,2562,3489,s:classicals
classify,'klæsifai,"v. arrange or order by classes or categories\nv. declare unavailable, as for security reasons","vt. 分类, 归类, 分等\n[建] 分类, 分级, 分粒",,2,,gk cet4 cet6 ky toefl ielts gre,4168,4515,d:classified/i:classifying/3:classifies/p:classified
classmate,'klɑ:smeit,n an acquaintance that you go to school with,n. 同班同学,,1,,zk gk cet4 ky,18807,5247,s:classmates
classroom,'klɑ:sru:m,n. a room in a school where lessons take place,n. 教室,,2,1,zk gk ielts,2842,1479,s:classrooms
claw,klɒ:,"n. sharp curved horny process on the toe of a bird or some mammals or reptiles\nn. a grasping structure on the limb of a crustacean or other arthropods\nn. a bird's foot\nv. move as if by clawing, seizing, or digging","n. 爪, 螯, 抓伤\nv. 用爪抓, 挖, 搜刮",,1,,gk cet4 cet6 ky toefl,8058,6934,s:claws/p:clawed/i:clawing/d:clawed/3:claws
clay,klei,n. a very fine-grained soil that is plastic when moist but hard when fired\nn. United States general who commanded United States forces in Europe from 1945 to 1949 and who oversaw the Berlin airlift (1897-1978)\nn. United States politician responsible for the Missouri Compromise between free and slave states (1777-1852),"n. 泥土, 肉体, 黏土\n[化] 粘土",,2,,gk cet4 cet6 ky toefl gre,3961,4771,s:clays
clean,kli:n,"v. make clean by removing dirt, filth, or unwanted substances from\nv. remove unwanted substances from, such as feathers or pits\nv. be cleanable\nv. deprive wholly of money in a gambling game, robbery, etc.","a. 干净的, 清白的, 简洁的\nadv. 清洁地, 完全地\nvt. 清理, 使干净, 出空\nvi. 被搞干净\nn. 打扫",,4,1,zk gk toefl ielts,1780,1514,i:cleaning/d:cleaned/r:cleaner/p:cleaned/3:cleans/t:cleanest
cleaner,'kli:nә,n. the operator of dry-cleaning establishment\nn. someone whose occupation is cleaning,"n. 清洁工人, 清洁剂, 干洗商\n[化] 滤清器; 除垢器; 洗净剂; 清洁剂",,2,,gk ielts,5033,6567,0:clean/1:r/s:cleaners
clear,kliә,n. the state of being free of suspicion\nv. make a way or path by removing objects\nv. remove\nv. be debited and credited to the proper bank accounts,"a. 清楚的, 明确的, 澄清的\nadv. 清晰地\nvt. 澄清, 清除障碍\nvi. 放晴, 变清澈\nn. 空隙\n[计] 清除",,5,1,zk gk ielts,390,563,d:cleared/r:clearer/p:cleared/i:clearing/t:clearest/3:clears
clearly,'kliәli,r. without doubt or question\nr. in an easily perceptible manner,adv. 清楚地,,,1,gk cet4,650,846,
clerk,klә:k,"n. an employee who performs clerical work (e.g., keeps records or accounts)\nv. work as a clerk, as in the legal business","n. 办事员, 职员, 文书\nvi. 当店员",,2,1,gk cet4 ky toefl,2959,3877,s:clerks/i:clerking/p:clerked/3:clerks/d:clerked
clever,'klevә,s. showing inventiveness and skill,"a. 聪明的, 精明的",,3,1,zk gk cet4 ky ielts,3025,4978,r:cleverer/t:cleverest
click,klik,n. depression of a button on a computer mouse\nv. make a clicking or ticking sound\nv. produce a click\nv. become clear or enter one's consciousness or emotions,"n. 咔哒声, 啪嗒声\nvi. 作咔哒声\nvt. 使发咔哒声\n[计] 单击",,2,1,gk ky ielts,6659,3794,p:clicked/i:clicking/s:clicks/3:clicks/d:clicked
climate,'klaimit,n. the weather in some location averaged over some long period of time\nn. the prevailing psychological state,"n. 气候, 社会趋势, 气候区\n[医] 气候",,3,1,gk cet4 ky toefl,2643,2103,s:climates
climb,klaim,"n. an event that involves rising to a higher point (as in altitude or temperature or intensity etc.)\nn. the act of climbing something\nv. go upward with gradual or continuous progress\nv. move with difficulty, by grasping","v. 攀登, 上升, 爬\nn. 攀登, 爬升",,3,1,zk gk cet4 cet6 ky,1646,1566,p:climbed/i:climbing/d:climbed/3:climbs/s:climbs
clinic,'klinik,n. a medical establishment run by a group of medical specialists\nn. meeting for diagnosis of problems and instruction or remedial work in a particular activity\nn. a healthcare facility for outpatient care,"n. 诊所, 临床教学\n[医] 诊所(门诊部); 临床(讲解); 临床(学)科",,3,,gk cet6 ky toefl ielts,3298,2388,s:clinics
clock,klɒk,n. a timepiece that shows the time of day\nv. measure the time or duration of an event or action or the person who performs an action in a certain period of time,"n. 时钟, 计时器, (袜子上的)绣花边花\nvt. 绣花样, 记时, 记录\nvi. 记录时间\n[计] 时钟",,3,1,zk gk cet4 ky ielts,2543,2635,s:clocks/p:clocked/d:clocked/i:clocking/3:clocks
clone,klәun,n. a group of genetically identical cells or organisms derived from a single cell or individual by some kind of asexual reproduction\nv. make multiple identical copies of,n. 无性系\n[计] 代用件,,1,,zk gk ky,7440,9023,s:clones/i:cloning/p:cloned/3:clones/d:cloned
close,klәuz,"v. move so that an opening or passage is obstructed; make shut\nv. become closed\nv. finish or terminate (meetings, speeches, etc.)\nv. complete a business deal, negotiation, or an agreement","n. 结束, 完结\na. 靠近的, 亲近的, 亲密的, 严密的, 关闭的, 狭窄的, 秘密的\nvt. 关, 结束, 使靠近, 封闭, 使接近\nvi. 关闭, 结束, 靠近\nadv. 接近地, 紧密地\n[计] 关闭",,3,1,zk gk toefl,647,649,p:closed/r:closer/d:closed/i:closing/t:closest/3:closes
cloth,klɒ:θ. klɒθ,n artifact made by weaving or felting or knitting or crocheting natural or synthetic fibers,"n. 布料, 织品, 布\n[建] 布",,2,1,gk cet4 ky ielts,3307,3540,s:cloths
clothes,klәuðz,n clothing in general\nv provide with clothes or put clothes on\nv furnish with power or authority; of kings or emperors\nv cover as if with clothing,n. 衣服,,4,1,zk gk ielts,1315,1434,s:clothes/0:clothes/1:s
clothing,'klәuðiŋ,n. a covering designed to be worn on a person's body,n. 衣服,,3,1,gk cet4 ky toefl ielts,3372,2650,i:clothing/0:clothing/1:i
cloud,klaud,"n. any collection of particles (e.g., smoke or dust) or gases that is visible\nn. a visible mass of water or ice particles suspended at a considerable altitude\nn. out of touch with reality\nn. a cause of worry or gloom or trouble","n. 云, 阴暗, 烟雾, 疑团\nvt. 以云遮敝, 笼罩, 使黯然\nvi. 乌云密布, 阴沉",,3,1,zk gk,2333,1914,s:clouds/d:clouded/p:clouded/i:clouding/3:clouds
cloudy,'klaudi,s. lacking definite form or limits\na. full of or covered with clouds\ns. (of liquids) clouded as with sediment,"a. 多云的, 有愁容的, 云的, 浑浊的\n[建] (混)浊的",,1,,zk gk,11760,10229,r:cloudier
club,klʌb,n. a formal association of people with similar interests\nn. stout stick that is larger at one end\nn. a playing card in the minor suit that has one or more black trefoils on it\nv. unite with a common purpose,"n. 俱乐部, 木棍, 球棒\nvt. 用棍棒打, 缴纳\nvi. 联合起来\na. 俱乐部的",,5,1,zk gk cet4 ky ielts,493,1257,s:clubs/d:clubbed/i:clubbing/p:clubbed/3:clubs
clumsy,'klʌmzi,s lacking grace in movement or posture\ns not elegant or graceful in expression\ns difficult to handle or manage especially because of shape\ns showing lack of skill or aptitude,"a. 笨拙的, 不雅观的, 粗陋的",,1,,gk cet4 cet6 ky toefl ielts gre,8653,9209,r:clumsier/t:clumsiest
coach,kәutʃ,"n. (sports) someone in charge of training an athlete or a team\nn. a person who gives private instruction (as in singing, acting, etc.)\nn. a carriage pulled by four horses with one driver\nv. teach and supervise (someone); act as a trainer or coach (to), as in sports","n. 四轮大马车, 教练\nvt. 训练, 指导\nvi. 坐马车旅行, 作指导",,4,1,zk gk cet4 cet6 ky toefl ielts,2347,1033,s:coaches/i:coaching/d:coached/p:coached/3:coaches
coal,kәul,n. fossil fuel consisting of carbonized vegetable matter deposited in the Carboniferous period\nv. supply with coal\nv. take in coal,"n. 煤, 木炭\nv. 加煤",,3,1,zk gk cet4 cet6 ky,1761,3336,s:coals/i:coaling/p:coaled/3:coals/d:coaled
coast,kәust,n. a slope down which sleds may coast\nn. the area within view\nv. move effortlessly; by force of gravity,"n. 海岸, 滑坡\nv. 沿海岸而行",,4,1,zk gk cet4 cet6 ky,1854,2436,s:coasts/i:coasting/p:coasted/3:coasts/d:coasted
coat,kәut,n. an outer garment that has sleeves and covers the body from shoulder down; worn outdoors\nn. growth of hair or wool or fur covering the body of an animal\nv. put a coat on; cover the surface of; furnish with a surface\nv. cover or provide with a coat,"n. 外套\nvt. 外面覆盖, 给...穿外套",,3,1,zk gk cet4 ky toefl,2138,2247,s:coats/d:coated/i:coating/p:coated/3:coats
cock,kɒk,n. obscene terms for penis\nn. adult male chicken\nn. adult male bird\nv. tilt or slant to one side,"n. 公鸡, 雄禽, 龙头, 头目, 锥形小干草堆\nvt. 使耸立, 使竖起, 堆成锥形小干草堆\nvi. 大摇大摆地走, 翘起",,2,,gk cet4 cet6 ky,7962,8484,s:cocks/p:cocked/i:cocking/d:cocked/3:cocks
cocoa,'kәukәu,n. a beverage made from cocoa powder and milk and sugar; usually drunk hot\nn. powder of ground roasted cacao beans with most of the fat removed,"n. 可可粉, 可可茶, 可可色\n[医] 可可, 可可豆",,1,,gk,8892,8963,s:cocoas
coffee,'kɒfi,n. a beverage consisting of an infusion of ground coffee beans\nn. any of several small trees and shrubs native to the tropical Old World yielding coffee beans,"n. 咖啡, 咖啡色\n[医] 咖啡, 咖啡豆",,3,1,zk gk ielts,1403,1388,s:coffees
coin,kɒin,n. a flat metal piece (usually a disc) used as money\nv. make up,"n. 硬币, 金钱, 货币\nvt. 铸币, 创造, 杜撰",,1,1,zk gk cet4 cet6 ky toefl ielts,2964,4376,s:coins/p:coined/d:coined/i:coining/3:coins
coincidence,kәu'insidәns,n. an event that might have been arranged although it was really accidental\nn. the quality of occupying the same position or area in space,"n. 巧合, 同时发生\n[电] 符合计数器",,2,,gk cet6 ky toefl ielts,5527,5812,s:coincidences
coke,kәuk,n. carbon fuel produced by distillation of coal\nn. street names for cocaine\nv. become coke,"n. 可口可乐, 焦炭\nv. (使)成焦炭",,1,,zk gk,7803,12273,s:cokes/i:coking/d:coked/p:coked/3:cokes
cold,kәuld,n. a mild viral infection involving the nose and respiratory passages (but not the lungs)\nn. the sensation produced by low temperatures\na. having a low or inadequate temperature or feeling a sensation of coldness or having been made cold by e.g. ice or refrigeration\na. extended meanings; especially of psychological coldness; without human warmth or emotion,"n. 感冒, 寒冷\na. 寒冷的, 冷淡的, 冷静的\nadv. 完全地",,4,1,zk gk cet4 ky,972,885,r:colder/s:colds/t:coldest
collar,'kɒlә,"n. a band that fits around the neck and is usually folded over\nn. (zoology) an encircling band or marking around the neck of any animal\nn. anything worn or placed about the neck\nn. a short ring fastened over a rod or shaft to limit, guide, or secure a machine part","n. 衣领, 颈圈\nvt. 控制, 扭住衣领, 给...装上领子",,2,,gk cet4 cet6 ky gre,4205,4548,s:collars/i:collaring/p:collared/3:collars/d:collared
colleague,'kɒli:g,n. an associate that one works with\nn. a person who is member of one's class or profession,"n. 同事, 同僚",,4,1,gk cet4 cet6 ky toefl,1338,1518,s:colleagues
collect,kә'lekt,n. a short prayer generally preceding the lesson in the Church of Rome or the Church of England\nv. call for and obtain payment of\nv. get or bring together\nv. gather or collect,"v. 收集, 聚集, 集中, 搜集\na. 由收到者付款的\nadv. 由收到者付款地",,4,1,zk gk cet4 cet6 ky,1222,1318,d:collected/i:collecting/p:collected/3:collects
collection,kә'lekʃәn,n. several things grouped together or considered as a whole\nn. a publication containing a variety of works\nn. the act of gathering something together,"n. 收集, 采集, (一批)收藏品, 募捐\n[医] 收集; 收集品, 标本",,4,1,gk cet4 cet6 ky ielts gre,1038,1045,s:collections
college,'kɒlidʒ,n. the body of faculty and students of a college\nn. an institution of higher education created to educate and grant degrees; often a part of a university\nn. a complex of buildings in which an institution of higher education is housed,"n. 学院, 大学, 学会",,4,1,zk gk ielts,802,415,s:colleges
collision,kә'liʒәn,n. (physics) a brief event in which two or more bodies come together\nn. an accident resulting from violent impact of a moving object\nn. a conflict of opposed ideas or attitudes or goals,"n. 碰撞, 冲突, 抵触\n[计] 冲突",,2,,gk cet4 cet6 ky toefl ielts gre,6488,5633,s:collisions
colour,'kʌlә,"n any material used for its color\nn a race with skin pigmentation different from the white race (especially Blacks)\nn (physics) the characteristic of quarks that determines their role in the strong interaction\nn interest and variety and intensity\nn the timbre of a musical sound\nn a visual attribute of things that results from the light they emit or transmit or reflect\nn an outward or token appearance or form that is deliberately misleading\nn the appearance of objects (or light sources) described in terms of a person's perception of their hue and lightness (or brightness) and saturation\nv modify or bias\nv decorate with colors\nv give a deceptive explanation or excuse for\nv affect as in thought or feeling\nv add color to\nv change color, often in an undesired manner\na having or capable of producing colors","n. 颜色, 面色, 颜料, 外貌\nvt. 把...涂上颜色, 粉饰, 使脸红, 歪曲\nvi. 变色",,5,1,zk gk,642,0,s:colours/d:coloured/i:colouring/p:coloured/3:colours
comb,kәum,n. a flat device with narrow pointed teeth on one edge; disentangles or arranges hair\nn. the fleshy red crest on the head of the domestic fowl and other gallinaceous birds\nn. any of several tools for straightening fibers\nn. ciliated comb-like swimming plate of a ctenophore,"n. 头梳, 鸡冠\nvt. 梳头发, 梳毛\nvi. (浪)涌起",,1,,gk cet4 cet6 ky,9845,7329,p:combed/i:combing/s:combs/d:combed/3:combs
combine,kәm'bain,n. harvester that heads and threshes and cleans grain while moving across the field\nv. add together from different sources\nv. join for a common purpose or in a common action,"v. (使)联合, (使)结合\nn. (企业的)联合, 联合收割机",,3,1,gk cet4 cet6 ky toefl ielts,1581,1448,d:combined/i:combining/3:combines/p:combined/s:combines
come,kʌm,"v. move toward, travel toward something or somebody or approach something or somebody\nv. come to pass; arrive, as in due course\nv. reach or enter a state, relation, condition, use, or position\nv. to be the product or result","vi. 过来, 来, 到达, 出现, 开始\ninterj. 喂",,5,1,zk gk ielts,65,70,p:came/i:coming/3:comes/d:come/0:come/1:d
comedy,'kɒmidi,n. light and humorous drama with a happy ending,"n. 喜剧, 有趣的事情",,3,1,gk cet4 cet6 ky toefl ielts,4172,3216,s:comedies
comfort,'kʌmfәt,"n. a state of being relaxed and feeling no pain\nn. a feeling of freedom from worry or disappointment\nn. satisfaction or physical well-being provided by a person or thing\nn. assistance, such as that provided to an enemy or to a known criminal","n. 舒适, 安慰, 安慰者\nvt. 安慰",,3,1,gk cet4 cet6 ky,2827,2928,s:comforts/d:comforted/p:comforted/i:comforting/3:comforts
comfortable,'kʌmfәtәbl,a. providing or experiencing physical well-being or relief (`comfy' is informal)\na. free from stress or conducive to mental ease; having or affording peace of mind\ns. more than adequate\ns. sufficient to provide comfort,"a. 舒服的, 轻松的\nn. 盖被",,3,1,zk gk cet4 cet6 ky ielts,2195,1701,
comma,'kɒmә,"n. a punctuation mark (,) used to indicate the separation of elements within the grammatical structure of a sentence\nn. anglewing butterfly with a comma-shaped mark on the underside of each hind wing","n. 逗点, 逗号",,,,gk gre,10368,18884,s:commas
command,kә'mɑ:nd,n. an authoritative direction or instruction to do something\nn. a military unit or region under the control of a single officer\nn. the power or authority to command\nn. availability for use,"n. 命令, 指挥, 控制, 部队, 司令部\nv. 命令, 指挥, 控制\n[计] 命令; 指令; DOS外部命令:启动新的命令处理器",,3,1,gk cet4 cet6 ky,2166,2378,s:commands/p:commanded/d:commanded/3:commands/i:commanding
comment,'kɒment,n. a written explanation or criticism or illustration that is added to a book or other textual material\nv. make or write a comment on\nv. explain or interpret something,"n. 注解, 批评, 评论, 备注\nvi. 评论, 注解\n[计] 备注",,4,1,gk cet4 cet6 ky toefl ielts,1279,1363,s:comments/p:commented/i:commenting/d:commented/3:comments
commit,kә'mit,v. cause to be admitted; of persons to an institution\nv. engage in or perform,"vt. 委托(托付), 犯罪, 指派...作战, 使承担义务\n[法] 犯, 做, 把...交托给",,4,1,gk cet4 cet6 ky toefl ielts gre,1393,1394,d:committed/i:committing/p:committed/3:commits
commitment,kә'mitmәnt,n. the act of binding yourself (intellectually or emotionally) to a course of action\nn. an engagement by contract involving financial obligation\nn. a message that makes a pledge\nn. the official act of consigning a person to confinement (as in a prison or mental hospital),"n. 委托, 交押, 承担义务, 赞助\n[医] 院禁",,2,1,gk cet4 cet6 toefl ielts,1355,1616,s:commitments
committee,kә'miti,n. a special group delegated to consider some matter\nn. a self-constituted organization to promote something,n. 委员会\n[经] 委员会,,5,1,gk cet4 cet6 ky toefl ielts,450,1428,s:committees
common,'kɒmәn,a. belonging to or participated in by a community as a whole; public\na. having no special distinction or quality; widely known or commonly encountered; average or ordinary or usual\ns. common to or shared by two or more parties\ns. commonly encountered,"a. 通常的, 共同的, 通俗的, 公共的\n[计] 公用块",,1,1,zk gk cet4 cet6 ky ielts,554,710,
communicate,kә'mju:nikeit,v. transmit information\nv. transmit thoughts or feelings\nv. join or connect\nv. be in verbal contact; interchange information or ideas,"vt. 显露, 传达, 感染\nvi. 通讯",,3,1,zk gk cet4 cet6 ky toefl gre,3006,2672,d:communicated/i:communicating/3:communicates/p:communicated
communication,kә.mju:ni'keiʃәn,n. the activity of communicating; the activity of conveying information\nn. something that is communicated by or to or between people or groups\nn. a connection allowing access between persons or places,"n. 交流, 交通, 通讯\n[计] 通信",,3,1,zk gk cet4 cet6 ky toefl ielts,1039,1250,s:communications
communism,'kɒmjunizm,n. a form of socialism that abolishes private ownership\nn. a political theory favoring collectivism in a classless society,n. 共产主义,,,,gk cet4 cet6 ky,5758,7085,
communist,'kɒmjunist,n. a member of the communist party\nn. a socialist who advocates communism\na. relating to or marked by communism,"n. 共产主义者, 共产党员\n[法] 共产主义的, 共产党的",,4,,gk cet4 cet6,2146,5543,s:communists
companion,kәm'pænjәn,n. a friend who is frequently in the company of another\nn. a traveler who accompanies you\nn. one paid to accompany or assist or live with another,"n. 朋友, 陪伴, 指南, 升降口围罩\nvt. 陪伴",,2,,gk cet4 cet6 ky toefl ielts gre,3024,3547,s:companions/i:companioning/p:companioned/3:companions/d:companioned
company,'kʌmpәni,n. an institution created to conduct business\nn. small military unit; usually two or three platoons\nn. the state of being with someone\nn. organization of performers and associated personnel (especially theatrical),"n. 公司, 友伴, 交往, 连队, 朋友, 一群\nvt. 陪伴\nvi. 交往",,5,1,zk gk toefl ielts,151,189,s:companies/i:companying/p:companied/3:companies/d:companied
compare,kәm'pєә,"v. examine and note the similarities or differences of\nv. be comparable\nv. consider or describe as similar, equal, or analogous\nv. to form the comparative or superlative form on an adjective or adverb","vt. 比较, 比喻, 对照\nvi. 相比\nn. 比较\n[计] 比较",,3,1,zk gk cet4 cet6 ky toefl ielts,773,831,d:compared/i:comparing/3:compares/p:compared
compass,'kʌmpәs,n. navigational instrument for finding directions\nn. the limit of capability\nn. drafting instrument used for drawing circles\nv. bring about; accomplish,"n. 指南针, 范围, 音域\nvt. 包围, 达到, 图谋, 理解",,1,,gk cet4 cet6 ky toefl ielts gre,7064,7958,s:compasses/p:compassed/i:compassing/3:compasses/d:compassed
compensate,'kɒmpenseit,v. adjust for\nv. make amends for; pay compensation for\nv. make payment to; compensate,"v. 偿还, 补偿, 付报酬",,2,,gk cet6 ky toefl ielts gre,4464,5037,d:compensated/i:compensating/3:compensates/p:compensated
compete,kәm'pi:t,v. compete for something; engage in a contest; measure oneself against others,"vi. 竞争, 对抗",,3,1,gk cet4 cet6 ky toefl gre,2583,2065,i:competing/p:competed/3:competes/d:competed
competence,'kɒmpitәns,n. the quality of being adequately or well qualified physically and intellectually,"n. 胜任, 职称, 能力\n[医] 能力, 活性",,1,,gk cet6 toefl ielts gre,4201,5191,s:competences
competition,.kɒmpi'tiʃәn,n. a business relation in which two parties compete to gain customers\nn. the act of competing as for profit or a prize,"n. 竞争, 竞赛\n[经] 竞争, 竞销, 比赛",,4,1,zk gk cet4 cet6 ky toefl ielts,992,1345,s:competitions
competitor,kәm'petitә,n the contestant you hope to defeat,"n. 竞争者\n[经] 竞争者, 竞争对手",,3,,gk cet6,3328,3259,s:competitors
complete,kәm'pli:t,"v. come or bring to a finish or an end; others finished in over 4 hours""\nv. bring to a whole, with all the necessary parts or elements\nv. complete a pass\nv. write all the required information onto a form","a. 完全的, 十足的, 完成的\nvt. 完成, 完工, 使圆满",,5,1,zk gk cet4 cet6 ky toefl ielts,998,1207,d:completed/p:completed/i:completing/3:completes
complex,kәm'pleks,n. a conceptual whole made up of complicated and related parts\nn. a compound described in terms of the central atom to which other atoms are bound or coordinated\nn. (psychoanalysis) a combination of emotions and impulses that have been rejected from awareness but still influence a person's behavior\na. complicated in structure; consisting of interconnected parts,"n. 综合体, 情结, 络合物\na. 复杂的, 组合的",,4,1,gk cet4 cet6 ky toefl ielts,1339,1598,s:complexes/p:complexed
component,kәm'pәunәnt,n. an abstract part of something\nn. an artifact that is one of the individual parts of which a composite entity is made up; especially a part that can be separated from or attached to a system,"n. 元件, 组件, 成分\na. 组成的, 构成的\n[计] 组件",,3,,gk cet4 cet6 ky toefl ielts gre,1631,1760,s:components
composition,kɒmpә'ziʃәn,n. the spatial property resulting from the arrangement of parts in relation to each other and to the whole\nn. a mixture of ingredients\nn. an essay (especially one written as an assignment)\nn. something that is created by arranging several things to form a unified whole,"n. 作文, 创作, 组成\n[化] 成分; 组成",,1,,zk gk cet4 cet6 ky toefl ielts,2911,3000,s:compositions
comprehension,.kɒmpri'henʃәn,n. an ability to understand the meaning or importance of something (or the knowledge acquired as a result),"n. 理解, 包含",,1,,gk cet4 cet6 ky toefl,7886,7826,
compromise,'kɒmprәmaiz,"n. a middle way between two extremes\nn. an accommodation in which both sides make concessions\nv. make a compromise; arrive at a compromise; we all must compromise""\nv. settle by concession","n. 妥协, 折中, 折中方案, 和解\nvi. 妥协处理\nvt. 危害",,3,,gk cet4 cet6 ky toefl ielts gre,3685,3751,s:compromises/d:compromised/i:compromising/p:compromised/3:compromises
compulsory,kәm'pʌlsәri,s. required by rule,"a. 被强制的, 强迫的, 义务的\n[经] 强迫的, 强制的",,2,,gk cet6 ky toefl ielts gre,3997,12735,
computer,kәm'pju:tә,n. a machine for performing calculations automatically,"n. 电脑, 电子计算机\n[计] 计算机",,4,1,zk gk ielts,580,589,s:computers
comrade,'kɒmreid,n. a fellow member of the Communist Party,"n. 同志, 伙伴",,1,,gk cet4 cet6 ky,6545,7425,s:comrades
concentrate,'kɒnsәntreit,"n. a concentrated form of a foodstuff; the bulk is reduced by removing water\nn. a concentrated example of something\nv. make denser, stronger, or purer\nv. direct one's attention on something","n. 浓缩, 精选\nv. 集中, 专心",,3,1,gk cet4 cet6 ky ielts gre,1341,2358,d:concentrated/i:concentrating/p:concentrated/3:concentrates/s:concentrates
concept,'kɒnsept,n. an abstract or general idea inferred or derived from specific instances,"n. 观念, 概念\n[医] 概念",,3,1,gk cet4 cet6 ky toefl,1101,1158,s:concepts
concern,kәn'sә:n,n. something that interests you because it is important or affects you\nn. an anxious feeling\nn. a feeling of sympathy for someone or something\nn. something or someone that causes anxiety; a source of unhappiness,"n. 关心, 忧虑\nvt. 与...有关, 使担心, 使挂念",,5,1,gk cet4 cet6 ky ielts,836,717,s:concerns/3:concerns/p:concerned/i:concerning/d:concerned
concert,'kɒnsәt,n. a performance of music by players or singers not involving theatrical staging\nv. contrive (a plan) by mutual agreement\nv. settle by agreement,"n. 音乐会, 和声, 一致\nvt. 协力, 协调\nvi. 协力\n[计] 美国北卡罗来纳州Internet网",,3,1,zk gk cet4 cet6 ky toefl ielts,2941,2515,s:concerts/i:concerting
conclude,kәn'klu:d,v. bring to a close\nv. reach a conclusion after a discussion or deliberation\nv. come to a close\nv. reach agreement on,"vt. 结束, 作结论, 推断\nvi. 结束, 推断",,3,1,gk cet4 cet6 ky toefl,1687,1670,p:concluded/d:concluded/3:concludes/i:concluding
conclusion,kәn'klu:ʒәn,n. an intuitive assumption\nn. the proposition arrived at by logical reasoning (such as the proposition that must follow from the major and minor premises of a syllogism)\nn. a final settlement\nn. the last section of a communication,"n. 结论, 结尾, 推论\n[法] 缔结, 结论, 推论",,3,1,gk cet4 cet6 ky ielts,1282,1666,s:conclusions
concrete,'kɒnkri:t,n. a strong hard building material composed of sand and gravel and cement and water\nv. cover with cement\nv. form into a solid mass; coalesce\na. capable of being perceived by the senses; not abstract or imaginary,"n. 凝结物, 混凝土\na. 具体的, 实在的, 混凝土的\nv. (使)凝结, 用混凝土浇筑",,3,1,gk cet4 cet6 ky toefl ielts gre,3840,3310,i:concreting/d:concreted/p:concreted/3:concretes
condemn,kәn'dem,v. express strong disapproval of\nv. declare or judge unfit for use or habitation\nv. compel or force into a particular state or activity\nv. demonstrate the guilt of (someone),"vt. 判刑, 责备, 谴责\n[法] 定罪, 判刑, 宣告有罪",,3,,gk cet4 cet6 ky toefl ielts gre,3223,4138,d:condemned/p:condemned/i:condemning/3:condemns
condition,kәn'diʃәn,n. a state at a particular time\nn. an assumption on which rests the validity or effect of something else\nn. a mode of being or form of existence of a person or thing\nn. the state of (good) health (especially in the phrases `in condition' or `in shape' or `out of condition' or `out of shape'),"n. 情况, 条件\nvt. 使健康, 以...为条件, 决定, 使适应\n[计] 条件",,5,1,zk gk cet4 cet6 ky toefl ielts,399,629,s:conditions/d:conditioned/i:conditioning/p:conditioned/3:conditions
conduct,"'kɔndʌkt, -dәkt","v. direct the course of; manage or control\nv. lead, as in the performance of a composition; Barenboim conducted the Chicago symphony for years""\nv. lead musicians in the performance of","n. 行为, 举动, 指导\nvt. 为人, 指挥, 管理, 实施\nvi. 领导, 传导, 指挥",,4,1,gk cet4 cet6 ky toefl gre,1792,1162,d:conducted/i:conducting/p:conducted/3:conducts
conductor,kәn'dʌktә,"n. the person who leads a musical group\nn. a substance that readily conducts e.g. electricity and heat\nn. the person who collects fares on a public conveyance\nn. a device designed to transmit electricity, heat, etc.","n. 领导者, 指挥者, 售票员, 向导\n[化] 导体",,2,,gk cet4 cet6 ky toefl,6176,5912,s:conductors
conference,'kɒnfәrәns,n. a prearranged meeting for consultation or exchange of information or discussion (especially one with a formal agenda)\nn. a discussion among participants who have an agreed (serious) topic,"n. 会议\n[经] 会议, 讨论会, 协商会",,5,1,zk gk cet4 cet6 ky toefl ielts gre,890,965,s:conferences
confident,'kɒnfidәnt,a. having or marked by confidence or assurance\ns. not liable to error in judgment or action,"a. 有信心的, 有把握的",,3,1,gk cet4 cet6 ky toefl ielts,2580,2866,
confidential,.kɒnfi'denʃәl,s. entrusted with private information and the confidence of another\ns. (of information) given in confidence or in secret\ns. denoting confidence or intimacy\ns. the level of official classification for documents next above restricted and below secret; available only to persons authorized to see documents so classified,"a. 机密的, 获他人信赖的, 易于信任他人的\n[经] 秘密件",,2,,gk cet6 ky toefl ielts gre,5254,7010,
confirm,kәn'fә:m,v. establish or strengthen as with new evidence or facts\nv. strengthen or make more firm\nv. make more firm\nv. support a person for a position,"vt. 证实, 确定, 批准, 使巩固\n[计] 确认",,4,1,gk cet4 cet6 ky toefl ielts gre,1156,1851,d:confirmed/p:confirmed/3:confirms/i:confirming
conflict,'kɒnflikt,n. an open clash between two opposing groups (or individuals)\nn. opposition between two simultaneous but incompatible feelings\nn. a state of opposition between persons or ideas or interests\nn. an incompatibility of dates or events,"n. 战斗, 冲突, 矛盾, 争执\nvi. 争执, 战斗, 冲突, 抵触\n[计] 冲突",,4,1,gk cet4 cet6 ky toefl ielts gre,1364,1179,s:conflicts/p:conflicted/i:conflicting/3:conflicts/d:conflicted
confuse,kәn'fju:z,"v. mistake one thing for another\nv. be confusing or perplexing to; cause to be unable to think clearly\nv. cause to feel embarrassment\nv. make unclear, indistinct, or blurred","vt. 使混乱, 使狼狈, 使困惑\n[法] 混淆",,2,1,gk cet4 cet6 ky toefl ielts,4666,3518,d:confused/i:confusing/3:confuses/p:confused
congratulate,kәn'grætʃәleit,v. express congratulations,"vt. 祝贺, 庆贺",,2,,gk cet4 cet6 ky,6017,8361,d:congratulated/p:congratulated/i:congratulating/3:congratulates
congratulation,kәn.grætʃә'leiʃәn,n. the act of acknowledging that someone has an occasion for celebration\nn. (usually plural) an expression of pleasure at the success or good fortune of another,"n. 祝贺, 恭喜",,,,gk cet4 cet6 ky toefl,23287,0,
connect,kә'nekt,"v. connect, fasten, or put together two or more pieces\nv. be or become joined or united or linked\nv. join by means of communication equipment\nv. land on or hit solidly","v. 连接, 联合, 联系",,2,1,zk gk cet4 cet6 ky toefl,2042,1636,d:connected/i:connecting/3:connects/p:connected
connection,kә'nekʃәn,n. a relation between things or events (as in the case of one causing the other or sharing features with it)\nn. the state of being connected\nn. an instrumentality that connects\nn. (usually plural) a person who is influential and to whom you are connected in some way (as by family or friendship),"n. 连接, 关系, 前后关系\n[计] 连接",,3,1,gk cet4 cet6 ky toefl,1669,1421,s:connections
conscience,'kɒnʃәns,n. motivation deriving logically from ethical or moral principles that govern a person's thoughts and actions\nn. conformity to one's own sense of right conduct\nn. a feeling of shame when you do something immoral,"n. 良心\n[法] 良心, 道德感, 正义感",,2,,gk cet4 cet6 ky toefl ielts gre,4273,4641,s:consciences
consensus,kәn'sensәs,n. agreement in the judgment or opinion reached by a group as a whole,"n. 合意, 一致, 同感\n[计] 合意",,2,,gk cet6 ky toefl ielts gre,3897,3317,
consequence,'kɒnsikwәns,n. a phenomenon that follows and is caused by some previous phenomenon\nn. the outcome of an event especially as relative to an individual\nn. having important effects or influence,"n. 结果, 重要性\n[法] 结果, 后果, 推断",,3,1,gk cet4 cet6 ky toefl ielts gre,1234,1626,s:consequences
conservation,.kɒnsә'veiʃәn,n. an occurrence of improvement by virtue of preventing loss or injury or other change\nn. the preservation and careful management of the environment and of natural resources\nn. (physics) the maintenance of a certain quantities unchanged during chemical reactions or physical transformations,"n. 保护, 保存\n[医] 保存",,2,,gk cet4 cet6 ky toefl ielts,3076,2820,
Conservative,kәn'sә:vәtiv,n. a person who is reluctant to accept changes and new ideas\nn. a member of a Conservative Party\na. resistant to change\ns. having social or political views favoring conservatism,"a. 保守的, 守旧的, 有保存力的\n[化] 防腐剂; 保存剂",,4,1,gk cet4 cet6 ky toefl ielts gre,1497,1837,s:conservatives
consider,kәn'sidŋ,"v. take into consideration for exemplifying purposes\nv. show consideration for; take into account\nv. think about carefully; weigh\nv. regard or treat with consideration, respect, and esteem","v. 考虑, 思考, 认为",,5,1,zk gk cet4 cet6 ky toefl,312,394,d:considered/i:considering/p:considered/3:considers
considerate,kәn'sidәrit,a. showing concern for the rights and feelings of others,"a. 体贴的, 体谅的, 考虑周到的",,1,,gk cet4 cet6 ky toefl ielts,13960,17092,
consideration,kәn.sidә'reiʃәn,n. the process of giving careful thought to something\nn. a discussion of a topic (as in a meeting)\nn. kind and considerate regard for others\nn. a considerate and thoughtful act,"n. 考虑, 原因\n[法] 考虑, 思考, 报酬",,2,1,gk cet4 cet6 ky toefl,1248,2487,s:considerations
consist,kәn'sist,"v. have its essential character; be comprised or contained in; be embodied in\nv. be consistent in form, tenor, or character; be congruous\nv. be composed of","vi. 组成, 存在于, 一致",,3,,gk cet4 cet6 ky toefl ielts,1493,2190,3:consists/i:consisting/p:consisted/d:consisted
consistent,kәn'sistәnt,a. (sometimes followed by `with') in agreement or consistent or reliable\ns. the same throughout in structure or composition,"a. 一致的, 坚持的, 并立的, 坚固的",,3,,gk cet4 cet6 ky toefl gre,2670,2225,
constant,'kɒnstәnt,n. a quantity that does not vary\nn. a number representing a quantity assumed to have a fixed value in a specified mathematical context\na. steadfast in purpose or devotion or affection,"n. 常数, 恒量\na. 不变的, 一定的, 时常的\n[计] 常量; 常数; 恒值",,4,1,gk cet4 cet6 ky toefl ielts gre,1915,2386,s:constants
constitution,.kɒnsti'tju:ʃәn,n. the act of forming or establishing something\nn. the way in which someone or something is composed\nn. a United States 44-gun frigate that was one of the first three naval ships built by the United States; it won brilliant victories over British frigates during the War of 1812 and is without doubt the most famous ship in the history of the United States Navy; it has been rebuilt and is anchored in the Charlestown Navy Yard in Boston,"n. 构成, 宪法, 体格\n[医] 体质; 结构, 组织",,3,,gk cet4 cet6 ky toefl ielts gre,2148,3917,s:constitutions
construct,kәn'strʌkt,"v. make by combining materials and parts\nv. draw with suitable instruments and under specified conditions\nv. create by linking linguistic units\nv. create by organizing and linking ideas, arguments, or concepts","vt. 构造, 建造, 对...进行构思, 作图\nn. 构成物",,3,1,gk cet4 cet6 ky toefl gre,2058,2477,d:constructed/i:constructing/s:constructs/3:constructs/p:constructed
construction,kәn'strʌkʃәn,n. the act of constructing something\nn. a group of words that form a constituent of a sentence and are considered as a single unit\nn. the creation of a construct; the process of combining ideas into a congruous object of thought\nn. drawing a figure satisfying certain conditions as part of solving a problem or proving a theorem,"n. 建筑, 构造, 建筑物\n[化] 施工",,3,1,gk cet4 cet6 ky toefl ielts,1442,1415,s:constructions
consult,kәn'sʌlt,v. get or ask advice from\nv. seek information from\nv. advise professionally,"vi. 商讨, 商量, 协商, 会诊\nvt. 向...请教, 查阅, 考虑",,3,1,gk cet4 cet6 ky toefl ielts,2826,3591,d:consulted/i:consulting/p:consulted/3:consults
consultant,kәn'sʌltәnt,n an expert who gives advice,"n. 顾问, 征询意见者\n[医] 顾问医师",,3,,gk cet6 ky toefl ielts,2605,2480,s:consultants
consume,kәn'sju:m,"v. serve oneself to, or consume regularly\nv. spend extravagantly\nv. destroy completely\nv. use up (resources or materials)","vt. 消耗, 消费, 消灭\nvi. 耗尽, 毁灭",,2,,gk cet4 cet6 ky toefl,3627,3006,d:consumed/i:consuming/p:consumed/3:consumes
contain,kәn'tein,v. be divisible by\nv. be capable of holding or containing,"vt. 包含, 容纳, 控制\nvi. 自制",,4,1,gk cet4 cet6 ky toefl gre,559,931,3:contains/i:containing/p:contained/d:contained
container,kәn'teinә,n. any object that can be used to hold things (especially a large metal boxlike object of standardized dimensions that can be loaded from one form of transport to another),"n. 容器, 集装箱\n[化] 集装箱; 贮存箱; 容器(任何一种)",,2,1,gk cet4 cet6 ky toefl ielts,4126,3361,s:containers
contemporary,kәn'tempәrәri,n. a person of nearly the same age as another\ns. characteristic of the present\ns. belonging to the present time,"n. 同时代的人\na. 同时代的, 属于同一时期的",,3,1,gk cet4 cet6 ky toefl ielts,2068,1947,s:contemporaries
content,kәn'tent,"n. everything that is included in a collection and that is held or included in something\nn. the proportion of a substance that is contained in a mixture or alloy etc.\nn. the sum or range of what has been perceived, discovered, or learned\nv. satisfy in a limited way","n. 内容, 满足, 意义, 要旨\na. 满足的, 满意的\nvt. 使...满足, 使...安心\n[计] 内容",,2,1,gk cet4 cet6 ky toefl ielts gre,1281,1732,s:contents/p:contented/d:contented/i:contenting/3:contents
continent,'kɒntinәnt,n. one of the large landmasses of the earth\nn. the European mainland\na. having control over urination and defecation,"n. 大陆, 洲\na. 自制的",,3,1,gk cet4 cet6 ky toefl gre,3626,4022,s:continents
continue,kәn'tinju:,"v. continue a certain state, condition, or activity\nv. continue talking\nv. keep or maintain in unaltered condition; cause to remain or last\nv. do something repeatedly and showing no intention to stop","vi. 继续, 延续, 延长\nvt. 使继续, 使延长",,5,1,zk gk cet4 cet6 ky,323,293,p:continued/3:continues/d:continued/i:continuing
contradict,.kɒntrә'dikt,v. be in contradiction with\nv. deny the truth of,"vt. 反驳, 与...抵触, 与...矛盾\nvi. 反驳",,1,,gk cet6 ky toefl ielts gre,6870,6863,3:contradicts/d:contradicted/p:contradicted/i:contradicting
contradictory,.kɒntrә'diktәri,n. two propositions are contradictories if both cannot be true (or both cannot be false) at the same time\ns. of words or propositions so related that both cannot be true and both cannot be false\ns. unable to be both true at the same time,"a. 反驳的, 反对的, 抗辩的\nn. 矛盾因素, 对立物",,,,gk cet6 toefl gre,7106,7435,s:contradictories
contrary,'kɒntrәri,n. exact opposition\nn. a logical relation such that two propositions are contraries if both cannot be true but both can be false\ns. very opposed in nature or character or purpose\ns. of words or propositions so related that both cannot be true but both may be false,"a. 相反的, 矛盾的, 对立的\nn. 相反, 对立面\nadv. 相反地",,2,,gk cet4 cet6 ky toefl,4761,5495,s:contraries
contribute,kәn'tribju:t,v. contribute to some cause\nv. be conducive to,"vt. 有助于, 捐助, 投稿\nvi. 出力, 捐献, 投稿",,3,1,gk cet4 cet6 ky toefl ielts,1483,1312,d:contributed/i:contributing/p:contributed/3:contributes
contribution,.kɒntri'bju:ʃәn,n. the part played by a person in bringing about a result\nn. a voluntary gift (as of money or service or ideas) made to some worthwhile cause\nn. act of giving in common with others for a common purpose especially to a charity\nn. an amount of money contributed,"n. 捐助, 捐助之物, 贡献\n[经] 贡献, 捐款, 补助品",,,1,gk cet4 ky ielts,1201,1776,s:contributions
control,kәn'trәul,n. power to direct or determine\nn. a relation of constraint of one entity (thing or person or group) by another\nn. (physiology) regulation or maintenance of a function or action or reflex etc\nn. the activity of managing or exerting control over something,"n. 控制, 管理, 克制, 控制器, 操纵装置\nvt. 控制, 操纵, 抑制\n[计] 控制; 控制器",,5,1,zk gk cet4 ky ielts gre,339,432,s:controls/d:controlled/i:controlling/3:controls/p:controlled
controversial,.kɒntrә'vә:ʃәl,a. marked by or capable of arousing controversy,"a. 争论的, 论争的, 被议论的",,3,,gk cet6 ky toefl ielts gre,3444,3090,
convenience,kә'vi:njәns,n. the state of being suitable or opportune\nn. the quality of being useful and convenient,"n. 方便, 便利的事物, 方便的时候",,1,,gk cet4 cet6 ky toefl ielts gre,5559,4892,s:conveniences
convenient,kәn'vi:njәnt,a. suited to your comfort or purpose or needs,"a. 方便的, 合宜的\n[法] 适当的, 合理而可行的, 方便的",,2,1,gk cet4 cet6 ky toefl ielts,3494,5368,
conventional,kәn'venʃәnl,a. following accepted customs and proprieties\ns. conforming with accepted standards\na. (weapons) using energy for propulsion or destruction that is not nuclear energy\na. unimaginative and conformist,"a. 传统的, 习惯的, 约定的\n[经] 惯例的, 常规的, 传统的",,3,1,gk cet4 cet6 ky toefl gre,2253,2554,
conversation,.kɒnvә'seiʃәn,n. the use of speech for informal exchange of views or ideas or information etc.,"n. 会话, 说话, 交谈\n[法] 交谈, 社交, 性交",,3,1,zk gk toefl ielts,1465,1164,s:conversations
convey,kәn'vei,"v. make known; pass on, of information\nv. transfer to another\nv. transmit a title or property","vt. 传达, 运输, 转让\n[经] 转让(财产等), 搬运",,2,,gk cet4 cet6 ky toefl ielts gre,3682,3756,d:conveyed/i:conveying/3:conveys/p:conveyed
convince,kәn'vins,"v make (someone) agree, understand, or realize the truth or validity of something","vt. 说服, 使相信\n[法] 使确信, 使信服, 使人认识错误",,3,1,gk cet4 cet6 ky toefl ielts gre,3203,2039,d:convinced/p:convinced/i:convincing/3:convinces
cook,kuk,n. someone who cooks food\nn. English navigator who claimed the east coast of Australia for Britain and discovered several Pacific islands (1728-1779)\nv. prepare a hot meal\nv. prepare for eating by applying heat,"n. 厨子, 厨师\nvt. 烹调, 煮饭, 加热\nvi. 在煮着",,4,1,zk gk,2338,1419,i:cooking/d:cooked/p:cooked/s:cooks/3:cooks
cooker,'kukә,n. a utensil for cooking,"n. 炊事用具, 炉灶, 锅, 炊具, 烹饪用水果, 窜改者, 伪造者\n[化] 蒸锅",,1,1,zk gk,7276,13730,s:cookers
cookie,'kuki,n. any of various small flat sweet cakes (`biscuit' is the British term)\nn. the cook on a ranch or at a camp\nn. a short line of text that a web site puts on your computer's hard drive when you access the web site,"n. 饼干, 小甜点\n[建] 糕点",,1,1,gk,21236,3269,
cool,ku:l,n. the quality of being at a refreshingly low temperature\nv. make cool or cooler\nv. loose heat\nv. lose intensity,"n. 凉爽, 凉爽的空气\na. 凉爽的, 冷淡的, 冷静的\nvi. 冷却, 平息\nvt. 使冷却, 使平静",,4,1,zk gk,2478,1451,r:cooler/i:cooling/d:cooled/3:cools/p:cooled/t:coolest
copy,'kɒpi,n. a thing made to be similar or identical to another thing\nn. matter to be printed; exclusive of graphical materials\nn. material suitable for a journalistic account\nv. copy down as is,"n. 副本, 摹仿, 一册\nv. 复印, 抄袭, 复制\n[计] 副本; 复制; DOS内部命令:复制文件\n将几个文件合并成一个文件, 以及将文件传至外设或在设备之间传送",,4,1,zk gk toefl ielts,1175,1927,s:copies/d:copied/i:copying/p:copied/3:copies
coral,'kɒrәl,n. a variable color averaging a deep pink\nn. the hard stony skeleton of a Mediterranean coral that has a delicate red or pink color and is used for jewelry\nn. unfertilized lobster roe; reddens in cooking; used as garnish or to color sauces\nn. marine colonial polyp characterized by a calcareous skeleton; masses in a variety of shapes often forming reefs,"n. 珊瑚, 珊瑚色\n[化] 珊瑚",,1,,gk toefl,5793,6040,s:corals
cordless,'kɒ:dlis,a. not having a cord,"a. 无绳索的, 交直流两用的",,,,gk,17375,15786,
corn,kɒ:n,n. tall annual cereal grass bearing kernels on large ears: widely cultivated in America in many varieties; the principal cereal in Mexico and Central and South America since pre-Columbian times\nn. the dried grains or kernels or corn used as animal feed or ground for meal\nn. ears of corn that can be prepared and served for human food\nn. a hard thickening of the skin (especially on the top or sides of the toes) caused by the pressure of ill-fitting shoes,"n. 玉蜀黍, 谷类, 谷粒, 鸡眼\nvt. 使成颗粒, 腌",,2,,gk cet4 cet6 ky toefl,4957,2448,s:corns/i:corning/p:corned/3:corns/d:corned
corner,'kɒ:nә,n. a place off to the side of an area\nn. the point where two lines meet or intersect\nn. an interior angle formed by two meeting walls\nn. the intersection of two streets,"n. 角落, 转角, 窘境\nvt. 迫至一隅, 垄断, 使陷入绝境\nvi. 相交成角, 垄断\n[计] 边角",,4,1,zk gk,1104,1127,s:corners/d:cornered/p:cornered/i:cornering/3:corners
corporation,.kɒ:pә'reiʃәn,n. a business firm whose articles of incorporation have been approved in some state,"n. 公司, 合作, 法人团体\n[法] 法人团体, 社团, 法人",,3,,gk cet4 cet6 ky ielts,2025,2602,s:corporations
correct,kә'rekt,v. make right or correct\nv. treat a defect\na. free from error; especially conforming to fact or truth\ns. socially right or correct,"a. 正确的, 合适的\nvt. 改正, 订正",,4,1,zk gk cet4 ky toefl,1580,1794,d:corrected/p:corrected/i:correcting/3:corrects
correction,kә'rekʃәn,n. the act of offering an improvement to replace a mistake; setting right\nn. a quantity that is added or subtracted in order to increase the accuracy of a scientific measure\nn. something substituted for an error\nn. a rebuke for making a mistake,"n. 订正, 改正, 改正的地方\n[化] 校正",,2,,gk cet4 cet6,5971,5966,s:corrections
correspond,.kɒri'spɒnd,v. exchange messages,"vi. 符合, 通信, 相当\n[法] 符合, 一致, 相当",,2,,gk cet4 cet6 ky toefl ielts,3234,5415,3:corresponds/i:corresponding/p:corresponded/d:corresponded
corrupt,kә'rʌpt,v. corrupt morally or by intemperance or sensuality\nv. alter from the original\na. lacking in integrity\ns. containing errors or alterations,"a. 腐败的, 贪污的, 讹误充斥的\nvt. 使腐烂, 腐蚀, 使恶化\nvi. 腐烂, 堕落",,2,,gk cet6 ky ielts gre,7571,5850,d:corrupted/i:corrupting/p:corrupted/3:corrupts/s:corrupts/r:corrupter
cost,kɒst,"n. the total spent for goods or services including money and time and labor\nv. be priced at\nv. require to lose, suffer, or sacrifice","n. 代价, 价值, 费用\nvi. 花费\nvt. 使失去, 值, 使花费",,5,1,zk gk ielts,342,550,s:costs/3:costs/i:costing/p:cost/0:cost/1:pd/d:cost
cosy,,n. a padded cloth covering to keep a teapot warm,a. 温暖舒适的\nn. 保暖套,,2,,gk ky ielts,6933,36003,r:cosier/s:cosies/t:cosiest/p:cosied/i:cosying
cottage,'kɒtidʒ,n a small house with a single story,"n. 小屋, 茅舍",,3,1,gk cet4 cet6 ky ielts,2224,4765,s:cottages
cotton,'kɒtn,n. soft silky fibers from cotton plants in their raw state\nn. fabric woven from cotton fibers\nn. erect bushy mallow plant or small tree bearing bolls containing seeds with many long hairy fibers\nn. thread made of cotton fibers,"n. 棉花\nvi. 和谐, 有好感, 理解",,3,1,zk gk cet4 ky toefl ielts,3222,3136,s:cottons/p:cottoned/d:cottoned/i:cottoning/3:cottons
cough,kɒf,"n. a sudden noisy expulsion of air from the lungs that clears the air passages; a common symptom of upper respiratory infection or bronchitis or pneumonia or tuberculosis\nv. exhale abruptly, as when one has a chest cold or congestion",n. 咳嗽\nvi. 咳嗽\nvt. 咳出,,3,1,zk gk cet4 ky ielts,5757,6157,p:coughed/i:coughing/s:coughs/3:coughs/d:coughed
count,kaunt,n. the total number counted\nn. the act of counting; reciting numbers in ascending order\nn. a nobleman (in various countries) having rank equal to a British earl\nv. determine the number or amount of,"vt. 计算, 视为\nvi. 计数\nn. 计算, 合计, 计数, 伯爵\n[计] 计数",,1,1,zk gk cet4 cet6 ky,1830,1331,s:counts/d:counted/i:counting/3:counts/p:counted
counter,'kauntә,"n. table consisting of a horizontal surface over which business is transacted\nn. game equipment (as a piece of wood, plastic, or ivory) used for keeping a count or reserving a space in various card or board games\nn. a calculator that keeps a record of the number of times something happens\nn. a person who counts things","n. 计算器, 计算者, 柜台, 筹码\na. 反方向的, 相反的\nadv. 反方向地, 相反地\n[计] 计数器; 计数字",,3,1,gk cet4 cet6 ky ielts,3493,2830,p:countered/s:counters/d:countered/i:countering/3:counters
country,'kʌntri,n. the territory occupied by a nation\nn. an area outside of cities and towns,"n. 国家, 乡村, 地区, 故乡\na. 乡下的, 农村的\n[计] DOS外部命令:用于设定国家代码, 包括日期时间及货币格式",,5,1,zk gk ielts,175,166,s:countries
countryside,'kʌntrisaid,n. rural regions,"n. 乡下地方, 乡下居民",,3,1,zk gk ielts,2249,5320,
couple,'kʌpl,n. a pair who associate with one another\nn. a pair of people who live together\nn. a small indefinite number\nn. two items of the same kind,"n. 对, 夫妇, 数个\nvt. 使成双, 连接, 使成婚, 把...联系起来\nvi. 结合, 成婚",,4,1,zk gk cet4 ky toefl,727,531,s:couples/p:coupled/d:coupled/i:coupling/3:couples
courage,'kʌridʒ,n. a quality of spirit that enables you to face danger or pain without showing fear,"n. 勇气, 胆量",,3,1,zk gk cet4 cet6 ky,3640,3324,
course,kɒ:s,n. education imparted in a series of lessons or meetings\nn. a connected series of events or actions or developments\nn. general line of orientation\nn. a mode of action,"n. 课程, 路线, 过程, 一道菜, 道路\nv. 追, (使)跑",,5,1,zk gk cet4 cet6 ky ielts,347,418,s:courses/i:coursing/p:coursed/3:courses/d:coursed
court,kɒ:t,n. an assembly (including one or more judges) to conduct judicial business\nn. a room in which a lawcourt sits\nn. the sovereign and his advisers who are the governing power of a state\nn. a specially marked horizontal area within which a game is played,"n. 法院, 庭院, 奉承\nvt. 献殷勤, 追求, 招致\nvi. 求爱",,2,1,gk cet4 cet6 ky toefl gre,254,541,s:courts/i:courting/p:courted/d:courted/3:courts
courtyard,'kɒ:tjɑ:d,n an area wholly or partly surrounded by walls or buildings,"n. 庭院, 天井",,1,,gk ky,5755,5825,s:courtyards
cousin,'kʌzәn,n. the child of your aunt or uncle,"n. 堂兄弟姊妹, 表兄弟姊妹\n[法] 同辈表亲或堂亲",,4,1,zk gk cet4 cet6 ky,3010,2714,s:cousins
cover,'kʌvә,n. the act of concealing the existence of something by obstructing the view of it\nn. fire that makes it difficult for the enemy to fire on your own individuals or formations\nn. a recording of a song that was first recorded or made popular by somebody else\nn. a false identity and background (especially one created for an undercover agent),"n. 盖子, 封面, 藉口\nvt. 覆盖, 掩饰, 保护, 掩护, 包括\nvi. 覆盖",,5,1,zk gk toefl ielts,525,560,d:covered/i:covering/3:covers/p:covered/s:covers
cow,kau,"n. female of domestic cattle: ""`moo-cow' is a child's term""\nn. mature female of mammals of which the male is called `bull'\nn. a large unpleasant woman","n. 母牛, 母兽\nvt. 威胁",,3,1,zk gk cet4 cet6 ky gre,2944,3078,s:cows/d:cowed/p:cowed/i:cowing/3:cows
cowboy,'kaubɒi,n. a hired hand who tends cattle and performs other duties on horseback\nn. a performer who gives exhibitions of riding and roping and bulldogging\nn. someone who is reckless or irresponsible (especially in driving vehicles),"n. 牛仔, 牛郎, 牧童",,2,,gk toefl,8757,5048,s:cowboys
crash,kræʃ,n. a serious accident (usually involving one or more vehicles)\nn. a sudden large decline of business or the prices of stocks (especially one that causes additional failures)\nn. the act of colliding with something\nn. (computer science) an event that causes a computer system to become inoperative,"n. 哗啦声, 猛撞, 崩溃, 粗布\nv. 撞碎, 破碎, (使)...坠毁\na. 速成的\n[计] 崩溃",,4,1,gk cet4 cet6 ky toefl ielts,3197,2837,p:crashed/i:crashing/d:crashed/s:crashes/3:crashes
crayon,'kreiәn,"n. writing implement consisting of a colored stick of composition wax used for writing and drawing\nv. write, draw, or trace with a crayon","n. 蜡笔, 蜡笔画\nvt. 以蜡笔作画",,1,,zk gk toefl gre,15597,12296,s:crayons/i:crayoning/p:crayoned/3:crayons/d:crayoned
crazy,'kreizi,n. someone deranged and possibly dangerous\ns. foolish; totally unsound\ns. possessed by inordinate excitement\ns. bizarre or fantastic,"a. 发狂的, 狂热的",,3,1,zk gk cet4 cet6 ky toefl,3837,1803,t:craziest/r:crazier/s:crazies
cream,kri:m,n. the best people or things in a group\nn. the part of milk containing the butterfat\nn. toiletry consisting of any of various substances in the form of a thick liquid that have a soothing and moisturizing effect when applied to the skin\nv. make creamy by beating,"n. 乳酪, 奶油, 面霜\n[医] 乳油, 乳皮; 乳膏, 霜",,3,1,gk cet4 cet6 ky ielts,2546,2008,s:creams/i:creaming/d:creamed/p:creamed/3:creams
create,kri:'eit,"v. bring into existence\nv. pursue a creative activity; be engaged in a creative activity\nv. invest with a new title, office, or rank\nv. create by artistic means","vt. 创造, 建造, 引起, 任命",,5,1,zk gk cet4 cet6 ky ielts,449,332,d:created/i:creating/3:creates/p:created
creature,'kri:tʃә,n. a human being; `wight' is an archaic term\nn. a person who is controlled by others and is used to perform unpleasant or dishonest tasks for someone else,"n. 人, 动物, 创造物, 生物",,2,1,gk cet4 cet6 ky,2268,2353,s:creatures
credit,'kredit,n. money available for a client to borrow\nn. an accounting entry acknowledging income or capital items\nn. used in the phrase `to your credit' in order to indicate an achievement deserving praise; \nn. arrangement for deferred payment for goods and services,"n. 信用, 信任, 荣誉, 贷款, 学分\nvt. 归功于, 赞颂, 信任, 相信\n[计] 信用量",,4,1,gk toefl ielts gre,1262,1125,d:credited/s:credits/3:credits/i:crediting/p:credited
crew,kru:,"n. the men and women who man a vehicle (ship, aircraft, etc.)\nn. the team of men manning a racing shell\nv. serve as a crew member on","n. 全体人员, 一群人, 全体队员\ncrow的过去式",,3,,gk cet4 cet6 ky toefl,2202,1706,s:crews/d:crewed/p:crewed/i:crewing/3:crews
crime,kraim,n. (criminal law) an act punishable by law; usually considered an evil act\nn. an evil act not necessarily punishable by law,"n. 犯罪, 罪行, 罪恶\n[法] 犯罪, 罪, 罪恶",,4,1,gk cet4 cet6 ky ielts,1125,828,s:crimes
criminal,'kriminәl,n. someone who has committed a crime or has been legally convicted of a crime\ns. guilty of crime or serious offense\ns. involving or being or having the nature of a crime,"n. 罪犯, 犯人, 刑事\na. 犯了罪的, 刑事的, 有罪的",,4,1,gk cet4 cet6 ky ielts,2063,1953,s:criminals
criterion,krai'tiәriәn,n. the ideal in terms of which something can be judged,"n. 标准, 准则, 规范\n[化] 判据",,2,1,gk cet6 ky ielts gre,1799,0,s:criteria
crop,krɒp,n. the yield from plants in a single growing season\nn. a cultivated plant that is grown commercially on a large scale\nn. a collection of people or things appearing together\nn. the output of something in a season,"n. 农作物, 产量, 平头\nvt. 收割, 修剪, 种植\nvi. 收获\n[计] 裁剪",,3,1,gk cet4 cet6 ky,2655,2461,s:crops/d:cropped/i:cropping/p:cropped/3:crops
cross,krɒs,n. a wooden structure consisting of an upright post with a transverse piece\nn. a representation of the structure on which Jesus was crucified; used as an emblem of Christianity or in heraldry\nn. any affliction that causes great suffering\nv. fold so as to resemble a cross,"n. 十字架, 十字架形物件, 交叉, 十字标, 交叉路, 磨难, 杂交\na. 生气的, 交叉的, 相反的\nv. 交叉, 横过, 越过\n[计] 交叉, 十字标",,2,1,zk gk cet4 cet6 ky toefl gre,1352,1391,p:crossed/i:crossing/d:crossed/3:crosses/s:crosses
crossing,'krɒsiŋ,n. traveling across\nn. a point where two lines (paths or arcs etc.) intersect\nn. a path (often marked) where something (as a street or railroad) can be crossed to get from one side to the other\nn. a voyage across a body of water (usually across the Atlantic Ocean),"n. 横越, 横渡, 交叉点, 渡口\n[经] 划线",,2,,gk toefl,4935,6302,0:cross/1:i/s:crossings/i:crossing
crossroads,,n. a point where a choice must be made,"n. 十字路口, 交叉路口, 聚会的中心地点, (喻)需作抉择的重要关头, 紧要关头",,1,,gk,8633,9096,
crowd,kraud,n. a large number of things or people considered together\nn. an informal body of friends\nv. fill or occupy to the point of overflowing\nv. to gather together in large numbers,"n. 群众, 一伙人\nvt. 拥挤, 挤满, 挤进",,4,1,gk cet4 cet6 ky toefl,1686,1270,s:crowds/p:crowded/d:crowded/i:crowding/3:crowds
crowded,'kraudid,a. overfilled or compacted or concentrated,"a. 拥挤的, 塞满的",,2,1,gk,5946,4738,0:crowd/1:pd/d:crowded/p:crowded
cruel,'kru:әl,s (of persons or their actions) able or disposed to inflict pain or suffering,"a. 残酷的, 令人极痛苦的\n[法] 残忍的, 残酷的",,2,1,zk gk cet4 cet6 ky toefl,4471,4762,t:cruellest/r:crueller
cry,krai,n. a loud utterance; often in protest or opposition\nn. a loud utterance of emotion (especially when inarticulate)\nn. a fit of weeping\nn. the characteristic utterance of an animal,"n. 叫声, 哭声, 大叫\nvi. 哭, 叫, 喊\nvt. 叫喊, 大声说, 哭出",,4,1,zk gk,1518,1351,p:cried/i:crying/s:cries/3:cries/d:cried
cube,kju:b,n. a hexahedron with six equal squares as faces\nn. the product of three equal terms\nn. any of several tropical American woody plants of the genus Lonchocarpus whose roots are used locally as a fish poison and commercially as a source of rotenone\nn. a block in the (approximate) shape of a cube,"n. 立方体, 立方\n[机] 立方体, 立方",,2,,gk cet4 cet6 ky toefl ielts,7702,5725,s:cubes/d:cubed/i:cubing/p:cubed/3:cubes
cubic,'kju:bik,a. having three dimensions,"a. 立方体的, 立方的\n[机] 立方的, 立方体的",,1,,gk cet4 cet6 toefl,10327,7772,
cuisine,kwi:'zi:n,n. the practice or manner of preparing food or the food so prepared,"n. 烹调风格, 烹调法, 烹饪, 厨房",,,,gk toefl gre,10574,6403,s:cuisines
culture,'kʌltʃә,n. a particular society at a particular time and place\nn. the tastes in art and manners that are favored by a social group\nn. (biology) the growing of microorganisms in a nutrient medium (such as gelatin or agar)\nn. the attitudes and behavior that are characteristic of a particular social group or organization,"n. 文化, 修养, 耕种\nvt. 耕种, 培养",,4,1,zk gk cet4 cet6 ky toefl ielts,983,611,s:cultures/d:cultured/i:culturing
cup,kʌp,n. a small open container usually used for drinking; usually has a handle\nn. the quantity a cup will hold\nn. any cup-shaped concavity\nn. a United States liquid unit equal to 8 fluid ounces,"n. 杯子, 茶杯, 优胜杯\nvt. 使成杯状, 为...拔火罐",,5,1,zk gk ielts,749,780,s:cups/i:cupping/3:cups/p:cupped/d:cupped
cupboard,'kʌpbɒ:d,n. a small room (or recess) or cabinet used for storage space,"n. 食橱, 碗柜, 餐具柜",,2,1,gk cet4 cet6 ky toefl ielts,3692,9358,s:cupboards
cure,kjuә,"v. prepare by drying, salting, or chemical processing in order to preserve\nv. make (substances) hard and improve their usability\nv. be or become preserved","n. 治疗, 治愈, 治疗法\nvt. 治疗, 治愈, 改正, 腌制, 加工处理, 使硫化\nvi. 受治疗, 被加工处理, 被硫化",,3,1,gk cet4 cet6 ky toefl ielts,5242,4579,d:cured/s:cures/i:curing/p:cured/3:cures
curious,'kjuәriәs,s. beyond or deviating from the usual or expected\na. eager to investigate and learn or learn more (sometimes about others' concerns)\ns. having curiosity aroused; eagerly interested in learning more,"a. 好奇的, 求知的, 古怪的",,3,1,gk cet4 cet6 ky toefl,3304,3112,r:curiouser
currency,'kʌrәnsi,n. the metal or paper medium of exchange that is presently used\nn. general acceptance or use,"n. 货币, 通货, 流通, 通用\n[计] 货币, 货币型",,4,,gk cet6 ky toefl ielts,2114,3738,s:currencies
curriculum,kә'rikjulәm,n an integrated course of academic studies,"n. 课程\n[医] 课程, 学程",,2,,gk cet6 ky toefl ielts gre,1694,2077,s:curricula
curtain,'kә:tәn,n. hanging cloth used as a blind (especially for a window)\nn. any barrier to communication or vision\nv. provide with drapery,"n. 帐, 幕, 窗帘\nvt. 装帘子于, 遮蔽",,3,1,gk cet4 cet6 ky toefl,2492,3622,s:curtains/d:curtained/p:curtained/i:curtaining/3:curtains
cushion,'kuʃәn,n. the layer of air that supports a hovercraft or similar vehicle\nn. a soft bag filled with air or a mass of padding such as feathers or foam rubber etc.\nv. protect from impact,"n. 垫子, 橡皮软垫\nvt. 加垫褥, 缓冲, 掩盖",,2,,gk cet4 cet6 ky toefl ielts gre,6092,6893,s:cushions/d:cushioned/p:cushioned/i:cushioning/3:cushions
custom,'kʌstәm,n. accepted or habitual practice\nn. a specific practice of long standing\nn. habitual patronage,"n. 习惯, 风俗, 海关, 自定义\na. 定制的\n[计] 定制; 自定义",,2,1,gk cet4 cet6 ky toefl ielts,2344,2993,s:customs
customer,'kʌstәmә,n. someone who pays for goods or services,n. 消费者\n[化] 顾客,,4,1,gk cet4 cet6 ky toefl ielts,879,1098,s:customers
customs,,n. money collected under a tariff\nn. money collected under a tariff,"n. 海关, 关卡, 关税\n[经] 关税, 海关",,2,1,gk toefl,0,0,0:custom/1:s
cut,kʌt,n. a share of the profits\nn. (film) an immediate transition from one shot to the next\nn. a trench resembling a furrow that was made by erosion or excavation\nn. a step on some scale,"n. 切口, 割伤, 降低, 切, 割, 砍, 削, 伤口, 削减, 缩短, 删节, 通路\na. 经切割的, 缩减的\nvt. 切, 割, 减少, 刺痛, 开辟, 雕刻, 删节, 缩短, 停止, 排斥, 切断, 关, 显出\nvi. 切, 割, 砍, 刺痛, 相交, 抄近路, 剪辑\n[计] 剪切",,5,1,zk gk ielts,541,414,d:cut/0:cut/1:dp/s:cuts/i:cutting/p:cut/3:cuts
cycle,'saikl,n. an interval during which a recurring sequence of events occurs\nn. a series of poems or songs on the same theme\nn. a periodically repeated sequence of events\nn. a single complete execution of a periodically repeated phenomenon,"n. 周期, 循环, 自行车, 一段时间, 整套\nvi. 循环, 轮转, 骑自行车\nvt. 使循环, 使轮转\n[计] 环路; 周期; 循环",,3,1,gk cet4 cet6 ky ielts,2200,2220,s:cycles/i:cycling/p:cycled/d:cycled/3:cycles
cyclist,'saiklist,n. a person who rides a bicycle,n. 骑脚踏车的人,,1,,gk,6689,9646,s:cyclists
daily,'deili,n. a newspaper that is published every day\ns. of or belonging to or occurring every day\nr. every day; without missing a day,"a. 每日的, 日常的\nadv. 每日地, 日常地\nn. 日报",,4,1,zk gk cet4 ky ielts,1702,1483,s:dailies
dam,dæm,"n. a barrier constructed to contain the flow of water or to keep out the sea\nn. female parent of an animal especially domestic livestock\nv. obstruct with, or as if with, a dam","n. 水坝, 障碍\nv. 控制, 筑坝\n[计] 直接存取法",,2,,gk cet4 cet6 ky toefl ielts,6532,4399,s:dams/d:dammed/i:damming/p:dammed/3:dams
damage,'dæmidʒ,n. the occurrence of a change for the worse\nn. loss of military equipment\nn. the act of damaging something or someone\nv. inflict damage upon,"n. 损害, 伤害\nv. 损害",,4,1,gk cet4 cet6 ky ielts,1074,1522,s:damages/d:damaged/i:damaging/p:damaged/3:damages
damp,dæmp,n. a slight wetness\nv. restrain or discourage\ns. slightly wet,"n. 潮湿, 湿气\na. 潮湿的\nvt. 使潮湿, 使阻尼, 抑止\nvi. 变潮湿, 衰减",,2,1,gk cet4 cet6 ky toefl ielts gre,3845,5562,r:damper/d:damped/i:damping/p:damped/s:damps/t:dampest/3:damps
dance,dæns. dɑ:ns,n. an artistic form of nonverbal communication\nn. a party of people assembled for dancing\nn. a party for social dancing\nv. move in a graceful and rhythmical way,"n. 跳舞, 舞蹈, 舞会\nv. 跳舞",,4,1,zk gk,2345,1671,i:dancing/p:danced/s:dances/d:danced/3:dances
danger,'deindʒә,n. the condition of being susceptible to harm or injury\nn. a cause of pain or injury or loss\nn. a dangerous place,"n. 危险, 威胁\n[法] 危险, 危险物, 危机",,4,1,zk gk cet4 ky ielts,1264,1546,s:dangers
dangerous,'deindʒәrәs,a. involving or causing danger or risk; liable to hurt or harm\ns. causing fear or anxiety by threatening great harm,"a. 危险的\n[法] 危险的, 危害的",,4,1,zk gk cet4 ky toefl ielts,1609,1457,
dare,dєә,n. a challenge to do something dangerous or foolhardy\nv. to be courageous enough to try or do something,"n. 挑战, 挑动, 大胆\nv. 敢, 胆敢",,3,1,zk gk cet4 cet6 ky,3210,3348,p:dared/d:dared/i:daring/3:dares
dark,dɑ:k,n. absence of light or illumination\nn. an unenlightened state\na. devoid of or deficient in light or brightness; shadowed or black\na. (used of color) having a dark hue,"n. 黑暗, 夜, 黄昏, 模糊\na. 黑暗的, 暗的, 深色的, 隐密的, 模糊的, 无知的",,4,1,zk gk ielts,966,857,r:darker/t:darkest
darkness,'dɑ:knis,n. an unilluminated area\nn. having a dark or somber color\nn. a swarthy complexion,"n. 黑暗, 暗, 深色, 隐密, 模糊, 无知",,,,gk,2508,2649,
dash,dæʃ,n. distinctive and stylish elegance\nn. a quick run\nn. a footrace run at top speed\nn. the longer of the two telegraphic signals used in Morse code,"n. 冲撞, 破折号, 短跑\nvi. 猛冲, 冲撞\nvt. 泼溅, 使猛撞, 搀和, 使破灭, 使沮丧",,2,,gk cet4 cet6 ky ielts,5634,6336,p:dashed/d:dashed/i:dashing/s:dashes/3:dashes
data,'deitә,n. a collection of facts from which conclusions may be drawn,"pl. 资料, 数据\n[计] 数据; DOS内部命令:用于显示或设定系统的日期",,4,1,gk cet4 ky ielts,552,559,
database,'deitәbeis,n. an organized body of related information,n. 数据库\n[计] 数据库,,1,,gk ky ielts,2072,3638,s:databases
date,deit,n. the specified day of the month\nn. a participant in a date\nn. a meeting arranged in advance\nn. a particular but unspecified point in time,"n. 日期, 约会, 枣椰树\nvt. 约会, 定日期\nvi. 注明日期, 过时",,4,1,zk gk toefl ielts,571,1201,s:dates/d:dated/i:dating/3:dates/p:dated
daughter,'dɒ:tә,n. a female human offspring,n. 女儿\na. 女儿的,,5,1,zk gk,871,634,s:daughters
dawn,dɒ:n,n. the first light of day\nn. the earliest period\nn. an opening time period\nv. appear or develop,"n. 破晓, 黎明\nvi. 破晓",,2,,gk cet4 cet6 ky toefl ielts,4374,4004,p:dawned/3:dawns/d:dawned/i:dawning/s:dawns
day,dei,n. time for Earth to make a complete rotation on its axis\nn. some point or period in time\nn. a day assigned to a particular purpose or observance\nn. the time after sunrise and before sunset while it is light outside,"n. 天, 日子, 白天, 工作日\n[医] 日(一昼夜), 昼, 白天",,5,1,zk gk ielts,95,90,s:days
daylight,'deilait,n. light during the daytime,"n. 白昼, 日光\nvt. 使沐浴于日光\nvi. 享有日光",,2,,gk cet4 ky,5270,5997,s:daylights/i:daylighting
dead,ded,n. people who are no longer living\nn. a time when coldness (or some other quality associated with death) is intense\na. no longer having or seeming to have or expecting to have life\na. not showing characteristics of life especially the capacity to sustain life; no longer exerting force or having energy or heat,"a. 死的, 不活泼的, 麻木的, 熄灭的\nn. 死者\nadv. 完全地, 直接地",,4,1,zk gk toefl,877,726,
deadline,'dedlain,n. the point in time at which something must be completed,"n. 最后期限, 截止期限\n[经] 截止日期",,3,,gk ky ielts,5295,4032,s:deadlines
deaf,def,n. people who have severe hearing impairments\na. lacking or deprived of the sense of hearing wholly or in part\ns. (usually followed by `to') unwilling or refusing to pay heed,a. 聋的\n[医] 聋的,,2,1,zk gk cet4 ky ielts,2897,6755,r:deafer/t:deafest
deal,di:l,n. a particular instance of buying or selling\nn. a plank of softwood (fir or pine board)\nn. the type of treatment received (especially as the result of an agreement)\nn. the act of distributing playing cards,"n. 交易, 协定, 数量, 买卖, 松木板\nvi. 处理, 应付, 做生意\nvt. 分配, 发牌, 给予\n[计] 发牌",,3,1,zk gk cet4 cet6 ky toefl,595,674,i:dealing/d:dealt/s:deals/3:deals/p:dealt
dear,'diә,s. with or in a close or intimate relationship\ns. earnest,"n. 亲爱的人\na. 亲爱的, 昂贵的, 严重的, 急迫的\ninterj. 啊\nadv. 深爱地, 高价地",,3,1,zk gk,2167,3337,t:dearest/r:dearer/s:dears
death,deθ,n. the event of dying or departure from life\nn. the permanent end of all life functions in an organism or part of an organism\nn. the absence of life or state of being dead\nn. the time when something ends,n. 死亡\n[医] 死亡,,4,1,zk gk cet4 ky,414,417,s:deaths
debate,di'beit,n. the formal presentation of a stated proposition and the opposition to it (usually followed by a vote)\nv. argue with one another\nv. discuss the pros and cons of an issue,"n. 辩论, 讨论\nv. 争论, 辩论",,4,1,gk cet4 cet6 ky toefl gre,1210,1082,s:debates/d:debated/i:debating/p:debated/3:debates
debt,det,n. the state of owing something (especially money)\nn. money or goods or services owed by one person to another\nn. an obligation to pay or do something,"n. 债务, 罪过\n[经] 借款, 欠款, 债务",,4,1,gk cet4 cet6 ky toefl ielts,1320,1871,s:debts
decade,'dekeid,n. a period of 10 years,"n. 十年, 十",,4,1,gk cet4 cet6 ky ielts,1539,730,s:decades
December,di'sembә,n. the last (12th) month of the year,n. 十二月,,4,1,zk gk ielts,1060,0,
decide,di'said,"v. reach, make, or come to a decision about something\nv. bring to an end; settle conclusively\nv. cause to decide\nv. influence or determine","v. 决定, 判决",,5,1,zk gk toefl,375,456,p:decided/d:decided/i:deciding/3:decides
decision,di'siʒәn,n. the act of making up your mind about something\nn. a position or opinion or judgment reached after consideration\nn. (boxing) a victory won on points when no knockout has occurred\nn. the outcome of a game or contest,"n. 决定, 决心, 决断\n[计] 判定",,5,1,zk gk cet4 cet6 ky ielts,381,479,s:decisions
declare,di'klєә,v. state emphatically and authoritatively\nv. state firmly\nv. declare to be\nv. authorize payments of,"v. 宣布, 声明, 申报, 断言",,4,1,gk cet4 cet6 ky toefl ielts,1534,1736,p:declared/d:declared/i:declaring/3:declares
decline,di'klain,n. change toward something smaller or lower\nn. a condition inferior to an earlier condition; a gradual falling off from a better state\nv. grow smaller\nv. go down,"n. 衰退, 跌落, 下降\nvt. 使降低, 婉谢\nvi. 下降, 衰落, 偏斜",,4,1,gk cet4 cet6 ky toefl ielts gre,2190,2000,d:declined/p:declined/i:declining/3:declines/s:declines
decorate,'dekәreit,"v. make more attractive by adding ornament, colour, etc.\nv. award a mark of honor, such as a medal, to",v. 装饰,,3,1,gk cet4 cet6 ky toefl ielts gre,3957,4327,d:decorated/p:decorated/i:decorating/3:decorates
decoration,.dekә'reiʃәn,n. something used to beautify\nn. an award for winning a championship or commemorating some other event\nn. the act of decorating something (in the hope of making it more attractive),"n. 装饰, 装饰品",,2,1,gk toefl ielts,4554,6136,s:decorations
decrease,'di:kri:s,n. a change downward\nn. a process of becoming smaller or shorter\nn. the amount by which something decreases\nn. the act of decreasing or reducing something,"n. 减少, 减少量\nv. 减少",,2,1,gk cet4 cet6 ky toefl ielts,4237,3370,d:decreased/3:decreases/p:decreased/i:decreasing/s:decreases
deed,di:d,n. a legal document signed and sealed and delivered to effect a transfer of property and to show the legal right to possess it,"n. 行为, 实行, 契约\nvt. 立契转让",,1,,gk cet4 cet6 ky gre,4742,5766,s:deeds
deep,di:p,n. the central and most intense or profound part\nn. literary term for an ocean\na. relatively deep or strong; affecting one deeply\ns. marked by depth of thinking,"a. 深的\nadv. 深入地\nn. 深渊, 深处",,4,1,zk gk,1024,975,r:deeper/t:deepest/s:deeps
deeply,'di:pli,r. to a great depth; far down,"adv. 深刻地, 在深处, 深沉地",,,1,gk,2327,2122,
deer,diә,n. distinguished from Bovidae by the male's having solid deciduous antlers,n. 鹿,,2,,gk cet4 cet6 ky,6143,2911,i:deering
defeat,di'fi:t,n. an unsuccessful ending to a struggle or contest,"n. 败北, 失败\nvt. 击败, 使落空",,4,1,gk cet4 cet6 ky toefl ielts,2560,3326,d:defeated/p:defeated/s:defeats/i:defeating/3:defeats
defence,di'fens,n (psychiatry) an unconscious process that tries to reduce the anxiety associated with instinctive desires\nn (sports) the team that is trying to prevent the other team from scoring\nn the defendant and his legal advisors collectively\nn an organization of defenders that provides resistance against attack\nn the speech act of answering an attack on your assertions\nn the justification for some act or belief\nn a structure used to defend against attack\nn a defendant's answer or plea denying the truth of the charges against him\nn (military) military action or resources protecting a country against potential enemies\nn protection from harm\nn the act of defending someone or something against attack or injury,"n. 防卫, 防卫设备\n[经] (诉讼程序中的)辩护",,4,1,gk cet4 cet6 ky ielts,788,21674,s:defences
defend,di'fend,v. argue or speak in defense of\nv. be on the defensive; act against an attack\nv. protect against a challenge or attack\nv. be the defense counsel for someone in a trial,"vt. 防护, 辩护, 防卫\n[法] 作...的辩护律师, 辩护, 为...答辩",,4,1,gk cet4 cet6 ky toefl,2130,1750,i:defending/d:defended/p:defended/3:defends
degree,di'gri:,n. a position on a scale of intensity or amount or quality\nn. a specific identifiable position in a continuum or series or especially in a process\nn. a measure for arcs and angles\nn. the highest power of a term or variable,"n. 程度, 度数, 学位, 度\n[医] 度, 程度",,4,1,zk gk cet4 cet6 ky ielts,763,789,s:degrees
delay,di'lei,"n. time during which some action is awaited\nn. the act of delaying; inactivity resulting in something being put off until a later time\nv. cause to be slowed down or delayed\nv. act later than planned, scheduled, or required","n. 耽搁, 迟滞\nv. 耽搁, 延迟\n[计] 延迟, 延时",,4,1,gk cet4 cet6 ky toefl ielts,2530,3105,d:delayed/s:delays/p:delayed/i:delaying/3:delays
delete,di'li:t,v. remove or make invisible,vt. 删除\n[计] 删除,,1,,gk cet4 ky toefl ielts,5794,8051,d:deleted/i:deleting/3:deletes/p:deleted
deliberately,di'libәrәtli,r with intention; in an intentional manner\nr in a deliberate unhurried manner,adv. 故意地,,,1,gk cet4 cet6 toefl,2806,4592,
delicate,'delikәt,a. exquisitely fine and subtle and pleasing; susceptible to injury\ns. marked by great skill especially in meticulous technique\ns. easily broken or damaged or destroyed\ns. easily hurt,"a. 细致优雅的, 微妙的, 美味的\n[医] 柔弱的",,2,1,gk cet4 cet6 ky toefl ielts gre,3775,3787,
delicious,di'liʃәs,n. variety of sweet eating apples,a. 美味的,,2,,zk gk cet4 ky toefl ielts,5437,4985,
delight,di'lait,n. a feeling of extreme pleasure or satisfaction\nv. take delight in,"n. 高兴, 愉快\nvt. 使高兴, 乐于\nvi. 感到高兴(或愉快、快乐)",,3,1,gk cet4 cet6 ky,3393,4890,s:delights/p:delighted/i:delighting/d:delighted/3:delights
delighted,di'laitid,s. greatly pleased,"a. 高兴的, 快乐的",,3,1,gk,2938,6609,0:delight/1:pd/p:delighted/d:delighted
deliver,di'livә,"v. deliver (a speech, oration, or idea)\nv. bring to a destination, make a delivery\nv. utter (an exclamation, noise, etc.)\nv. save from sins","vt. 递送, 陈述, 释放, 发表, 引渡, 投递, 交付\n[经] 交运",,4,1,gk cet4 ky ielts,1459,1288,d:delivered/i:delivering/p:delivered/3:delivers
demand,di'mɑ:nd,n. an urgent or peremptory request\nn. the ability and desire to purchase goods and services\nn. the act of demanding\nv. request urgently and forcefully,"n. 要求, 需求, 需要\nv. 要求, 查询",,5,1,gk cet4 cet6 ky gre,723,1287,s:demands/p:demanded/i:demanding/d:demanded/3:demands
dentist,'dentist,n. a person qualified to practice dentistry,n. 牙科医生\n[医] 牙医师,,2,1,zk gk cet6 ky toefl ielts,6054,6301,s:dentists
department,di'pɑ:tmәnt,n. a specialized division of a large organization\nn. the territorial and administrative division of some countries (such as France)\nn. a specialized sphere of knowledge,"n. 部门, 系, 机关\n[医] 部, 科",,5,1,gk cet4 cet6 ky ielts,447,1198,s:departments
departure,di'pɑ:tʃә,n. the act of departing,"n. 离开, 出发, 违背, 偏离\n[经] 启运",,,1,gk cet4 cet6 ky toefl,2903,3867,s:departures
depend,di'pend,v. be contingent upon (something that is elided),"vi. 靠, 视...而定, 信赖",,4,1,zk gk cet4 cet6 ky,987,1475,3:depends/i:depending/p:depended/d:depended
deposit,di'pɒzit,n. the phenomenon of sediment or gravel accumulating\nn. money deposited in a bank or some similar institution\nn. money given as security for an article acquired for temporary use\nn. a payment given as a guarantee that an obligation will be met,"n. 存款, 定金, 堆积物\nvt. 存放, 堆积\nvi. 沉淀",,3,1,gk cet4 cet6 ky toefl ielts gre,2384,4692,s:deposits/d:deposited/p:deposited/i:depositing/3:deposits
depth,depθ,n. the extent downward or backward or inward\nn. degree of psychological or intellectual profundity\nn. (usually plural) the deepest and most remote part\nn. (usually plural) a low moral state,"n. 深度, 深处, 深奥\n[计] 深度",,3,1,gk cet4 cet6 ky ielts,2159,2555,s:depths
describe,di'skraib,v. give a description of,"vt. 描述, 描绘, 画",,5,1,zk gk cet4 cet6 ky,398,568,d:described/p:described/3:describes/i:describing
description,di'skripʃәn,n. a statement that represents something in words\nn. the act of describing something\nn. sort or variety,"n. 描述, 说明, 种类\n[经] 说明书(物品), 品名种类, 货物名称",,3,1,gk cet4 cet6 ky ielts,1441,2171,s:descriptions
desert,'dezәt. di'sә:t,n. arid land with little or no vegetation\nv. leave behind,"n. 沙漠, 应得的赏罚, 功劳\na. 沙漠的, 不毛的\nvt. 放弃, 遗弃, 擅离\nvi. 逃掉",,3,1,gk cet4 cet6 ky toefl ielts gre,3426,2196,d:deserted/s:deserts/p:deserted/i:deserting/3:deserts
deserve,di'zә:v,v. be worthy or deserving,"vt. 该得到, 值得\nvi. 应得报答",,3,1,gk cet4 cet6 ky toefl ielts,2627,2224,3:deserves/p:deserved/d:deserved/i:deserving
design,di'zain,n. the act of working out the form of something (as by making a sketch or outline or plan)\nn. an arrangement scheme\nn. a decorative or artistic work\nn. a preliminary sketch indicating the plan for something,"n. 设计, 图样, 方案, 企图\nv. 设计, 计划",,5,1,gk cet4 cet6 ky toefl ielts,679,834,d:designed/s:designs/p:designed/i:designing/3:designs
desire,di'zaiә,n. the feeling that accompanies an unsatisfied state\nn. an inclination to want things\nn. something that is desired\nv. feel or have a desire for; want strongly,"n. 欲望, 要求\nvt. 想要, 请求\nvi. 渴望",,4,1,gk cet4 cet6 ky toefl ielts,1629,1551,s:desires/d:desired/p:desired/3:desires/i:desiring
desk,desk,n. a piece of furniture with a writing surface and usually drawers or other compartments,"n. 书桌, 办公桌, 工作台",,4,1,zk gk ielts,1862,1659,s:desks
desperate,'despәrәt,n. a person who is frightened and in need of help\ns. desperately determined\ns. (of persons) dangerously reckless or violent as from urgency or despair\ns. showing extreme courage; especially of actions courageously undertaken in desperation as a last resort,"a. 不顾一切的, 危急的, 令人绝望的, 极渴望的",,3,1,gk cet4 cet6 ky toefl ielts gre,2935,3091,
dessert,di'zә:t,n. a dish served as the last course of a meal,n. 餐后甜点,,2,,gk cet6 ky toefl,9993,4269,s:desserts
destination,.desti'neiʃәn,n. the ultimate goal for which something is done,"n. 目的地, 目标, 目的\n[计] 目的文件, 目的单元",,2,,gk cet4 cet6 ky toefl ielts,4309,3883,s:destinations
destroy,di'strɒi,"v. do away with, cause the destruction or undoing of\nv. destroy completely; damage irreparably\nv. put (an animal) to death","vt. 破坏, 毁坏, 消灭",,4,1,gk cet4 cet6 ky,1521,1418,d:destroyed/i:destroying/p:destroyed/3:destroys
detective,di'tektiv,n. a police officer who investigates crimes\nn. an investigator engaged or employed in obtaining information not easily available to the public,n. 侦探\na. 侦探的,,3,,gk cet6 ky toefl ielts,2906,3793,s:detectives
determination,di.tә:mi'neiʃәn,"n. the act of determining the properties of something, usually by research or calculation\nn. the quality of being determined to do or achieve something; firmness of purpose\nn. deciding or controlling something's outcome or nature","n. 决心, 果断\n[化] 判定; 测定",,2,1,gk cet4 cet6 toefl ielts gre,2788,3846,s:determinations
determine,di'tә:min,"v. establish after a calculation, investigation, experiment, survey, or study\nv. shape or influence; give direction to\nv. fix conclusively or authoritatively\nv. fix in scope; fix the boundaries of","v. 决定, 决心",,4,1,gk cet4 cet6 ky toefl,845,773,d:determined/i:determining/3:determines/p:determined
develop,di'velәp,"v. make something new, such as a product or a mental or artistic creation\nv. gain through experience\nv. be gradually disclosed or unfolded; become manifest; \nv. grow, progress, unfold, or evolve through a process of evolution, natural growth, differentiation, or a conducive environment","vt. 发展, 使发达, 进步, 洗印, 显影\nvi. 发展, 生长",,5,1,zk gk toefl,400,484,d:developed/i:developing/p:developed/3:develops
development,di'velәpmәnt,n. act of improving by expanding or enlarging or refining\nn. a process in which something passes by degrees to a different stage (especially a more advanced or mature stage)\nn. a recent event that has some relevance for the present situation\nn. a district that has been developed to serve some purpose,n. 发展\n[化] 展开,,5,1,zk gk ielts,234,448,s:developments
devote,di'vәut,v. set aside or apart for a specific purpose or use,"vt. 投入于, 献身",,2,1,gk cet4 cet6 ky toefl ielts,3407,3225,p:devoted/d:devoted/i:devoting/3:devotes
devotion,di'vәuʃәn,n. feelings of ardent love\nn. commitment to some purpose\nn. (usually plural) religious observance or prayers (usually spoken silently),"n. 热爱, 投入",,1,,gk cet6 toefl,6937,6466,s:devotions
diagram,'daiәɡræm,n. a drawing intended to explain how something works; a drawing showing the relation between the parts\nv. make a schematic or technical drawing of that shows interactions among variables or how something is constructed,n. 图表；图解,,1,1,gk cet4 cet6 ky toefl ielts gre,3855,7324,s:diagrams/d:diagrammed/i:diagramming/p:diagrammed/3:diagrams
dial,'daiәl,n. the face of a timepiece; graduated to show the hours\nn. the control on a radio or television set that is used for tuning\nn. the circular graduated indicator on various measuring instruments\nn. a disc on a telephone that is rotated a fixed distance for each number called,"n. 刻度盘, 钟面, 转盘\nv. 拨",,2,,gk cet4 cet6 ky ielts,8621,6092,p:dialled/s:dials/d:dialled/3:dials/i:dialing
dialogue,'daiәlɒg,n. a conversation between two persons\nn. the lines spoken by characters in drama or fiction\nn. a literary composition in the form of a conversation between two people,n. 对话\nvi. 对话\nvt. 用对话表达,,3,,zk gk toefl ielts,3654,2794,s:dialogues
diamond,'daiәmәnd,n. a transparent piece of diamond that has been cut and polished and is valued as a precious gem\nn. very hard native crystalline carbon valued as a gem\nn. a playing card in the minor suit that has one or more red rhombuses on it,"n. 钻石, 菱形\n[计] 菱形",,2,1,gk cet4 cet6 ky,3941,4044,s:diamonds
diary,'daiәri,n. a daily written record of (usually personal) experiences and observations\nn. a personal journal (as a physical object),n. 日记\n[经] 日记簿,,3,1,zk gk cet4 cet6 ky ielts,2934,4334,s:diaries
dictation,dik'teiʃәn,n. speech intended for reproduction in writing\nn. matter that has been dictated and transcribed; a dictated passage,"n. 听写, 口述, 命令",,,,gk cet4 cet6 ky ielts,20641,21756,s:dictations
dictionary,'dikʃәnәri,n. a reference book containing an alphabetical list of words with information about them,"n. 字典, 词典\n[计] 词典",,2,1,zk gk,3332,8493,s:dictionaries
die,dai,n. a small cube with 1 to 6 spots on the six faces; used in gambling to generate random numbers\nn. a device used for shaping metal\nn. a cutting tool that is fitted into a diestock and used for cutting male (external) screw threads on screws or bolts or pipes or rods\nv. pass from physical life and lose all bodily attributes and functions necessary to sustain life,"vi. 死亡, 消逝, 平息, 熄灭, 漠然, 渴望\nvt. 死\nn. 骰子, 冲模",,5,1,zk gk gre,443,403,p:died/d:died/i:dying/3:dies/s:dies
diet,'daiәt,"n. a prescribed selection of foods\nn. a legislative assembly in certain countries (e.g., Japan)\nn. the usual food and drink consumed by an organism (person or animal)\nn. the act of restricting your food intake (or your intake of particular foods)","n. 日常饮食, 议会\nvt. 照规定饮食\nvi. 忌食",,4,1,gk cet4 cet6 ky toefl ielts,1964,2139,s:diets/i:dieting/d:dieted/p:dieted/3:diets
differ,'difә,v. be different,"vi. 不一致, 不同\n[机] 差异, 不同",,2,,gk cet4 cet6 ky ielts,2552,2990,3:differs/p:differed/i:differing/d:differed
difference,'difәrәns,n. the quality of being unlike or dissimilar\nn. a significant change,"n. 不同, 差异\n[计] 差分",,4,1,zk gk cet4 ky ielts,528,496,s:differences
different,'difәrәnt,a. unlike in nature or quality or form or degree\ns. distinctly separate from the first\ns. differing from all others; not ordinary\ns. distinct or separate,"a. 不同的\n[机] 差动, 微分的, 差速器",,5,1,zk gk ielts,177,237,
difficult,'difikәlt,a. not easy; requiring great physical or mental effort to accomplish or comprehend or endure,a. 困难的,,5,1,zk gk ielts,439,608,
difficulty,'difikәlti,n. a factor causing trouble in achieving a positive result or tending to produce a negative result\nn. a condition or state of affairs almost beyond one's ability to deal with and requiring great effort to bear or overcome\nn. the quality of being difficult,"n. 困难, 难点",,4,1,zk gk cet4 ky ielts,760,1686,s:difficulties
dig,dig,"n. the site of an archeological exploration\nn. a small gouge (as in the cover of a book)\nn. the act of touching someone suddenly with your finger or elbow\nv. turn up, loosen, or remove earth","vt. 挖, 翻土, 发掘\nvi. 挖掘\nn. 挖掘\n[计] 数字, 数位",,3,1,zk gk,2810,2460,p:dug/i:digging/d:dug/3:digs/s:digs
digest,di'dʒest,n. a periodical that summarizes the news\nv. convert food into absorbable substances\nv. arrange and integrate in the mind\nv. put up with something or somebody unpleasant,"n. 文摘\nvi. 消化\nvt. 消化, 理解\n[计] 摘要",,2,,gk cet4 cet6 ky toefl ielts,7573,9447,d:digested/i:digesting/p:digested/3:digests
digital,'didʒitәl,a. displaying numbers rather than scale positions\na. relating to or performed with the fingers\na. of a circuit or device that represents magnitudes in digits,"a. 数字显示的, 数字的\nn. 数字仪表, 数字式电子表(或时钟)\n[计] 数字, 数字式",,2,,gk cet4 cet6 ky ielts,3598,2356,
dignity,'digniti,n. the quality of being worthy of esteem or respect\nn. formality in bearing and appearance\nn. high office or rank or station,"n. 尊严, 高贵\n[法] 尊严, 高位, 高贵",,2,,gk cet6 ky toefl ielts gre,4745,4100,s:dignities
dilemma,di'lemә,n. state of uncertainty or perplexity especially as requiring a choice between equally unfavorable options,"n. 困境, (进退两难的)窘境",,2,,gk cet6 ky toefl ielts gre,4551,4118,s:dilemmas
dimension,dai'menʃәn,n. the magnitude of something in a particular direction (especially length or width or height)\nn. one of three Cartesian coordinates that determine a position in space\nv. indicate the dimensions on\nv. shape or form to required dimensions,"n. 尺寸, 次元, 面积, 维数\nvt. 标出尺寸",,2,,gk cet4 cet6 ky toefl ielts gre,2699,2420,s:dimensions/d:dimensioned/i:dimensioning/p:dimensioned/3:dimensions
dine,dain,v. have supper; eat dinner\nv. give dinner to; host for dinner,"vi. 用正餐, 进餐\nvt. 宴请",,2,,gk cet6 ky ielts,7900,7360,p:dined/i:dining/d:dined/3:dines
dinner,'dinә,n. the main meal of the day served in the evening or at midday\nn. a party of people assembled to have dinner together,"n. 晚餐, 正餐, 宴会",,4,1,zk gk ielts,1422,1076,s:dinners
dinosaur,'dainәsɒ:,n. any of numerous extinct terrestrial reptiles of the Mesozoic era,n. 恐龙,,2,,gk toefl,7298,5326,s:dinosaurs
dioxide,dai'ɒksaid,n. an oxide containing two atoms of oxygen in the molecule,n. 二氧化物\n[医] 二氧化物,,,,gk cet6 toefl ielts,4653,5712,s:dioxides
dip,dip,n. a depression in an otherwise level surface\nn. (physics) the angle that a magnetic needle makes with the plane of the horizon\nn. tasty mixture or liquid into which bite-sized foods are dipped\nn. a brief immersion,"v. 浸, 降下, 把(手、勺等)伸入, 舀取\nn. 浸, 涉猎\n[计] 双列直插式组件, 分布式输入输出系统, 双排直插封装",,2,,gk cet4 cet6 ky ielts,4987,4532,p:dipped/i:dipping/d:dipped/s:dips/3:dips
diploma,di'plәumә,n. a document certifying the successful completion of a course of study,"n. 文凭, 毕业证书\n[医] 文凭",,1,,gk cet6 ky ielts,6259,8453,s:diplomas
direct,di'rekt,v. command with authority\nv. guide the actors in (plays and films)\nv. be in charge of\nv. give directions to; point somebody into a certain direction,"a. 直接的, 坦白的\nvt. 指示, 指挥, 命令, 导演\nvi. 指导, 指挥\nadv. 直接地",,5,1,zk gk cet4 cet6 ky toefl ielts,960,1478,d:directed/i:directing/p:directed/3:directs
direction,di'rekʃәn,n. a line leading to a place or point\nn. the spatial relation between something and the course along which it points or moves\nn. a general course along which something has a tendency to develop\nn. a message describing how something is to be done,"n. 方向, 指导, 趋势\n[计] 方向; 流向",,4,1,zk gk cet4 cet6 ky,910,928,s:directions
director,di'rektә,n. someone who controls resources and expenditures\nn. member of a board of directors\nn. someone who supervises the actors and directs the action in the production of a show,"n. 主管, 导演, 董事\n[计] 寻向偶极子; 指挥仪",,5,1,zk gk cet4 cet6 ky ielts,603,510,s:directors
directory,di'rektәri,n. an alphabetical list of names and addresses\nn. (computer science) a listing of the files stored in memory (usually on a hard disk),"n. 目录, 工商名录, 指南\n[计] 目录",,2,,gk cet6 ky ielts,3680,8211,s:directories
dirt,dә:t,n. the state of being covered with unclean things\ns. (of roads) not leveled or drained; unsuitable for all year travel,"n. 污垢, 泥土\n[化] 污垢",,2,1,gk cet4 ky,5597,2737,
dirty,'dә:ti,"v. make soiled, filthy, or dirty\na. soiled or likely to soil with dirt or grime\na. (of behavior or especially language) characterized by obscenity or indecency\ns. vile; despicable","a. 肮脏的, 卑鄙的\nvt. 弄脏\nvi. 变脏",,3,1,zk gk,2873,2869,t:dirtiest/r:dirtier/i:dirtying/p:dirtied/d:dirtied/3:dirties
disability,disә'biliti,n. the condition of being unable to perform as a consequence of physical or mental unfitness,"n. 无力, 无能, 残疾\n[医] 劳动能力丧失, 病废",,2,,gk,3323,2558,s:disabilities
disabled,dis'eibld,n. people collectively who are crippled or otherwise physically handicapped\ns. incapable of functioning as a consequence of injury or illness,"a. 残废的, 有缺陷的, 失效的\n[计] 失效的",,2,1,gk ielts,2671,4412,d:disabled/0:disabled/1:dp/p:disabled
disadvantage,.disәd'vɑ:ntidʒ,"n. the quality of having an inferior or less favorable position\nv. put at a disadvantage; hinder, harm","n. 缺点, 不利, 坏处",,2,1,gk cet4 cet6 toefl,3518,6291,s:disadvantages/d:disadvantaged/i:disadvantaging/p:disadvantaged/3:disadvantages
disagree,.disә'gri:,v. be of different opinions\nv. be different from one another,"vi. 不一致, 不适宜\n[法] 抵触, 不同意, 争执",,2,1,gk cet4 cet6,4677,2679,p:disagreed/3:disagrees/i:disagreeing/d:disagreed
disagreement,.disә'gri:mәnt,n. a conflict of people's opinions or actions or characters\nn. the speech act of disagreeing or arguing or disputing,"n. 不合, 争论, 不一致\n[法] 不一致, 不同意, 陪审团的意见不一",,2,1,gk cet6 ielts,5048,5117,s:disagreements
disappear,.disә'piә,"v. get lost, as without warning or explanation","vi. 消失, 不见",,3,1,gk cet4 cet6 ky,1663,1578,p:disappeared/d:disappeared/3:disappears/i:disappearing
disappoint,.disә'pɒint,v. fail to meet the hopes or expectations of,vt. 使失望,,1,1,gk cet4 cet6 ky,9539,8204,p:disappointed/d:disappointed/3:disappoints/i:disappointing
disappointment,.disә'pɒintmәnt,n. a feeling of dissatisfaction that results when your expectations are not realized\nn. an act (or failure to act) that disappoints someone,n. 失望,,2,1,gk toefl,3927,4566,s:disappointments
disaster,di'zɑ:stә,n. an act that has disastrous consequences,"n. 灾祸, 不幸, 彻底失败",,3,1,gk cet4 cet6 ky toefl ielts gre,2466,2321,s:disasters
discount,'diskaunt,n. the act of reducing the selling price of merchandise\nv. give a reduction in price on,"n. 折扣, 贴现率\nvt. 打折扣\nvi. 贴现",,3,1,gk cet4 cet6 ky toefl ielts gre,3143,4504,s:discounts/d:discounted/i:discounting/p:discounted/3:discounts
discourage,dis'kʌridʒ,v. deprive of courage or hope; take away hope from; cause to feel discouraged,"vt. 使气馁, 阻碍",,2,,gk cet4 cet6 ky toefl,5260,4211,d:discouraged/p:discouraged/i:discouraging/3:discourages
discover,dis'kʌvә,"v. make a discovery, make a new finding\nv. make a discovery\nv. see for the first time; make a discovery","vt. 发现, 找到, 暴露\nvi. 发现",,4,1,zk gk cet4 cet6 ky,923,956,p:discovered/d:discovered/i:discovering/3:discovers
discovery,dis'kʌvәri,n. the act of discovering something\nn. something that is discovered\nn. a productive insight\nn. (law) compulsory pretrial disclosure of documents relevant to a case; enables one side in a litigation to elicit information from the other side concerning the facts in the case,"n. 发现, 被发现的事物\n[法] 要求告知, 发现, 发觉",,3,1,zk gk cet4 cet6 ky ielts,2453,2227,s:discoveries
discrimination,dis.krimi'neiʃәn,n. unfair treatment of a person or group on the basis of prejudice\nn. the cognitive process whereby two or more stimuli are distinguished,"n. 差别, 岐视, 辨别力\n[化] 鉴别",,2,,gk cet4 cet6 ky toefl,3592,3167,s:discriminations
discuss,dis'kʌs,n an athletic competition in which a disk-shaped object is thrown as far as possible\nn a disk used in throwing competitions\nv to consider or examine in speech or writing\nv speak with others about (something); talk (something) over in detail; have a discussion,"vt. 讨论, 论述\n[医] 讨论, 辩论",,4,1,zk gk,661,847,d:discussed/i:discussing/p:discussed/3:discusses
discussion,dis'kʌʃәn,n. an extended communication (often interactive) dealing with some particular topic\nn. an exchange of views on some topic,n. 讨论,,4,1,zk gk cet4 cet6 ielts,860,1041,s:discussions
disease,di'zi:z,n. an impairment of health or a condition of abnormal functioning,"n. 疾病, 弊病\n[医] [疾]病",,4,1,zk gk cet4 cet6 ky ielts,931,775,s:diseases
disgusting,dis'gʌstiŋ,s. highly offensive; arousing aversion or disgust,a. 令人厌恶的,,1,1,gk,6544,8938,1:i/0:disgust
dish,diʃ,n. a piece of dishware normally used as a container for holding or serving food\nn. a particular item of prepared food\nn. the quantity that a dish will hold\nn. directional antenna consisting of a parabolic reflector for microwave or radio frequency radiation,"n. 盘子, 碟, 菜肴\n[医] 皿, 碟",,3,1,zk gk,2709,1935,s:dishes/i:dishing/d:dished/p:dished/3:dishes
dislike,dis'laik,n. a feeling of aversion or antipathy\nv. have or feel a dislike or distaste for,"n. 嫌恶\nvt. 讨厌, 不喜欢",,2,1,gk cet4 cet6 ky,4949,6813,p:disliked/d:disliked/3:dislikes/i:disliking/s:dislikes
dismiss,dis'mis,v. bar from attention or consideration\nv. cease to consider; put out of judicial consideration\nv. stop associating with\nv. end one's encounter with somebody by causing or permitting the person to leave,"vt. 解散, 开除, 解职\nvi. 解散\n[计] 解散",,4,1,zk gk cet4 cet6 ky toefl ielts,2100,2802,d:dismissed/p:dismissed/i:dismissing/3:dismisses
disobey,.disә'bei,v. refuse to go along with; refuse to follow; be disobedient,"v. 违反, 不服从",,,,gk,18583,15476,i:disobeying/p:disobeyed/d:disobeyed/3:disobeys
distance,'distәns,n. the property created by the space between two objects or points\nn. a distant region\nn. size of the gap between two places\nn. indifference by personal withdrawal,"n. 距离, 远方, 遥远\n[计] 位距",,4,1,gk cet4 cet6 ky toefl ielts,1275,1235,s:distances/i:distancing/d:distanced/p:distanced/3:distances
distant,'distәnt,a. separated in space or coming from or going to a distance\na. far apart in relevance or relationship or kinship\ns. separate or apart in time\ns. located far away spatially,"a. 远的, 疏远的\n[经] 远期的",,2,,gk cet4 cet6 ky toefl ielts gre,2745,2630,
distinction,dis'tiŋkʃәn,n. a distinguishing quality\nn. a distinguishing difference,n. 区别,,2,,gk cet4 cet6 ky toefl ielts gre,1865,2921,s:distinctions
distinguish,dis'tiŋgwiʃ,"v. mark as different\nv. be a distinctive feature, attribute, or trait; sometimes in a very positive sense","v. 区别, 辨别",,2,1,gk cet4 cet6 ky toefl ielts,2265,3246,d:distinguished/3:distinguishes/i:distinguishing/p:distinguished
distribute,di'stribju:t,"v. administer or bestow, as in small portions\nv. make available\nv. give to several people\nv. spread throughout a given area","vt. 分配, 散布, 分发\n[经] 分配, 分发",,2,1,gk cet4 cet6 ky toefl ielts gre,2662,2944,d:distributed/i:distributing/3:distributes/p:distributed
district,'distrikt,n. a region marked off for administrative or other purposes,"n. 区域, 地方\n[医] 地区, 地段",,4,1,gk cet4 cet6 ky toefl gre,1071,1266,s:districts/i:districting/p:districted/3:districts/d:districted
disturb,dis'tә:b,v. move deeply\nv. damage as if by shaking or jarring,"vt. 扰乱, 妨碍, 使不安\n[法] 滋扰, 扰乱",,2,1,zk gk cet4 cet6 ky toefl ielts,3272,4565,d:disturbed/i:disturbing/p:disturbed/3:disturbs
disturbing,dis'tә:biŋ,v move deeply\nv change the arrangement or position of\nv tamper with\nv destroy the peace or tranquility of\nv damage as if by shaking or jarring\ns causing distress or worry or anxiety,"a. 引起烦恼的, 令人不安的",,,1,gk,5532,4827,0:disturb/1:i/i:disturbing
dive,daiv,n. a headlong plunge into water\nn. a steep nose-down descent by an aircraft\nv. drop steeply\nv. plunge into water,"n. 潜水, 跳水\nvi. 跳水, 俯冲, 猛冲\nvt. 把...突然伸入",,2,,gk cet4 cet6 ky toefl,5288,5121,p:dived/i:diving/3:dives/s:dives/d:dived
diverse,dai'vә:s,s. distinctly dissimilar or unlike,"a. 不同的, 变化多的",,2,,gk cet4 cet6 ky toefl ielts gre,4813,2813,
divide,di'vaid,n. a serious disagreement between two groups of people (typically producing tension or hostility)\nv. separate into parts or portions\nv. perform a division,"vi. 分开, 分配, 分裂\nvt. 分, 分开, 分裂, 除\nn. 分配, 分水岭\n[计] 除",,4,1,zk gk cet4 ky toefl,1544,1942,d:divided/i:dividing/p:divided/3:divides/s:divides
division,di'viʒәn,n. an army unit large enough to sustain combat\nn. the act or process of dividing\nn. an administrative unit in government or business\nn. discord that splits a group,"n. 分, 分开, 除法, 部门(如部、处、系等), 师\n[计] 部分",,4,1,gk cet4 cet6 ky toefl,891,1849,s:divisions
divorce,di'vɒ:s,n. the legal dissolution of a marriage\nv. get a divorce; formally terminate a marriage,n. 离婚\nvt. 与...离婚,,3,1,gk cet4 cet6 ky toefl ielts,3853,2978,d:divorced/p:divorced/s:divorces/i:divorcing/3:divorces
dizzy,'dizi,v. make dizzy or giddy\ns. having or causing a whirling sensation; liable to falling,"a. 晕眩的, 眼花缭乱的\nvt. 使晕眩",,2,,gk cet6 ky toefl ielts,9951,8740,p:dizzied/r:dizzier/d:dizzied/i:dizzying/3:dizzies
do,du:,"n. the syllable naming the first (tonic) note of any major scale in solmization\nv. get (something) done\nv. proceed or get along\nv. create or design, often in a certain way","v. 做, 进行, 完成",,5,1,zk gk,19,18,i:doing/p:did/3:does/d:done
doctor,'dɒktә,n. a licensed medical practitioner\nn. children take the roles of physician or patient or nurse and pretend they are at the physician's office\nn. a person who holds Ph.D. degree (or the equivalent) from an academic institution\nv. give medical treatment to,"n. 医生, 博士\nvt. 授以博士学位, 诊断, 修改\nvi. 行医",,4,1,zk gk ielts,665,570,s:doctors/i:doctoring/p:doctored/3:doctors/d:doctored
document,'dɒkjumәnt,n. writing that provides information (especially information of an official nature)\nn. anything serving as a representation of a person's thinking by means of symbolic marks\nn. a written account of ownership or obligation\nv. record in detail,"n. 文件, 公文, 文档\nvt. 证明, 为...引证\n[计] 文档",,4,1,gk cet4 cet6 ky toefl gre,1052,1389,s:documents/d:documented/i:documenting/p:documented/3:documents
does,dʌz; dәz,"n the federal department responsible for maintaining a national energy policy of the United States; created in 1977\nn mature female of mammals of which the male is called `buck'\nv engage in\nv carry out or perform an action\nv get (something) done\nv proceed or get along\nv give rise to; cause to happen or occur, not always intentionally\nv carry out or practice; as of jobs and professions\nv be sufficient; be adequate, either in quality or quantity\nv create or design, often in a certain way\nv behave in a certain manner; show a certain behavior; conduct or comport oneself\nv spend time in prison or in a labor camp\nv carry on or function\nv arrange attractively\nv travel or traverse (a distance)",v. 做；工作；有用（do的第三人称单数形式）,,,,gk,0,0,0:doe/1:s
dog,dɒg,n. a member of the genus Canis (probably descended from the common wolf) that has been domesticated by man since prehistoric times; occurs in many breeds\nn. informal term for a man,"n. 狗, 坏蛋\nvt. 跟踪, 尾随",,4,1,zk gk,819,753,s:dogs/d:dogged/p:dogged/i:dogging/3:dogs
doll,dɒl,n. a small replica of a person; used as a toy,"n. 洋娃娃, 无头脑的美丽女人",,2,,zk gk ky toefl,5101,3823,s:dolls/p:dolled/d:dolled/i:dolling
dollar,'dɒlә,n. the basic monetary unit in many countries; equal to 100 cents\nn. a piece of paper money worth one dollar\nn. a United States coin worth one dollar\nn. a symbol of commercialism or greed,"n. 美元, 元(加、澳等国货币单位)\n[经] 纯经济的, 美元, 元",,5,1,zk gk,2340,0,s:dollars
door,dɒ:,n. a swinging or sliding barrier that will close the entrance to a room or building or vehicle\nn. anything providing a means of access (or escape)\nn. a structure where people live or work (usually ordered along a street or road)\nn. a room that is entered via a door,n. 门,,5,1,zk gk,300,343,s:doors
dormitory,'dɒ:mitәri,n. a college or university building containing living quarters for students\nn. a large sleeping room containing several beds,n. 宿舍,,1,,gk cet4 cet6 toefl,14248,10947,s:dormitories
dot,dɒt,n. the shorter of the two telegraphic signals used in Morse code\nv. scatter or intersperse like dots or studs\nv. make a dot or dots\nv. mark with a dot,"n. 点, 圆点, 小数点, 小东西, 嫁妆\nvt. 作小点记号, 加小点于\nvi. 打上点\n[计] 点",,2,1,gk cet4 ky toefl ielts,4132,4480,s:dots/p:dotted/d:dotted/i:dotting/3:dots
double,'dʌbl,n. a base hit on which the batter stops safely at second base\nn. a stand-in for movie stars to perform dangerous stunts\nn. someone who closely resembles a famous person (especially an actor)\nn. a quantity that is twice as great as another,"n. 两倍\na. 两倍的, 双重的\nvt. 使加倍\nvi. 加倍, 代替, 快步走\n[计] 双精度型",,4,1,zk gk ielts,1640,2202,d:doubled/i:doubling/s:doubles/p:doubled/3:doubles
doubt,daut,n. the state of being unsure of something\nn. uncertainty about the truth or factuality or existence of something\nv. consider unlikely or have doubts about\nv. lack confidence in or have doubts about,"n. 怀疑, 疑惑\nv. 怀疑, 不信",,4,1,zk gk cet4 cet6 ky toefl,1183,1906,s:doubts/p:doubted/d:doubted/i:doubting/3:doubts
down,daun,n. soft fine feathers\nn. (American football) a complete play to advance the football\nn. English physician who first described Down's syndrome (1828-1896)\nn. (usually plural) a rolling treeless highland with little soil,"a. 向下的\nadv. 下, 下去, 降下\nprep. 往下, 沿着\nn. 丘陵, 软毛, 开阔的高地\n[计] 向下, 退下命令",,2,1,zk gk toefl gre,102,118,s:downs/i:downing/p:downed/3:downs/d:downed
download,,v. transfer a file or program from a central computer to a smaller computer or to a computer at a remote location,"[计] 卸载, 下栽",,,,gk,27269,6382,d:downloaded/i:downloading/p:downloaded/s:downloads/3:downloads
downstairs,'daun'stєәz,a. on or of lower floors of a building\nr. on a floor below,n. 楼下\na. 楼下的\nadv. 在楼下,,,1,zk gk cet4 ky,4046,5467,
downtown,'daun'taun,"a. of or located in the lower part of a town, or in the business center\nr. toward or in the lower or central part of town",n. 市中心区\na. 市中心的\nadv. 往闹市区,,2,,gk ky toefl ielts,18944,3116,r:downtowner
downward,'daunwәd,s. on or toward a surface regarded as a base,a. 向下的,,,1,gk cet4 cet6 ky,8499,8257,
dozen,'dʌzn,n the cardinal number that is the sum of eleven and one\ns denoting a quantity consisting of 12 items or units,"n. 打, 十二个\na. 一打的",,4,1,zk gk cet4 ky,2371,1194,
Dr,,,"n. 博士, 医生\n[医] 英钱",,,1,gk,820,0,
draft,dræft. drɑ:ft,n. a document ordering the payment of money; drawn by one person or bank on another\nn. a current of air (usually coming into a chimney or room or vehicle)\nn. a preliminary sketch of a design or picture\nn. a serving of drink (usually alcoholic) drawn from a keg,"n. 气流, 草稿, 汇票, 草案\nvt. 起草, 征兵\n[计] 草稿",,3,1,gk cet4 cet6 ky toefl ielts gre,2834,2624,d:drafted/i:drafting/s:drafts/p:drafted/3:drafts
drag,dræg,n. the phenomenon of resistance to motion through a fluid\nn. something that slows or delays progress\nn. something tedious and boring\nn. clothing that is conventionally worn by the opposite sex (especially women's clothing when worn by a man),"n. 拖, 拖累\nv. 拖累, 拖拉, 沉重缓慢地走, 拖动\n[计] 拖动",,3,1,gk cet4 cet6 ky toefl,2538,2127,p:dragged/i:dragging/d:dragged/3:drags/s:drags
draw,drɒ:,n. a gully that is shallower than a ravine\nn. the finish of a contest in which the score is tied and the winner is undecided\nn. anything (straws or pebbles etc.) taken or chosen at random\nn. a playing card or cards dealt or taken from the pack,"vi. 拉, 拖, 拔剑\nvt. 拖拉, 挨近, 领取, 打成平局, 引导, 抽签决定, 画, 描写, 制订, 草拟, 吸引\nn. 拉, 拖, 拔出, 抽签, 平局\n[计] 翻牌, 绘图",,5,1,zk gk toefl,429,592,d:drawn/p:drew/i:drawing/3:draws/s:draws
drawback,'drɒ:bæk,n. the quality of being a hindrance,"n. 缺点, 退税\n[法] 退款, 退税",,1,,gk cet6 ky toefl ielts,7710,8563,s:drawbacks
drawer,'drɒ:ә,n. a boxlike container in a piece of furniture; made so as to slide in and out\nn. the person who writes a check or draft instructing the drawee to pay someone else,"n. 抽屉, 开票人\n[计] 抽屉",,2,1,zk gk cet4 cet6 ky toefl ielts,4175,4212,s:drawers
drawing,'drɒ:iŋ,"n. an illustration that is drawn by hand and published in a book, magazine, or newspaper\nn. a representation of forms or objects on a surface by means of lines\nn. the creation of artistic pictures or diagrams\nn. act of getting or draining something such as electricity or a liquid from a source","n. 图画, 制图, 拉\n[计] 绘图",,2,1,gk cet4 cet6 ky toefl,1892,2521,0:draw/1:i/s:drawings/i:drawing
dream,dri:m,n. a series of mental images and emotions occurring during sleep\nn. imaginative thoughts indulged in while awake\nn. a state of mind characterized by abstraction and release from reality\nn. someone or something wonderful,"n. 梦, 空想, 愿望\nv. 做梦, 想象, 梦想",,4,1,zk gk cet4 cet6 ky,1513,990,s:dreams/i:dreaming/d:dreamed/p:dreamed/3:dreams
dress,dres,n. a one-piece garment for a woman; has skirt and bodice\nv. put on clothes\nv. provide with clothes or put clothes on\nv. put a finish on,"n. 服装, 覆盖物\nvi. 穿着\nvt. 给...穿衣, 整理",,4,1,zk gk ielts,1673,1437,d:dressed/s:dresses/i:dressing/p:dressed/3:dresses
drier,'draiә,"n a substance that promotes drying (e.g., calcium oxide absorbs water and is used to remove moisture)\nn an appliance that removes moisture\na free from liquid or moisture; lacking natural or normal moisture or depleted of water; or no longer wet\ns humorously sarcastic or mocking\na lacking moisture or volatile components\na opposed to or prohibiting the production and sale of alcoholic beverages\na not producing milk\na (of liquor) having a low residual sugar content because of decomposition of sugar during fermentation\na without a mucous or watery discharge; a small child with a dry nose""\ns not shedding tears\ns lacking interest or stimulation; dull and lifeless\ns used of solid substances in contrast with liquid ones\ns unproductive especially of the expected results\ns having no adornment or coloration\ns (of food) eaten without a spread or sauce or other garnish\ns having a large proportion of strong liquor\ns lacking warmth or emotional involvement\ns practicing complete abstinence from alcoholic beverages; I happen to be teetotal""","n. 干燥机, 干燥剂\n[化] 干燥剂; 催干剂; 干燥设备; 干燥器; 烘缸",,,,gk,19790,22822,0:dry/1:r/s:driers
drill,dril,"n. a tool with a sharp point and cutting edges for making holes in hard materials (usually rotating rapidly or by repeated blows)\nn. similar to the mandrill but smaller and less brightly colored\nn. (military) the training of soldiers to march (as in ceremonial parades) or to perform the manual of arms\nv. train in the military, e.g., in the use of weapons","n. 钻孔机, 钻子, 播种机, 粗斜纹布\nv. 训练, 钻孔",,2,,gk cet4 cet6 ky toefl ielts gre,5299,4760,i:drilling/s:drills/d:drilled/p:drilled/3:drills
drink,driŋk,n. a single serving of a beverage\nn. the act of drinking alcoholic beverages to excess\nn. any large deep body of water\nv. take in liquids,"n. 饮料, 酒\nv. 喝, 喝酒",,4,1,zk gk,1284,1232,s:drinks/i:drinking/p:drank/d:drunk/3:drinks
drive,draiv,n. the act of applying force to propel something\nn. a mechanism by which force or power is transmitted in a machine\nn. the trait of being highly motivated\nn. hitting a golf ball off of a tee with a driver,"n. 驾车, 快车道, 推进力, 驱动, 动力, 击球, 驱动器\nvt. 开车, 驱使, 推动, 驾驶\nvi. 开车, 猛击, 飞跑\n[计] 驱动器",,5,1,zk gk,640,490,p:drove/d:driven/i:driving/3:drives/s:drives
driver,'draivә,n. the operator of a motor vehicle\nn. someone who drives animals that pull a vehicle\nn. a golfer who hits the golf ball with a driver\nn. (computer science) a program that determines how a computer will communicate with a peripheral device,"n. 驾驶员, 驱动器, 驱动程序\n[化] 驱动器",,,1,zk gk ielts,1225,1226,s:drivers
drop,drɒp,n. a shape that is spherical and small\nn. a small indefinite quantity (especially of a liquid)\nn. a sudden sharp decrease in some quantity\nn. a predetermined hiding place for the deposit and distribution of illicit goods (such as drugs or stolen property),"n. 滴, 微量, 落下, 空投\nvi. 放下, 掉下, 下降\nvt. 使滴下, 放下, 丢失, 遗漏\n[计] 投入, 投入点, 接入点, 分接点",,4,1,zk gk cet4 cet6 ky ielts,925,690,p:dropped/d:dropped/i:dropping/s:drops/3:drops
drown,draun,"v. get rid of as if by submerging\nv. die from being submerged in water, getting water into the lungs, and asphyxiating\nv. kill by submerging in water","vi. 淹死\nvt. 把...淹死, 淹没",,2,,gk cet4 cet6 ky ielts,4492,4927,d:drowned/p:drowned/i:drowning/3:drowns
drug,drʌg,n. a substance that is used as a medicine or narcotic\nv. administer a drug to\nv. use recreational drugs,"n. 药, 麻药, 麻醉药\nvi. 吸毒\nvt. 使服麻醉药, 使麻木",,5,1,zk gk cet4 cet6 ky,963,461,s:drugs/d:drugged/p:drugged/i:drugging/3:drugs
drum,drʌm,n. a musical percussion instrument; usually consists of a hollow cylinder with a membrane stretched across each end\nn. the sound of a drum\nn. a cylindrical metal container used for shipping or storage of liquids\nn. small to medium-sized bottom-dwelling food and game fishes of shallow coastal and fresh waters that make a drumming noise,"n. 鼓, 鼓声\nvi. 击鼓, 作鼓声\nvt. 打鼓奏出\n[计] 磁鼓",,3,1,zk gk cet4 cet6 ky,4171,4116,s:drums/p:drummed/d:drummed/i:drumming/3:drums
drunk,drʌŋk,n. someone who is intoxicated,a. 喝醉了的\ndrink的过去式,,2,1,gk cet4 cet6 ky,4187,3701,0:drink/1:dp/d:drunk/s:drunks/r:drunker/p:drunk
dry,drai,n. a reformer who opposes the use of intoxicating beverages\nv. remove the moisture from and make dry\nv. become dry or drier\na. free from liquid or moisture; lacking natural or normal moisture or depleted of water; or no longer wet,"a. 干的, 无酒的, 枯燥无味的, 干燥的\nvt. 把...弄干\nvi. 变干\nn. 干, 干涸",,4,1,zk gk,1665,1561,d:dried/i:drying/p:dried/3:dries/r:drier/t:driest/s:dries
duck,dʌk,n. small wild or domesticated web-footed broad-billed swimming bird usually having a depressed body and short legs\nn. (cricket) a score of nothing by a batsman\nn. flesh of a duck (domestic or wild)\nn. a heavy cotton fabric of plain weave; used for clothing and tents,"n. 鸭子\nvi. 没入水中, 闪避\nvt. 猛按...入水, 躲避",,2,,zk gk cet4 cet6 ky,3713,3521,s:ducks/p:ducked/i:ducking/d:ducked/3:ducks
due,dju:,"n. that which is deserved or owed\nn. a payment that is due (e.g., as the price of membership)\na. owed and payable immediately or on demand\ns. scheduled to arrive","n. 应得的东西, 应付款\na. 到期的, 应得的, 应付的, 约定的",,4,1,gk cet4 cet6 ky toefl ielts,1280,1796,
dull,dʌl,v. make dull in appearance\nv. become dull or lusterless in appearance; lose shine or brightness\nv. make dull or blunt\nv. make less lively or vigorous,"a. 钝的, 无趣的, 呆滞的, 阴暗的\nvt. 使迟钝, 使阴暗, 缓和\nvi. 变迟钝, 减少",,2,1,gk cet4 cet6 ky toefl ielts gre,3799,5094,r:duller/p:dulled/d:dulled/t:dullest/i:dulling/3:dulls
dumpling,'dʌmpliŋ,n. small balls or strips of boiled or steamed dough\nn. dessert made by baking fruit wrapped in pastry,"n. 面团布丁, 团子",,,,zk gk,22551,14302,s:dumplings
during,'djuәriŋ,"prep. In the time of; as long as the action or existence of;\n   as, during life; during the space of a year.",prep. 在...的时候,,5,1,zk gk,192,198,
dusk,dʌsk,v. become dusk,"n. 薄暮, 傍晚, 黄昏\na. 微暗的\nv. (使)微暗",,1,,gk cet4 cet6 ky,7861,7212,s:dusks/i:dusking/p:dusked/3:dusks/d:dusked
dust,dʌst,n. fine powdery material such as dry earth or pollen that can be blown about in the air\nn. free microscopic particles of solid material\nv. remove the dust from\nv. rub the dust over a surface so as to blur the outlines of a shape,"n. 灰尘, 尘埃, 粉末, 花粉, 土, 骚乱\nvt. 拂去灰尘, 撒, 弄成粉末\nvi. 拂去灰尘, 化为粉末",,3,1,gk cet4 cet6 ky ielts,2933,2263,i:dusting/p:dusted/d:dusted/s:dusts/3:dusts
dustbin,'dʌstbin,n a bin that holds rubbish until it is collected,n. 垃圾箱,,1,,gk,9594,28258,s:dustbins
dusty,'dʌsti,s. covered with a layer of dust,"a. 灰尘多的, 无聊的, 含糊的, 粉末状的",,1,,gk,6602,5298,r:dustier
duty,'dju:ti,"n. the social force that binds you to the courses of action demanded by that force; every opportunity, an obligation; every possession, a duty""- John D.Rockefeller Jr\nn. work that you are obliged to perform for moral or legal reasons\nn. a government tax on imports or exports","n. 责任, 关税, 职务, 尊敬\n[化] 职责",,4,1,zk gk cet4 cet6 ky ielts,846,1752,s:duties
dvd,,n a digital recording (as of a movie) on an optical disk that can be played on a computer or a television set,abbr. 数字化视频光盘（Digital Video Disk）,,,1,zk gk,0,0,
dynamic,dai'næmik,a. characterized by action or forcefulness or force of personality\na. of or relating to dynamics,"a. 动态的, 有活力的, 有力的, 动力的, 不断变化的\nn. 动力, 动态\n[计] 动态的",,2,,gk cet4 cet6 ky toefl ielts gre,4218,3978,
dynasty,'dainæsti,n. a sequence of powerful leaders in the same family,"n. 朝代, 王朝",,1,,gk ky,7797,10552,s:dynasties
each,i:tʃ,s. (used of count nouns) every one considered individually\nr. to or from every one of two or more (considered individually),"a. 每个, 每一\nadv. 每个\npron. 每个, 个人, 各自",,5,1,zk gk,170,192,
eager,'i:gә,a. having or showing keen interest or intense desire or impatient expectancy,"a. 热心的, 渴望的, 热望的",,3,,gk cet4 cet6 ky toefl,4501,3123,
eagle,'i:gl,n. any of various large keen-sighted diurnal birds of prey noted for their broad wings and strong soaring flight\nn. (golf) a score of two strokes under par on a hole\nn. a former gold coin in the United States worth 10 dollars\nn. an emblem representing power,"n. 鹰, 鹰状标饰",,2,,gk cet4 cet6 ky ielts,3850,45890,s:eagles/p:eagled/d:eagled/i:eagling/3:eagles
ear,iә,n. the sense organ for hearing and equilibrium\nn. good hearing\nn. attention to what is said\nn. fruiting spike of a cereal plant especially corn,"n. 耳朵, 倾听, 听觉, 穗\nvi. 抽穗",,3,1,zk gk,1599,1337,s:ears
early,'ә:li,a. at or near the beginning of a period of time or course of events or before the usual or expected time\na. being or occurring at an early stage of development\ns. belonging to the distant past\ns. very young,"a. 早的, 早熟的\nadv. 很早, 初",,5,1,zk gk,245,365,r:earlier/t:earliest
earn,ә:n,v. acquire or deserve by one's efforts or actions,"vt. 赚得, 获得, 博得\n[计] 欧州科学研究网",,4,1,gk cet4 ky,1727,1305,i:earning/d:earned/p:earned/3:earns
earth,ә:θ,n. the 3rd planet from the sun; the planet we live on\nn. the loose soft material that makes up a large part of the land surface\nn. the abode of mortals (as contrasted with Heaven or Hell)\nn. once thought to be one of four elements composing the universe (Empedocles),"n. 地球, 泥土, 世界, 尘世\nvt. 埋入土中, 赶入洞内\nvi. 躲入洞内",,4,1,zk gk,1026,1547,s:earths/d:earthed/i:earthing/p:earthed/3:earths
earthquake,'ә:θkweik,n. shaking and vibration at the surface of the earth resulting from underground movement along a fault plane of from volcanic activity\nn. a disturbance that is extremely disruptive,n. 地震,,2,,gk cet4 cet6 ky toefl,6891,4261,s:earthquakes
ease,i:z,n. freedom from difficulty or hardship or effort\nn. a freedom from financial difficulty that promotes a comfortable state\nn. freedom from constraint or embarrassment\nv. move gently or carefully,"n. 安乐, 安逸, 悠闲\nvt. 使安乐, 使安心, 减轻, 放松\nvi. 减轻, 放松, 灵活地移动",,3,1,gk cet4 cet6 ky ielts,3093,3229,p:eased/i:easing/d:eased/3:eases
easily,'i:zili,r. with ease (`easy' is sometimes used informally for `easily')\nr. without question,"adv. 容易地, 轻易地, 流利地",,3,1,gk cet4,1004,1211,
east,i:st,n. the cardinal compass point that is at 90 degrees\nn. the countries of Asia\nn. the region of the United States lying to the north of the Ohio River and to the east of the Mississippi River\nn. the direction corresponding to the eastward cardinal compass point,"n. 东方, 东\na. 东方的, 向东的\nadv. 向东方, 朝东方",,5,1,zk gk,785,733,
Easter,'i:stә,n. a Christian celebration of the Resurrection of Christ; celebrated on the Sunday following the first full moon after the vernal equinox,n. 复活节,,2,,gk ky ielts,40125,5893,s:easters
eastern,'i:stәn,s. lying toward or situated in the east\na. of or characteristic of eastern regions of the United States\na. relating to or characteristic of regions of eastern parts of the world,"n. 东方人, 东正教徒\na. 东方的, 向东的, 自东的",,4,1,gk cet4 ky ielts,1588,1503,
eastwards,'i:stwәdz,n the cardinal compass point that is at 90 degrees\nr toward the east,adv. 向东方地,,,,gk,14945,0,
easy,'i:zi,a. posing no difficulty; requiring little effort\ns. not hurried or forced\na. free from worry or anxiety\ns. affording pleasure,"a. 容易的, 缓缓的, 舒适的, 从容的, 宽容的, 流畅的, 随便的, 自在的, 疲软的\nadv. 容易地, 慢慢地",,5,1,zk gk,502,549,r:easier/t:easiest
eat,i:t,v. take in solid food\nv. eat a meal; take a meal\nv. worry or cause anxiety in a persistent way,"v. 吃, 腐蚀",,4,1,zk gk,701,543,i:eating/p:ate/d:eaten/3:eats
ecology,i:'kɒlәdʒi,n. the environment as it relates to living organisms\nn. the branch of biology concerned with the relations between organisms and their environment,"n. 生态学, 社会生态学\n[化] 生态学",,1,,gk cet6 ky toefl ielts,8093,6425,s:ecologies
edge,edʒ,n. the boundary of a surface\nn. a sharp side formed by the intersection of two surfaces of an object\nn. the attribute of urgency in tone of voice\nn. a slight competitive advantage,"n. 边缘, 尖锐, 刀刃, 优势\nvt. 使锐利, 挤进, 镶边\nvi. 缓缓移动",,4,1,zk gk cet4 cet6 ky toefl ielts,1081,977,s:edges/p:edged/i:edging/d:edged/3:edges
edition,i'diʃәn,n. the form in which a text (especially a printed book) is published\nn. all of the identical copies of something offered to the public at the same time\nn. an issue of a newspaper,"n. 版本, 版, 翻版",,4,1,gk cet4 cet6 ky ielts,2537,3155,s:editions
editor,'editә,n. a person responsible for the editorial aspects of publication; the person who determines the final content of a text (especially of a newspaper or magazine),"n. 编者, 编辑, 主笔, 编辑器, 编辑装置\n[计] 编辑器",,4,1,gk cet4 cet6 ky ielts,1945,1385,s:editors
educate,'edjukeit,v. give an education to\nv. teach or refine to be discriminative in taste or judgment,"vt. 教育, 培养, 训练",,2,1,gk cet4 ky,3663,3033,d:educated/i:educating/3:educates/p:educated
education,.edju'keiʃәn,n. the activities of educating or instructing; activities that impart knowledge or skill\nn. knowledge acquired by learning and instruction\nn. the gradual process of acquiring knowledge\nn. the profession of teaching (especially at a school or college or university),"n. 教育, 训练, 教育学\n[医] 教育, 训练",,5,1,zk gk cet4 ky toefl ielts,353,376,
educator,'edjukeitә,n. someone who educates young people,n. 教育家,,,,gk,12905,2429,s:educators
effect,i'fekt,n. an impression (especially one that is artificial or contrived)\nn. the central meaning or theme of a speech or literary work\nn. (of a law) having legal validity\nn. a symptom caused by an illness or a drug,"n. 结果, 影响, 效果, 印象\nvt. 实行, 引起, 完成\n[计] 效果",,5,1,gk cet4 cet6 ky toefl ielts,262,427,s:effects/d:effected/i:effecting/p:effected/3:effects
effort,'efәt,n. use of physical or mental energy; hard work,"n. 努力, 成就",,5,1,zk gk cet4 cet6 ky,745,454,s:efforts
egg,eg,n. animal reproductive body consisting of an ovum or embryo together with nutritive and protective envelopes; especially the thin-shelled reproductive body laid by e.g. female birds\nn. oval reproductive body of a fowl (especially a hen) used as food\nv. throw eggs at\nv. coat with beaten egg,"n. 蛋, 卵\nvt. 挑唆, 煽动, 调蛋黄",,4,1,zk gk,1532,1376,s:eggs/p:egged/i:egging/3:eggs/d:egged
eggplant,'egplɑ:nt,n. egg-shaped vegetable having a shiny skin typically dark purple but occasionally white or yellow\nn. hairy upright herb native to southeastern Asia but widely cultivated for its large glossy edible fruit commonly used as a vegetable,n. 茄子,,,,gk,0,10618,s:eggplants
Egyptian,i'dʒipʃәn,n. a native or inhabitant of Egypt\nn. the ancient and now extinct language of Egypt under the Pharaohs; written records date back to 3000 BC\na. of or relating to or characteristic of Egypt or its people or their language,"n. 埃及人\na. 埃及的, 埃及人的",,,,gk cet6 ielts,5710,5515,s:egyptians
eight,eit,n. the cardinal number that is the sum of seven and one\ns. being one more than seven,"num. 八, 八个",,5,,zk gk,579,739,
eighteen,'ei'ti:n,n. the cardinal number that is the sum of seventeen and one\ns. being one more than seventeen,"num. 十八, 十八个",,5,,zk gk cet4 ky,2690,5480,
eighth,eitθ,n. position eight in a countable series of things\ns. coming next after the seventh and just before the ninth in position,"num. 第八, 八分之一",,4,,zk gk,4714,4425,
eighty,'eiti,n. the cardinal number that is the product of ten and eight\ns. being ten more than seventy,"num. 八十, 八十个",,5,,zk gk cet4 ky,1944,7486,
either,'i:ðә,r. after a negative statement used as an intensive meaning something like `likewise' or `also',"a. (两者之中)任一的, (两者之中)各一的\npron. (两者之中)任一\nconj. 或, 要么",,5,1,zk gk,437,558,
elder,'eldә,n. a person who is older than you are\nn. any of numerous shrubs or small trees of temperate and subtropical northern hemisphere having white flowers and berrylike fruit\nn. any of various church officers\ns. used of the older of two persons of the same name especially used to distinguish a father from his son,"n. 年长者, 老人, 前辈\na. 年长的, 资深的",,2,,zk gk cet4 ky ielts,5602,4056,r:elder/0:elder/1:r/s:elders
elect,i'lekt,v. select by a vote for an office or membership\nv. choose\ns. selected as the best\ns. elected but not yet installed in office,"n. 当选人, 被选的人\na. 被选的, 选出的\nvt. 选举, 选择\nvi. 作选择",,4,1,gk cet4 ky,1794,2265,d:elected/p:elected/i:electing/3:elects
electric,i'lektik,n. a car that is powered by electricity\na. using or providing or producing or transmitting or operated by electricity\ns. (of a situation) exceptionally tense\ns. affected by emotion as if by electricity; thrilling,"a. 电的, 导电的, 电动的\n[医] 电的",,3,1,zk gk cet4 cet6 ky,2469,2696,s:electrics
electrical,i'lektrikәl,a. relating to or concerned with electricity,"a. 电的, 有关电的\n[医] 电的",,2,1,gk cet4 cet6 ky ielts,3190,3789,s:electricals
electricity,.ilek'trisiti,n. a physical phenomenon associated with stationary or moving electrons and protons\nn. energy made available by the flow of electric charge through a conductor\nn. keen and shared excitement,"n. 电, 电流, 电学, 热情, 电力供应\n[化] 电学; 电",,3,1,gk cet4 cet6 ky ielts,2296,2719,
electronic,.ilek'trɒnik,a. of or relating to electronics; concerned with or using devices that operate on principles governing the behavior of electrons\na. of or concerned with electrons,a. 电子的\n[计] 电子工业协会接口,,3,1,gk cet4 cet6 ky ielts,2494,2407,
elegant,'eligәnt,"a. refined and tasteful in appearance or behavior or style\ns. suggesting taste, ease, and wealth\ns. displaying effortless beauty and simplicity in movement or execution","a. 优雅的, 端庄的, 高雅的",,3,1,gk cet6 ky toefl ielts,3833,3942,
elephant,'elifәnt,n. five-toed pachyderm\nn. the symbol of the Republican Party; introduced in cartoons by Thomas Nast in 1874,n. 象,,2,,zk gk cet4 cet6 ky,4323,4355,s:elephants
eleven,i'levn,n. the cardinal number that is the sum of ten and one\ns. being one more than ten,"num. 十一, 十一个",,5,,zk gk,2299,4273,
else,els,"a. & pron. Other; one or something beside; as, Who else is\n   coming? What else shall I give? Do you expect anything else?\nadv. & conj. Besides; except that mentioned; in addition; as,\n   nowhere else; no one else.\nadv. & conj. Otherwise; in the other, or the contrary, case; if\n   the facts were different.","a. 别的, 其他的\nadv. 另外, 否则, 不然",,5,1,zk gk,471,440,
embarrass,im'bærәs,v. cause to be embarrassed; cause to feel self-conscious,"vt. 使困窘, 使局促不安, 阻碍",,2,1,gk cet4 cet6 ky toefl ielts gre,9521,7138,p:embarrassed/d:embarrassed/i:embarrassing/3:embarrasses
embassy,'embәsi,n. a diplomatic building where ambassadors live or work\nn. an ambassador and his entourage collectively,"n. 大使馆, 大使馆全体人员\n[经] 大使馆",,3,,gk cet6 ky ielts,4389,5731,s:embassies
emergency,i'mә:dʒәnsi,n. a sudden unforeseen crisis (usually involving danger) that requires immediate action\nn. a state in which martial law applies,"n. 紧急状况, 紧急事件, 紧急需要\n[化] 紧急情况",,4,1,gk cet4 cet6 ky ielts gre,2083,1725,s:emergencies
emperor,'empәrә,n. the male ruler of an empire\nn. red table grape of California\nn. large moth of temperate forests of Eurasia having heavily scaled transparent wings,"n. 皇帝, 君主",,2,,gk cet4 cet6 ky ielts,3161,7060,s:emperors
empire,'empaiә,n. the domain ruled by an emperor or empress; the region over which imperial dominion is exercised\nn. a group of countries under a single authority\nn. a monarchy with an emperor as head of state\nn. an eating apple that somewhat resembles a McIntosh; used as both an eating and a cooking apple,"n. 帝国, 帝权",,3,1,gk cet4 cet6 ky,2251,4218,s:empires
employ,im'plɒi,n the state of being employed or having a job\nv put into service; make work or employ for a particular purpose or for its inherent or natural purpose\nv engage or hire for work,"n. 雇用\nvt. 雇用, 使用, 使从事于",,3,1,gk cet4 cet6 ky toefl,1231,1962,d:employed/3:employs/p:employed/i:employing
empty,'empti,n. a container that has been emptied\nv. make void or empty of contents\nv. become empty or void of its content\nv. remove,"a. 空的, 空虚的, 空腹的, 空洞的\nn. 空的东西, 空车\nvt. 倒空, 使变空, 使排出\nvi. 流空\n[计] 空",,3,1,zk gk toefl ielts,1735,1644,d:emptied/p:emptied/i:emptying/3:empties/s:empties/r:emptier/t:emptiest
encourage,in'kʌridʒ,v. inspire with confidence; give hope or courage to\nv. spur on,"vt. 鼓励, 支持, 激励\n[法] 怂恿, 煽动, 助长",,4,1,zk gk cet4 cet6 ky toefl,881,1184,d:encouraged/p:encouraged/3:encourages/i:encouraging
encouragement,in'kʌridʒmәnt,n. the expression of approval and support\nn. the feeling of being encouraged,"n. 鼓励, 激励, 奖励\n[法] 怂恿, 煽动, 助长",,2,1,gk,4267,6193,s:encouragements
end,end,n. either extremity of something that has length\nn. the point in time at which something ends\nn. the concluding parts of an event or occurrence\nn. a final part or section,"n. 结束, 终点, 目标, 末端, 梢, 死亡, 残余\nv. 结束, 终结, 终止\n[计] 端; 结束",,5,1,zk gk ielts,187,278,p:ended/s:ends/d:ended/i:ending/3:ends
ending,'endiŋ,n. the end of a word (a suffix or inflectional ending or final morpheme)\nn. event whose occurrence ends something,"n. 终止, 终了, 收场\n[医] 末梢",,2,1,gk cet4 cet6 ky ielts,5246,5188,0:end/1:i/s:endings/i:ending
endless,'endlis,s. tiresomely long; seemingly without end\ns. infinitely great in number\ns. having the ends united so as to form a continuous whole,"a. 不停的, 无穷尽的, 无尽的\n[机] 无端的, 环状的",,2,,gk cet4 cet6 toefl,4095,3722,
enemy,'enimi,n. an opposing military force\nn. an armed adversary (especially a member of an opposing military force)\nn. any hostile group of people,"n. 敌人, 仇敌, 敌军\na. 敌人的",,3,1,zk gk cet4 ky,1860,1596,s:enemies
energetic,.enә'dʒetik,a. possessing or exerting or displaying energy\ns. working hard to promote an enterprise,"a. 精力充沛的, 积极的",,2,,gk cet6 ky toefl ielts,6931,7129,s:energetics
engine,'endʒin,"n. motor that converts thermal energy to mechanical work\nn. something used to achieve a purpose\nn. an instrument or machine that is used in warfare, such as a battering ram, catapult, artillery piece, etc.","n. 引擎, 发动机, 机车\nvt. 安装发动机于",,4,1,gk cet4 cet6 ky ielts,1374,1569,s:engines/p:engined
engineer,.endʒi'niә,n. a person who uses scientific knowledge to solve practical problems\nn. the operator of a railway locomotive\nv. design as an engineer,"n. 工程师, 工兵\nvt. 设计, 监造, 精明地处理, 策划",,3,1,zk gk cet4 cet6 ky ielts,1889,1997,s:engineers/d:engineered/p:engineered/i:engineering/3:engineers
English,'iŋgliʃ,n. an Indo-European language belonging to the West Germanic branch; the official language of Britain and the United States and most of the commonwealth countries\nn. the people of England\nn. the discipline that studies the English language and literature,"n. 英语\na. 英文的, 英国人的",,,,zk gk,18425,1782,
enjoy,in'dʒɒi,v. derive or receive pleasure from; get enjoyment from; take pleasure in\nv. have benefit from\nv. have for one's benefit,"vt. 享受, 喜欢, 欣赏\n[法] 享受, 享有, 获得某种利益",,4,1,zk gk,685,881,p:enjoyed/i:enjoying/d:enjoyed/3:enjoys
enjoyable,in'dʒɒiәbl,s. affording satisfaction or pleasure,"a. 可从中得到乐趣的, 令人愉快的",,2,1,gk,6001,9019,
enlarge,in'lɑ:dʒ,v. make larger\nv. become larger or bigger,"vt. 扩大, 增大\nvi. 扩大, 详述",,2,,gk cet4 cet6 ky,6348,7530,d:enlarged/i:enlarging/p:enlarged/3:enlarges/s:enlarges
enough,i'nʌf,"n. an adequate quantity; a quantity that is large enough to achieve a purpose\nr. as much as necessary; (`plenty' is nonstandard) ""I've had plenty, thanks""","n. 充足, 够, 很多\na. 充足的, 足够\nadv. 足够\ninterj. 够了",,5,1,zk gk,378,374,
enquiry,in'kwaiәri,n an instance of questioning\nn a search for knowledge\nn a systematic investigation of a matter of public interest,"n. 询问\n[经] 询价, 询盘",,,1,gk ielts,2472,24159,s:enquiries
enter,'entә,v. to come or go into\nv. become a participant; be involved in\nv. come on stage,"vt. 进入, 参加, 开始, 输入, 回车\nvi. 进去, 参加\n[计] 输入, 回车",,4,1,zk gk cet4 ky,706,709,p:entered/d:entered/i:entering/3:enters
enterprise,'entәpraiz,n. a purposeful or industrious undertaking (especially one that requires effort or boldness)\nn. an organization created for business ventures\nn. readiness to embark on bold new ventures,"n. 企业, 事业心, 进取心, 干事业\n[计] 企业",,3,,gk cet6 ky toefl ielts gre,1566,2499,s:enterprises
entertainment,.entә'teinmәnt,n. an activity that is diverting and that holds the attention,"n. 娱乐, 款待, 娱乐表演",,3,1,gk cet4 cet6 ky toefl ielts,3187,2350,s:entertainments
enthusiastic,in.θju:zi'æstik,a. having or showing great excitement and interest,"a. 狂热的, 热心的, 热烈的",,2,1,gk cet4 cet6 ky ielts,4458,5508,
entire,in'taiә,s. constituting the full quantity or extent; complete\ns. (of leaves or petals) having a smooth edge; not broken up into teeth or lobes\ns. (used of domestic animals) sexually competent,"n. 整个, 全部\na. 全体的, 完全的, 全部的",,4,1,gk cet4 cet6 ky,1876,868,
entrance,'entrәns,n. something that provides access (to get in or get out)\nn. a movement into or inward\nn. the act of entering\nv. put into a trance,"n. 入口, 进入点, 入场, 入学, 进入, 开始(阶段), 就任\nvt. 使出神, 使入迷\n[计] 入口",,1,1,gk cet4 cet6 ky toefl ielts gre,2465,2877,s:entrances/d:entranced/p:entranced/i:entrancing/3:entrances
entry,'entri,n. an item inserted in a written record\nn. a written record of a commercial transaction,"n. 登录, 条目, 进入, 入口, 报关\n[计] 登录项, 输入项, 条目",,4,1,gk cet4 cet6 ky toefl ielts gre,1373,2338,s:entries
envelope,'envәlәup,"n. a flat (usually rectangular) container for a letter, thin package, etc.\nn. any wrapper or covering\nn. a curve that is tangent to each of a family of curves\nn. a natural covering (as by a fluid)","n. 信封, 封套, 封袋\n[医] 膜, 包袋",,2,1,gk cet4 cet6 ky,3672,3879,s:envelopes/3:envelopes
environment,in'vairәnmәnt,n. the totality of surrounding conditions\nn. the area in which something exists or lives,"n. 环境, 外界, 围绕\n[计] 环境",,4,1,zk gk cet4 cet6 ky ielts,702,855,s:environments
envy,'envi,n. a feeling of grudging admiration and desire to have something that is possessed by another\nn. spite and resentment at seeing the success of another (personified as one of the deadly sins)\nv. feel envious towards; admire enviously\nv. be envious of; set one's heart on,"n. 羡慕, 嫉妒\nvt. 羡慕, 嫉妒",,2,,gk cet4 cet6 ky ielts,8468,8491,p:envied/d:envied/i:envying/3:envies/s:envies
equal,'i:kwәl,"v. be identical or equivalent to\nv. be equal to in quality or ability\nv. make equal, uniform, corresponding, or matching\na. having the same quantity, value, or measure as another","n. 对手, 匹敌, 同辈\na. 相等的, 平等的, 胜任的, 合适的, 平静的, 不相上下的\nvt. 等于, 比得上\n[计] 等长度编码",,4,1,gk cet4 cet6 ky toefl ielts,1547,1830,3:equals/s:equals/d:equalled/p:equalled/i:equalling
equality,i:'kwɒliti,n. the quality of being the same in quantity or measure or value or status\nn. a state of being essentially equal or equivalent; equally balanced,"n. 平等, 均匀, 相等\n[法] 同等, 平等, 相等",,,,gk cet4 cet6 ky toefl,4197,4590,s:equalities
equip,i'kwip,v. provide with (something) usually for a specific purpose\nv. provide with abilities or understanding,"vt. 装备, 配备\n[机] 设备, 装置",,2,,gk cet4 cet6 ky toefl,3643,4145,d:equipped/i:equipping/p:equipped/3:equips
equipment,i'kwipmәnt,n. an instrumentality needed for an undertaking or to perform a service,"n. 装备, 设备, 才能\n[化] 设备; 装备; 装置",,4,1,gk cet4 cet6 ky toefl ielts,1117,1352,s:equipments
eraser,i'reisә,n. an implement used to erase something,n. 擦子,,,,zk gk,35588,16590,s:erasers
error,'erә,n. a misconception resulting from incorrect information\nn. (baseball) a failure of a defensive player to make an out when normal play would have sufficed\nn. departure from what is ethically acceptable\nn. (computer science) the occurrence of an incorrect result produced by a computer,"n. 错误, 过失, 失误, 误差\n[计] 错误",,3,1,gk cet4 cet6 ky toefl,1595,2198,s:errors
erupt,i'rʌpt,v. start abruptly\nv. erupt or intensify suddenly\nv. start to burn or burst into flames\nv. break out,vi. 爆发\nvt. 喷出,,2,,gk cet6 ky toefl ielts gre,6441,5291,p:erupted/d:erupted/3:erupts/i:erupting
escape,i'skeip,n. the act of escaping physically\nn. an inclination to retreat from unpleasant realities through diversion or fantasy\nn. an avoidance of danger or difficulty\nn. a means or way of escaping,"n. 逃亡, 避难设备, 逃跑\nvi. 逃脱, 避开, 溜走\nvt. 逃避, 避免, 被...忘掉",,4,1,gk cet4 cet6 ky toefl,1697,2034,p:escaped/d:escaped/i:escaping/3:escapes/s:escapes
especially,i'speʃәli,r to a distinctly greater extent or degree than is common\nr in a special manner,"adv. 尤其, 特别, 格外",,4,1,zk gk cet4 cet6 ky,570,515,
essay,'esei. e'sei,n. an analytic or interpretive literary composition\nn. a tentative attempt,"n. 随笔, 短文, 评论, 企图\nvt. 试图",,2,1,gk cet4 cet6 ky ielts,3147,2536,s:essays/p:essayed/d:essayed/i:essaying/3:essays
European,.juәrә'pi:әn,n. a native or inhabitant of Europe\na. of or relating to or characteristic of Europe or the people of Europe,"n. 欧洲人\na. 欧洲的, 欧洲人的",,,,zk gk ielts,512,1263,s:europeans
evaluate,i'væljueit,v. form a critical opinion of,"vt. 评估, 评价, 赋值",,2,,gk cet4 cet6 ky toefl ielts,3168,2339,d:evaluated/i:evaluating/p:evaluated/3:evaluates
even,'i:vәn,v. become even or more even\nv. make even or more even\na. divisible by two\ns. equal in degree or extent or amount; or equally matched or balanced,"a. 平坦的, 相等的, 连贯的, 均等的, 公平的, 偶数的, 平均的, 平衡的, 恰好的\nvt. 使平坦, 使相等\nvi. 变平, 成为相等\nadv. 甚至, 实际上, 完全, 十分\nn. 偶数, 偶校验\n[计] 偶数, 偶校验",,1,1,zk gk toefl ielts gre,113,107,i:evening/p:evened/3:evens/d:evened
evening,'i:vniŋ,n. the latter part of the day (the period of decreasing daylight from late afternoon until nightfall)\nn. a later concluding time period\nn. the early part of night (from dinner until bedtime) spent in a special way,"n. 傍晚, 晚间, 末期",,4,1,zk gk ielts,651,961,1:i/0:even/s:evenings
event,i'vent,n. something that happens at a given place and time\nn. a special set of circumstances\nn. a phenomenon located at a single point in space-time; the fundamental observational entity in relativity theory,"n. 事件, 结果, 事情的进程, 竞赛项目\n[计] 事件",,5,1,gk cet4 ky ielts,473,525,s:events
eventually,i'ventʃuәli,r after an unspecified period of time or an especially long delay,"adv. 最后, 终于",,4,1,gk cet4 cet6 ky toefl ielts,1089,1106,
ever,'evә,r. at any time\nr. (intensifier for adjectives) very,"adv. 曾经, 究竟, 永远",,5,1,zk gk,355,280,
every,'evri,s. (used of count nouns) each and all of the members of a group considered singly and without exception\ns. each and all of a series of entities or intervals as specified,"a. 每一, 所有的",,5,1,zk gk,210,172,
everybody,'evribɒdi,n. Every person.,"pron. 每个人, 人人",,4,,zk gk,1552,799,
everyday,'evri'dei,s. found in the ordinary course of events\ns. commonplace and ordinary,"a. 每天的, 日常的, 平常的",,2,,zk gk cet4 ky,3381,3291,
everyone,'evriwʌn,"n. Everybody; -- commonly separated, every one.","pron. 每个人, 人人\n[计] 系统中的一个组名",,4,1,zk gk,753,529,
everything,'evriθiŋ,n. Whatever pertains to the subject under consideration;\n   all things.,"pron. 每件事物, 所有事物",,5,1,zk gk,538,389,
everywhere,'evrihwєә,r. to or in any or all places; (`everyplace' is used informally for `everywhere'),"adv. 各处, 到处",,3,1,zk gk,2578,1938,
evidence,'evidәns,n. your basis for belief or disbelief; knowledge on which to base belief\nn. an indication that makes something evident\nn. (law) all the means by which any alleged matter of fact whose truth is investigated at judicial trial is established or disproved,"n. 根据, 证据, 迹象\n[经] 证据, 凭证",,4,1,gk cet4 cet6 ky toefl ielts,456,606,d:evidenced/s:evidences/i:evidencing/p:evidenced/3:evidences
evident,'evidәnt,s clearly revealed to the mind or the senses or judgment\ns capable of being seen or noticed,"a. 显然的, 明显的",,2,,gk cet4 cet6 ky toefl,2975,3466,
evolution,.i:vә'lu:ʃәn,n. (biology) the sequence of events involved in the evolutionary development of a species or taxonomic group of organisms,"n. 进化, 发展, 进展, (气体)放出, 开方\n[医] 进化, 演化, 旋出",,2,,gk cet4 cet6 ky toefl ielts,3069,2946,s:evolutions
exact,ig'zækt,a. marked by strict and particular and complete accordance with fact,"a. 精确的, 准确的, 精密的\nvt. 强求, 急需",,4,1,gk cet4 ky toefl gre,3270,3341,d:exacted/p:exacted/3:exacts/i:exacting
exactly,i^'zæktli,r indicating exactness or preciseness\nr just as it should be\nr in a precise manner,"adv. 确切地, 精确地, 恰好, 完全地, 确实, 恰恰正是, 确实如此",,3,1,gk cet4,924,748,
examine,ig'zæmin,"v. observe, check out, and look over carefully or inspect\nv. question closely","v. 检查, 调查, 考试",,4,1,zk gk cet4 cet6 ky,1050,1165,d:examined/i:examining/p:examined/3:examines
example,ig'zæmpl,n. an item of information that is typical of a class or group\nn. punishment intended as a warning to others,"n. 例子, 样本, 实例\n[化] 实例",,5,1,zk gk ielts,511,852,s:examples
excellent,'ekslәnt,s. very good; of the highest quality,"a. 优良的, 杰出的, 出色的",,4,1,zk gk cet4 cet6 ky toefl,1416,2123,
except,ik'sept,v take exception to\nv prevent from being included or considered or accepted,"vt. 除, 除外\nvi. 反对\nprep. 除了...之外, 若不是, 除非\nconj. 只是",,4,1,zk gk,2154,1836,i:excepting/p:excepted/d:excepted/3:excepts
exchange,iks'tʃeindʒ,n. chemical process in which one atom or ion or group changes places with another\nn. a mutual expression of views (especially an unpleasant one)\nn. the act of changing one thing for another thing\nn. the act of giving something in return for something received,"n. 交换, (电话)交换局, 交换机, 汇兑, 交易所\nv. 交换, 交易, 兑换\n[计] 交换; 电话局",,4,1,gk cet4 cet6 ky toefl ielts,1084,1513,s:exchanges/d:exchanged/p:exchanged/i:exchanging/3:exchanges
excite,ik'sait,v. arouse or elicit a feeling\nv. raise to a higher energy level\nv. produce a magnetic field in,"vt. 刺激, 使兴奋, 激励",,2,1,zk gk cet4 cet6 ky toefl,7567,5328,d:excited/p:excited/3:excites/i:exciting
excuse,ik'skju:z,n. a defense of some offensive behavior or some failure to keep a promise etc.\nn. a note explaining an absence\nv. accept an excuse for\nv. grant exemption or release to,"vt. 原谅, 申辩, 做为...的托辞\nn. 致歉, 理由, 饶恕, 借口",,3,1,zk gk toefl ielts,3182,3484,s:excuses/d:excused/p:excused/i:excusing/3:excuses
exercise,'eksәsaiz,n. the activity of exerting your muscles in various ways to keep fit\nn. systematic training by multiple repetitions\nn. a task performed or problem solved in order to develop skill or understanding\nn. (usually plural) a ceremony that involves processions and speeches,"n. 行使, 执行, 运动, 练习, 作业\nvt. 运用, 练习, 运动\nvi. 练习, 锻炼",,4,1,zk gk ielts,1233,1487,d:exercised/s:exercises/i:exercising/3:exercises/p:exercised
exhibition,.eksi'biʃәn,n. the act of exhibiting\nn. a collection of things (goods or works of art etc.) for public display,"n. 表现, 展览会, 展览品\n[医] 投药, 展览, 展出",,3,1,gk cet4 cet6 ky toefl ielts,1426,2476,s:exhibitions
exist,ig'zist,"v. have an existence, be extant\nv. support oneself","vi. 存在, 生存, 发生",,4,1,gk cet4 cet6 ky toefl,875,1016,3:exists/p:existed/d:existed/i:existing
existence,ig'zistәns,n the state or fact of existing\nn everything that exists anywhere,"n. 存在, 生存\n[法] 存在, 存在状态, 实体",,,1,gk cet4 cet6 ky ielts,1454,2213,s:existences
exit,'eksit,n. an opening that permits escape or release\nn. the act of going out\nv. move out of or depart from\nv. lose the lead,"n. 出口, 退场, 离去, 去世\nvi. 退出, 脱离, 去世\n[计] 退出; DOS内部命令:本命令用于退出当前的命令处理器(COMMAND.COM)\n恢复前一个命令处理器",,2,1,gk cet4 cet6 ky toefl,4923,3798,s:exits/i:exiting/p:exited/d:exited/3:exits
expand,ik'spænd,"v. extend in one or more directions\nv. become larger in size or volume or quantity\nv. make bigger or wider in size, volume, or quantity","vt. 使膨胀, 详述, 扩张\nvi. 张开, 发展\nvt. 展开\nvi. 展开\n[计] 展开; DOS外部命令:将原始DOS磁盘上的压缩文件解压缩并拷贝到硬盘上",,3,1,gk cet4 cet6 ky toefl ielts gre,2124,1572,d:expanded/i:expanding/3:expands/p:expanded
expect,iks'pekt,v. regard something as probable or likely\nv. look forward to the probable occurrence of\nv. consider reasonable or due\nv. look forward to the birth of a child,"vt. 预期, 盼望, 期待",,5,1,zk gk,313,405,d:expected/i:expecting/p:expected/3:expects
expectation,.ekspek'teiʃәn,n. belief about (or mental picture of) the future\nn. the feeling that something is about to happen,"n. 期待, 指望, 展望\n[化] 期望值",,3,1,gk cet4 cet6 ky,1970,1890,s:expectations
expense,ik'spens,n. amounts paid for goods and services that may be currently tax deductible (as opposed to capital expenditures)\nn. a detriment or sacrifice\nn. money spent to perform work and usually reimbursed by an employer\nv. reduce the estimated value of something,"n. 费用, 代价, 开支, 损失\n[经] 费用, 开支, 将支出转为费用",,3,1,gk cet4 ky,1919,2137,s:expenses
expensive,ik'spensiv,a. high in price or charging high prices,"a. 贵的, 奢华的, 费用浩大的, 乱化钱的\n[经] 高价的, 昂贵的, 浪费的",,4,1,zk gk ielts,1577,1664,
experience,ik'spiәriәns,n. the accumulation of knowledge or skill that results from direct participation in events or activities\nn. the content of direct observation or participation in an event\nn. an event as apprehended\nv. go or live through,"n. 经历, 经验, 体验\nvt. 经历, 经验, 体验",,5,1,zk gk cet4 cet6 ky ielts,430,420,s:experiences/d:experienced/i:experiencing/p:experienced/3:experiences
experiment,ik'sperimәnt,n. the act of conducting a controlled test or investigation\nn. the testing of an idea\nn. a venture at something new or different\nv. to conduct a test or investigation,"n. 实验, 试验, 实验仪器\nvi. 实验, 尝试",,3,1,zk gk cet4 cet6 ky ielts,1651,1990,s:experiments/i:experimenting/d:experimented/p:experimented/3:experiments
expert,'ekspә:t,n. a person with special knowledge or ability who performs skillfully,"n. 专家, 行家\na. 老练的, 内行的, 专门的\n[计] 高级",,4,1,gk cet4 ky ielts,1335,899,s:experts
explain,ik'splein,v. make plain and comprehensible\nv. define,"v. 解释, 说明",,4,1,zk gk cet4 cet6 ky,518,480,p:explained/d:explained/3:explains/i:explaining
explanation,.eksplә'neiʃәn,n. a statement that makes something comprehensible by describing the relevant structure or operation or circumstances etc.\nn. thought that makes something comprehensible\nn. the act of explaining; making something plain or intelligible,"n. 解释, 说明, 辩解, 表明\n[经] 解释, 注释, 说明",,3,1,gk cet4 cet6 ky,1492,2054,s:explanations
explicit,ik'splisit,a. precisely and clearly expressed or readily observable; leaving nothing to implication,"a. 详述的, 清楚的, 直言的",,2,,gk cet6 ky toefl ielts gre,3722,4826,
explode,ik'splәud,"v. cause to burst with a violent release of energy\nv. burst outward, usually with noise\nv. show a violent emotional reaction\nv. be unleashed; emerge with violence or noise","vi. 爆炸, 爆发, 激增\nvt. 使爆炸",,3,1,gk cet4 cet6 ky toefl ielts,3934,3106,p:exploded/i:exploding/d:exploded/3:explodes
exploit,'eksplɒit,v. use or manipulate to one's advantage\nv. draw from; make good use of,"n. 功绩, 勋绩\nvt. 开发, 利用, 开拓, 剥削",,3,,gk cet4 cet6 ky toefl ielts gre,3034,4374,d:exploited/i:exploiting/s:exploits/p:exploited/3:exploits
explore,ik'splɒ:,v. travel to or penetrate into\nv. examine minutely\nv. examine (organs) for diagnostic purposes,"v. 探险, 探测, 探究",,3,1,gk cet4 cet6 ky toefl ielts,1882,1594,i:exploring/d:explored/3:explores/p:explored
explorer,ik'splɒ:rә,n. someone who travels into little known regions (especially for some scientific purpose),"n. 探险家, 探测者, 勘探器\n[医] 探察器",,,,gk toefl,9840,7763,s:explorers
export,ik'spɒ:t,n. commodities (goods or services) sold to a foreign country\nv. sell or transfer abroad\nv. transfer (electronic data) out of a database or document in a format that can be used by other programs\nv. cause to spread in another part of the world,"n. 输出品, 输出\nvt. 输出, 出口\nvi. 输出物资\n[计] 导出",,4,1,gk cet4 ky ielts,2231,3456,s:exports/d:exported/3:exports/i:exporting/p:exported
expose,ik'spәuz,"n. the exposure of an impostor or a fraud\nv. expose or make accessible to some action or influence\nv. to show, make visible or apparent\nv. expose to light, of photographic film","vt. 使暴露, 使曝光, 揭穿, 陈列\n[医] 暴露, 露置",,3,1,gk cet4 cet6 ky toefl ielts,2577,2005,d:exposed/i:exposing/p:exposed/3:exposes
express,ik'spres,n. mail that is distributed by a rapid and efficient system\nn. public transport consisting of a fast train or bus that makes only a few scheduled stops\nn. rapid transport of goods\nv. give expression to,"n. 快车, 快递, 专使\na. 明确的, 丝毫不差的, 专门的, 快的\nvt. 表达, 表示, 表露",,4,1,zk gk cet4 cet6 ky,839,1272,d:expressed/i:expressing/p:expressed/3:expresses
expression,ik'spreʃәn,n. the feelings expressed on a person's face\nn. expression without words\nn. the communication (in speech or writing) of your beliefs or opinions\nn. (genetics) the process of expressing a gene,"n. 表达, 表现, 词语, 措辞\n[计] 表达式",,3,1,gk cet4 cet6 ky,1139,1533,s:expressions
extension,ik'stenʃәn,n. a mutually agreed delay in the date set for the completion of a job or payment of a debt\nn. act of expanding in scope; making more widely available\nn. an educational opportunity provided by colleges and universities to people who are not enrolled as regular students\nn. act of stretching or straightening out a flexed limb,"n. 延长, 扩充, 范围, 扩展名\na. 伸缩的\n[计] 扩展名, 扩充名",,2,1,gk cet4 cet6 ky toefl ielts,2123,3190,s:extensions
extra,'ekstrә,n. an additional edition of a newspaper (usually to report a crisis)\nn. something additional of the same kind\ns. added to a regular schedule\ns. further or added,"n. 额外的事物, 另外的收费\na. 额外的, 特别的\nadv. 额外地, 特别地, 非常地",,4,1,gk cet4 cet6 ky ielts,1080,1543,s:extras
extraordinary,ik'strɒ:dәnәri,a. beyond what is ordinary or usual; highly unusual or exceptional or remarkable\ns. far more than usual or expected\ns. (of an official) serving an unusual or special function in addition to those of the regular officials,"a. 非常的, 特别的, 非凡的\n[经] 非常的, 特别的, 临时的",,3,1,gk cet4 cet6 ky toefl,2759,2625,s:extraordinaries
extreme,ik'stri:m,n. the furthest or highest degree of something\ns. of the greatest possible degree or extent or intensity\ns. far beyond a norm in quantity or amount or degree; to an utmost degree\ns. beyond a norm in views or actions,"n. 极端, 末端\na. 极端的, 尽头的, 极度的, 偏激的",,3,1,gk cet4 cet6 ky ielts,2528,2519,s:extremes/t:extremest
extremely,ik'stri:mli,r. to an extreme degree,"adv. 极端地, 非常地",,4,1,gk cet4 cet6,1388,1756,
eye,ai,n. the organ of sight\nn. good discernment (either visually or as if visually)\nn. attention to what is seen\nn. a small hole or loop (as in a needle),"n. 眼睛, 视力, 看\nvt. 看, 注视",,5,1,zk gk ielts,219,242,s:eyes/p:eyed/i:eyeing/d:eyed/3:eyes
eyesight,'aisait,n. normal use of the faculty of vision,"n. 视力, 目力",,1,,gk cet4 cet6 ky ielts,13749,14627,
eyewitness,ai'witnis,n. a spectator who can describe what happened\nv. be present at an event and see it with one's own eyes,"n. 目击者, 见证人",,1,,gk toefl,19899,8633,s:eyewitnesses
F,ef,n. the 6th letter of the Roman alphabet,"[计] 故障, 假, 法拉, 字段, 标记, 特征, 分数, 频率, 函数, 功能",,,,gk,4238,0,
face,feis,n. the front of the human head from the forehead to the chin and ear to ear\nn. the general outward appearance of something\nn. the striking or working surface of an implement\nn. a part of a person that is used to refer to a person,"n. 脸, 面容, 正面, 外观\nvt. 面对, 朝, 正视, 面临\nvi. 朝, 向\n[计] 现场可改变的控制元件",,5,1,zk gk toefl ielts,282,330,i:facing/s:faces/d:faced/p:faced/3:faces
facial,'feiʃәl,n. cranial nerve that supplies facial muscles\nn. care for the face that usually involves cleansing and massage and the application of cosmetic creams\na. of or concerning the face\na. of or pertaining to the outside surface of an object,"n. 美颜, 脸部按摩\na. 脸的, 表面的, 脸部用的",,2,,gk,8701,5735,s:facials
fact,fækt,n. a piece of information about circumstances that exist or events that have occurred\nn. a statement or assertion of verified information about something that is the case or has happened\nn. an event known to have happened or something known to have existed\nn. a concept whose truth can be proved,"n. 事实, 真实性, 真相, 细节, 论据",,5,1,zk gk cet4 ky,201,235,s:facts
factory,'fæktәri,n. a plant consisting of one or more buildings with facilities for manufacturing,"n. 工厂, 产生地, 代理店\n[经] 工厂, 代理店, 商行在国外的代理处",,4,1,zk gk ielts,1505,2132,s:factories
fade,feid,"n. gradually ceasing to be visible\nv. become less clearly visible or distinguishable; disappear gradually or seemingly\nv. lose freshness, vigor, or vitality","vi. 褪色, 消失, 凋谢\nvt. 使褪色\nn. 淡入, 淡出\na. 平淡的",,3,,gk cet4 cet6 ky toefl ielts gre,3506,2882,i:fading/d:faded/p:faded/3:fades/s:fades
fail,feil,"v. fail to do something; leave something undone\nv. be unsuccessful\nv. disappoint, prove undependable to; abandon, forsake\nv. stop operating or functioning","vi. 失败, 缺乏, 中断, 衰退, 失灵\nvt. 忘记, 使...失望, 缺乏, 不及格\nn. 不及格",,5,1,zk gk,616,808,d:failed/p:failed/i:failing/3:fails
failure,'feiljә,n. an act that fails\nn. an event that does not accomplish its intended purpose\nn. lack of success\nn. a person with a record of failing; someone who loses consistently,"n. 失败, 失败者, 不足, 缺乏, 破产\n[计] 故障; 失效",,4,1,gk cet4 ky ielts,1147,1360,s:failures
fair,fєә,n. gathering of producers to promote business\nn. a competitive exhibition of farm products\nv. join so that the external surfaces blend smoothly\na. free from favoritism or self-interest or bias or deception; conforming with established standards or rules,"n. 展览会, 市集, 美好的事物\na. 公平的, 按规则进行的, 不好不坏的, 晴朗的, 美丽的\nadv. 公平地, 正面地, 有教养地, 清楚地\nvi. 转晴",,4,1,zk gk cet4 cet6 ky toefl,1150,1484,s:fairs/r:fairer/t:fairest/i:fairing/p:faired/3:fairs/d:faired
fairly,'fєәli,"r. without favoring one party, in a fair evenhanded manner\nr. in conformity with the rules or laws and without fraud or cheating","adv. 美观地, 公平地, 相当地, 清楚地",,3,1,gk cet4 cet6 ky toefl,1413,2157,
fairness,'fєәnis,n. conformity with rules or standards\nn. ability to make judgments free from discrimination or dishonesty,"n. 晴朗, 光明正大, 美丽\n[经] 公正, 适当",,1,,gk,6946,5954,
faith,feiθ,n. complete confidence in a person or plan etc\nn. loyalty or allegiance to a cause or a person,"n. 信心, 信任, 忠实, 保证\n[法] 信任, 信仰, 信念",,3,1,gk cet4 cet6 ky toefl ielts,1738,1326,s:faiths
fall,fɒ:l,n. the season when the leaves fall from the trees\nn. the lapse of mankind into sinfulness because of the sin of Adam and Eve\nn. a lapse into sin; a loss of innocence or of chastity\nn. a sudden decline in strength or number or importance,"n. 落下, 瀑布, 采伐量, 下降, 落差, 降低, 堕落, 秋天\nvi. 倒下, 落下, 来临, 失守, 阵亡, 下跌, 减弱, 倾斜, 垮台, 轮到, 变成, 降低\na. 秋天的",,5,1,zk gk ielts,332,410,p:fell/d:fallen/i:falling/3:falls/s:falls
false,fɒ:ls,a. not in accordance with the fact or reality or actuality\ns. arising from error\ns. erroneous and usually accidental\ns. deliberately deceptive,"a. 错误的, 虚伪的, 假的, 不老实的\nadv. 不准确地, 欺诈地",,3,1,gk cet4 cet6 ky,2370,2516,
familiar,fә'miljә,n. a person attached to the household of a high official (as a pope or bishop) who renders service in return for support\nn. a spirit (usually in animal form) that acts as an assistant to a witch or wizard\na. well known or easily recognized\na. within normal everyday experience; common and ordinary; not strange,"a. 熟悉的, 常见的, 亲密的\nn. 熟友, 常客",,3,1,gk cet4 cet6 ky ielts,1635,1492,s:familiars
family,'fæmәli,n. a social unit living together\nn. primary social group; parents and children\nn. people descended from a common ancestor\nn. (biology) a taxonomic group containing one or more genera,"n. 家庭, 家人, 族\na. 家庭的",,5,1,zk gk ielts,200,147,s:families
famous,'feimәs,s widely known and esteemed,"a. 出名的, 极好的",,4,1,zk gk ielts,1461,1486,
fan,fæn,"n. a device for creating a current of air by movement of a surface or surfaces\nn. an ardent follower and admirer\nv. strike out (a batter), (of a pitcher)\nv. make (an emotion) fiercer","n. 风扇, 迷, 狂热者, 爱好者\nvt. 煽动, 刺激, 吹拂\nvi. 飘动, 成扇形散开",,4,1,zk gk cet4 cet6 ky,1905,1208,s:fans/i:fanning/p:fanned/d:fanned/3:fans
fancy,'fænsi,n. a kind of imagination that was held by Coleridge to be more casual and superficial than true imagination\nv. have a fancy or particular liking or desire for\na. not plain; decorative or ornamented,"n. 想象力, 幻想, 喜好\na. 想象的, 精美的, 新奇的, 奇特的, 高价的, 特级的\nvt. 想象, 设想, 相信, 喜爱\nvi. 想象, 幻想",,1,1,gk cet4 cet6 ky toefl ielts,3859,5118,p:fancied/3:fancies/d:fancied/s:fancies/i:fancying/r:fancier
fantastic,fæn'tæstik,"s. extraordinarily good or great; used especially as intensifiers\ns. fanciful and unrealistic; foolish\ns. existing in fancy only\ns. extravagantly fanciful in design, construction, appearance","a. 奇妙的, 稀奇的, 空想的",,2,,zk gk cet6 ky toefl ielts,4942,4747,
fantasy,'fæntәsi,n. imagination unrestricted by reality\nn. fiction with a large amount of imagination in it\nv. indulge in fantasies,"n. 幻想, 想象的产物\n[医] 幻想",,3,,gk cet4 ky toefl ielts gre,3642,2964,s:fantasies/i:fantasying/p:fantasied/3:fantasies/d:fantasied
far,fɑ:,a. located at a great distance in time or space or degree\ns. being of a considerable distance or length\ns. being the animal or vehicle on the right or being on the right side of an animal or vehicle\ns. beyond a norm in opinion or actions,"a. 远的, 久远的, 遥远的\nadv. 甚远地, 很, 到很深的程度, 到很远的距离",,5,1,zk gk,287,252,r:further/t:furthest
fare,fєә,n. the sum charged for riding in a public conveyance\nn. a paying (taxi) passenger\nn. the food and drink that are regularly served or consumed\nv. eat well,"n. 费用, 旅客, 食物\nvi. 进展, 进步, 经营, 过活",,3,,gk cet4 cet6 ky ielts,4481,4776,s:fares/d:fared/p:fared/i:faring/3:fares
farm,fɑ:m,n. workplace consisting of farm buildings and cultivated land as a unit\nv. be a farmer; work as a farmer\nv. collect fees or profits,"n. 农场, 农田\nvt. 耕种\nvi. 种田",,4,1,zk gk ielts,1167,1258,s:farms/d:farmed/p:farmed/i:farming/3:farms
farmer,'fɑ:mә,n. a person who operates a farm\nn. United States civil rights leader who in 1942 founded the Congress of Racial Equality (born in 1920)\nn. an expert on cooking whose cookbook has undergone many editions (1857-1915),"n. 农夫, 农场主\n[法] 农民, 农场主, 承包者",,4,1,zk gk cet4 cet6 ky,1333,1589,s:farmers
fast,fɑ:st,"n. abstaining from food\nv. abstain from certain foods, as for religious or medical reasons\nv. abstain from eating\na. acting or moving or capable of acting or moving quickly","a. 快速的, 紧的\nadv. 很快地, 紧紧地, 彻底地\nn. 绝食, 斋戒\nvi. 绝食, 斋戒",,4,1,zk gk gre,1833,1096,r:faster/t:fastest/i:fasting/p:fasted/s:fasts/d:fasted/3:fasts
fasten,'fɑ:sәn,v. cause to be firmly attached\nv. become fixed or fastened\nv. attach to,"vt. 拴紧, 使固定, 系, 集中于, 强加于\nvi. 扣紧",,1,1,gk cet4 cet6 ky toefl gre,7148,7930,d:fastened/p:fastened/i:fastening/3:fastens
fat,fæt,n. a soft greasy substance occurring in organic tissue and consisting of a mixture of lipids (mostly triglycerides)\na. having an (over)abundance of flesh\ns. having a relatively large diameter\ns. lucrative,"n. 脂肪, 脂油, 肥肉\na. 肥的, 胖的, 油腻的\nn. 文件分配表\n[计] 文件分配表",,4,1,zk gk ky,2848,1575,s:fats/r:fatter/t:fattest/i:fatting/p:fatted/3:fats/d:fatted
father,'fɑ:ðә,n. a male parent (also used as a term of address to your father)\nn. `Father' is a term of address for priests in some churches (especially the Roman Catholic Church or the Orthodox Catholic Church); `Padre' is frequently used in the military\nn. a person who holds an important or distinguished position in some organization\nn. God when considered as the first person in the Trinity,"n. 父亲, 祖先, 长辈, 神父, 创始者\nvt. 当...的父亲, 保护, 创作, 发明, 培养",,5,1,zk gk,364,267,s:fathers/d:fathered/i:fathering/p:fathered/3:fathers
fault,fɒ:lt,"n. (geology) a crack in the earth's crust resulting from the displacement of one side with respect to the other\nn. (electronics) equipment failure attributable to some defect in a circuit (loose connection or insulation failure or short circuit etc.)\nn. responsibility for a bad situation or event\nn. (sports) a serve that is illegal (e.g., that lands outside the prescribed area)","n. 过错, 故障, 毛病\nvt. 挑剔\nvi. 产生断层, 弄错\n[计] 故障",,3,1,gk cet4 ky toefl ielts gre,2076,2849,s:faults/d:faulted/p:faulted/i:faulting/3:faults
favour,'feivә,n a feeling of favorable regard\nn an inclination to approve\nn an advantage to the benefit of someone or something\nn souvenir consisting of a small gift given to a guest at a party\nn an act of gracious kindness\nv treat gently or carefully\nv bestow a privilege upon\nv promote over another\nv consider as the favorite,"n. 好感, 偏爱, 喜爱, 相信, 庇护, 赞同, 支持, 信赖, 善行, 恩惠, 徽章, 礼物\nvt. 赞成, 帮助, 支持, 喜爱, 偏袒, 关切, 赐与, 给与, 有利于, 有助于, 像, 体恤",,4,1,gk cet4 cet6 ielts,2781,28142,d:favoured/p:favoured/3:favours/i:favouring/s:favours
favourite,'feivәrit,n a competitor thought likely to win\nn a special loved one\nn something regarded with special favor or liking\ns appealing to the general public\ns preferred above all others and treated with partiality,"n. 喜欢的事物\na. 喜爱的, 宠爱的",,4,1,zk gk,2527,22274,s:favourites
FAX,fæks,v. send something via a facsimile machine,n. 传真\nvt. 发传真\n[计] 传真系统; 传真,,2,,gk cet4 ky,5816,5729,s:faxes/p:faxed/i:faxing/d:faxed/3:faxes
fear,fiә,n. an emotion experienced in anticipation of some specific pain or danger (usually accompanied by a desire to flee or fight)\nn. a feeling of profound respect for someone or something\nv. be afraid or feel anxious or apprehensive about a possible or probable situation or event\nv. be afraid or scared of; be frightened of,"n. 恐怖, 害怕, 担心\nv. 害怕, 恐惧, 为...担心, 敬畏",,5,1,zk gk cet4 cet6 ky,1066,985,s:fears/p:feared/d:feared/3:fears/i:fearing
feast,fi:st,n. something experienced with great delight\nv. partake in a feast or banquet\nv. provide a feast or banquet for,"n. 宴会, 酒席, 享受, 节日\nvt. 款待, 享乐, 请客\nvi. 参加宴会, 尽情地吃, 享受",,2,,gk cet4 cet6 ky ielts,5626,5910,s:feasts/i:feasting/p:feasted/d:feasted/3:feasts
feather,'feðә,"n. the light horny waterproof structure forming the external covering of birds\nn. turning an oar parallel to the water between pulls\nv. join tongue and groove, in carpentry\nv. cover or fit with feathers",n. 羽毛\nvi. 长羽毛\nvt. 用羽毛装饰,,2,1,gk cet4 cet6 ky,4798,4531,s:feathers/p:feathered/i:feathering/d:feathered/3:feathers
February,'februәri,n. the month following January and preceding March,n. 二月,,4,1,zk gk,1188,0,
fee,fi:,n. a fixed charge for a privilege or for professional services\nn. an interest in land capable of being inherited,"n. 费用, 小费, 封地, 所有权\nvt. 付费给",,4,1,gk cet4 ky ielts,1618,1826,s:fees/i:feeding/p:feed/3:fees/d:feed
feed,fi:d,n. food for domestic livestock\nv. provide as food\nv. give food to\nv. feed into; supply,"n. 饲料, 一餐, 饲养\nvt. 喂, 饲养, 放牧, 靠...为生\nvi. 吃东西, 用餐, 流入\n[计] 送纸",,4,1,zk gk cet4 cet6 ky toefl,1412,1317,d:fed/p:fed/i:feeding/3:feeds/1:pd/0:feed/s:feeds
feel,fi:l,"n. an intuitive awareness; \nn. manual stimulation of the genital area for sexual pleasure\nv. undergo an emotional sensation or be in a particular state of mind\nv. perceive by a physical sensation, e.g., coming from the skin or muscles","vt. 感觉, 觉得, 触摸, 以为\nvi. 有知觉, 摸索, 同情\nn. 感觉, 觉得, 触摸",,5,1,zk gk ielts,135,134,p:felt/i:feeling/d:felt/3:feels
feeling,'fi:liŋ,n. the experiencing of affective and emotional states\nn. a physical sensation that you experience\nn. an intuitive understanding of something,"n. 摸, 触觉, 知觉, 感觉, 情绪, 同情\na. 有同情心的, 有感觉的, 仁慈的, 动人的",,4,1,zk gk cet4 ky,797,805,0:feel/1:i/s:feelings/i:feeling
fellow,'felәu,n. a member of a learned society\nn. an informal form of address for a man,"n. 男人, 朋友, 同事\na. 同伴的, 同事的, 同道的",,4,1,gk cet4 cet6 ky,2954,2421,s:fellows
female,'fi:meil,n. an animal that produces gametes (ova) that can be fertilized by male gametes (spermatozoa)\nn. a person who belongs to the sex that can have babies\na. being the sex (of plant or animal) that produces fertilizable gametes (ova) from which offspring develop\ns. characteristic of or peculiar to a woman,"n. 女性, 女人, 雌性动物\na. 女性的, 女子的",,4,1,gk cet4 cet6 ky ielts,1563,1396,s:females
fence,fens,n. a barrier that serves to enclose an area\nn. a dealer in stolen property\nv. enclose with a fence\nv. receive stolen goods,"n. 围墙, 栅栏, 买卖赃物的人, 剑术\nvt. 用篱笆围住, 练习剑术, 防护\nvi. 击剑, 搪塞",,3,1,gk cet4 cet6 ky,3306,2653,s:fences/d:fenced/p:fenced/i:fencing/3:fences
ferry,'feri,n. a boat that transports people or vehicles across a body of water and operates on a regular schedule\nn. transport by boat or aircraft\nv. transport from one place to another\nv. transport by ferry,"n. 渡船, 渡口\n[法] 摆渡营业权, 轮渡",,2,,gk cet6 ky toefl ielts gre,4590,6492,s:ferries/d:ferried/i:ferrying/p:ferried/3:ferries
festival,'festәvәl,n. a day or period of time set aside for feasting and celebration\nn. an organized series of acts and performances (usually in one place),"a. 节日的, 喜庆的, 快乐的\nn. 节日, 庆祝, 欢宴",,4,1,zk gk cet4 cet6 ky toefl ielts,2395,3695,s:festivals
fetch,fetʃ,n. the action of fetching\nv. be sold for a certain price\nv. take away or remove,"n. 取得, 拿, 诡计, 魂\nvt. 接来, 取来, 售得, 带来, 推出, 引出, 杀死, 吸引, 到达\nvi. 取物, 前进\n[计] 取",,2,1,zk gk cet4 cet6 ky ielts,3687,6744,p:fetched/d:fetched/i:fetching/3:fetches
fever,'fi:vә,n. a rise in the temperature of the body; frequently a symptom of infection\nn. intense nervous anticipation,"n. 发烧, 发热, 热病\n[医] 发热, 热",,2,1,zk gk cet4 cet6 ky ielts,5338,4372,s:fevers/p:fevered
few,fju:,n. a small elite group\na. a quantifier that can be used with count nouns and is often preceded by `a'; a small but indefinite number,"a. 很少的, 不多的, 少数的\nn. 少数",,5,1,zk gk,189,185,
fibre,'faibә,"n a slender and greatly elongated substance capable of being spun into yarn\nn any of several elongated, threadlike cells (especially a muscle fiber or a nerve fiber)\nn the inherent complex of attributes that determines a persons moral and ethical actions and reactions\nn a leatherlike material made by compressing layers of paper or cloth","n. 纤维, 构造, 纤维制品\n[化] 纤维",,2,,gk cet4 cet6 ielts,3214,24899,s:fibres
fiction,'fikʃәn,n. a literary work based on the imagination and not necessarily on fact,"n. 小说, 虚构故事\n[法] 虚构的事实, 捏造, 拟制",,2,,gk cet4 cet6 ky toefl,3431,2762,s:fictions
field,fi:ld,n. a piece of land cleared of trees and usually enclosed\nn. somewhere (away from a studio or office or library or laboratory) where practical work is done or data is collected\nn. the space around a radiating body within which its electromagnetic oscillations can exert force on another similar body not in contact with it\nn. a particular kind of commercial enterprise,"n. 领域, 田地, 场地, 战场, 场, 域\nvt. 使...晒在场上, 使上场\na. 田间的, 野生的, 野外的, 田赛的\n[计] 域, 字段",,4,1,zk gk ielts,495,439,s:fields/i:fielding/p:fielded/d:fielded/3:fields
fierce,fiәs,s. marked by extreme intensity of emotions or convictions; inclined to react violently; fervid,"a. 凶猛的, 猛烈的, 热烈的, 暴躁的",,3,,gk cet4 cet6 ky toefl ielts,3932,4482,t:fiercest/r:fiercer
fifteen,'fif'ti:n,n. the cardinal number that is the sum of fourteen and one\ns. being one more than fourteen,"num. 十五, 十五个",,5,,zk gk,1736,2995,
fifth,fifθ,n. a quantity of liquor equal to one fifth of a United States gallon\nn. position five in a countable series of things\nn. the musical interval between one note and another five notes away from it\ns. coming next after the fourth and just before the sixth in position,"num. 第五, 五分之一",,4,,zk gk ielts,2418,2497,
fifty,'fifti,n. the cardinal number that is the product of ten and five\ns. being ten more than forty,"num. 五十, 五十个",,5,,zk gk,1041,3038,
fight,fait,n. the act of fighting; any contest or struggle\nn. an intense verbal dispute\nn. a boxing or wrestling match\nv. fight against or resist strongly,"n. 打架, 争吵, 斗志\nv. 对抗, 打架",,5,1,zk gk cet4 cet6 ky,917,676,i:fighting/p:fought/d:fought/s:fights/3:fights
fighter,'faitә,n. a high-speed military or naval airplane designed to destroy enemy aircraft in the air,"n. 斗士, 战士, 好战者, 战斗机",,3,,gk cet6,4002,3028,s:fighters
figure,'figә,n. a diagram or picture illustrating textual material\nn. a model of a bodily form (especially of a person)\nn. a combination of points and lines and planes that form a visible palpable shape\nn. an amount of money expressed numerically,"n. 数字, 价格, 图形, 形状\nvt. 描绘, 表示, 演算, 认为\nvi. 计算, 出现, 估计",,5,1,gk cet4 cet6 ky toefl ielts,325,552,s:figures/p:figured/d:figured/3:figures/i:figuring
file,fail,n. a set of related records (either written or electronic) kept together\nn. a line of persons or things ranged one behind the other\nn. office furniture consisting of a container for keeping papers in order\nn. a steel hand tool with small sharp teeth on some or all of its surfaces; used for smoothing wood or metal,"n. 档案, 公文箱, 文件夹, 文件, 卷宗, 锉刀\nvi. 列队行进, 用锉刀做\nvt. 归档, 申请, 锉, 琢磨\n[计] 文件",,4,1,gk cet4 ky toefl ielts gre,1170,1745,s:files/d:filed/p:filed/i:filing/3:files
fill,fil,"n. a quantity sufficient to satisfy\nv. make full, also in a metaphorical sense\nv. become full\nv. assume, as of positions or roles","vt. 装满, 填充, 弥漫, 供给, 满足, 供应\nvi. 充满, 变得沉重\nn. 满足, 装满, 充分, 填方\nvt. 填充\nvi. 填充\n[计] 填充",,4,1,zk gk,900,686,d:filled/p:filled/i:filling/3:fills
film,film,n. a medium that disseminates moving pictures\nn. photographic material consisting of a base of celluloid covered with a photographic emulsion; used to make negatives or transparencies\nn. a thin coating or layer\nn. a thin sheet of (usually plastic and usually transparent) material used to wrap or cover things,"n. 软片, 薄膜, 胶卷, 电影\nvt. 覆以薄膜, 拍摄\nvi. 生薄膜, 拍电影",,5,1,zk gk ielts,739,593,s:films/i:filming/d:filmed/p:filmed/3:films
final,'fainl,n. the final match between the winners of all previous matches in an elimination tournament\ns. conclusive in a process or progression\ns. not to be altered or undone,"n. 期末考试, 结局, 决赛\na. 最后的, 终极的, 决定性的",,5,1,zk gk cet4 ky toefl ielts,778,887,s:finals
finance,fai'næns,n. the commercial activity of providing funds and capital\nn. the branch of economics that studies the management of money and other assets\nn. the management of money and credit and banking and investments\nv. obtain or provide money for,"n. 财政, 财务\nvt. 供给...经费, 负担经费\nvi. 筹措资金",,4,1,gk cet4 cet6 ky toefl ielts,1515,2808,d:financed/s:finances/i:financing/p:financed/3:finances
find,faind,"v. come upon, as if by accident; meet with\nv. come upon after searching; find the location of something that was missed or lost\nv. come to believe on the basis of emotion, intuitions, or indefinite grounds\nv. obtain through effort or management","vt. 发现, 感到, 找到, 认为, 得到\nvi. 裁决\nn. 发现\n[计] 查找; DOS外部命令:在指定的文件或从键盘输入的文本行中\n寻找指定的字符串, 将符合条件的行或行数输出到标准输出设备上",,5,1,zk gk,92,95,d:found/p:found/i:finding/3:finds/s:finds
fine,fain,n. money extracted as a penalty\ns. minutely precise especially in differences in meaning\ns. thin in thickness or diameter\ns. characterized by elegance or refinement or accomplishment,"n. 罚款, 罚金, 晴天, 精细\na. 好的, 晴朗的, 健康的, 细小的, 精细的\nvt. 罚款, 精炼, 澄清\nvi. 变清, 变细\nadv. 很好\n[计] 精细",,3,1,zk gk toefl ielts,660,704,t:finest/d:fined/s:fines/r:finer/p:fined/3:fines/i:fining
finger,'fiŋgә,n. any of the terminal members of the hand (sometimes excepting the thumb)\nn. the length of breadth of a finger used as a linear measure\nn. one of the parts of a glove that provides covering for a finger or thumb\nv. feel or handle with the fingers,"n. 手指, 指状物, (手套的)手指部分, 指针\nv. 用手指拨弄, 伸出\n[计] 网络命令",,4,1,zk gk cet4 cet6 ky,1109,1042,s:fingers/p:fingered/i:fingering/d:fingered/3:fingers
fingernail,'fiŋgәneil,n. the nail at the end of a finger,n. 手指甲,,1,,gk,12348,7769,s:fingernails
finish,'finiʃ,n. the place designated as the end (as of a race or journey)\nn. designated event that concludes a contest (especially a race)\nn. the downfall of someone (as of persons on one side of a conflict)\nn. (wine tasting) the taste of a wine on the back of the tongue (as it is swallowed),"n. 完成, 结束, 末道漆, 磨光, 完美\nvt. 完成, 结束, 用完, 毁掉\nvi. 结束\n[计] 完成",,4,1,zk gk toefl,842,916,d:finished/p:finished/i:finishing/3:finishes/s:finishes
fire,'faiә,n. the event of something burning (often destructive)\nn. the act of firing weapons or artillery at an enemy\nn. the process of combustion of inflammable materials producing heat and light and (often) smoke\nn. a fireplace in which a relatively small fire is burning,"n. 火, 炉火, 电炉, 火灾, 闪光体, 炮火, 热情\nvt. 点燃, 烧制, 使发光, 激动, 放枪, 解雇\nvi. 着火, 烧火, 开枪, 射击, 激动",,2,1,zk gk ielts,693,653,s:fires/d:fired/p:fired/i:firing/3:fires
firefighter,ˈfaɪəfaɪtə(r),n a member of a fire department who tries to extinguish fires,n. <美>消防队员,,,,gk,17650,5511,s:firefighters
fireplace,'faiәpleis,n. an open recess in a wall at the base of a chimney where a fire can be built,n. 壁炉,,1,,gk cet6 ky,6692,5530,s:fireplaces
firewood,'faiәwud,n. wood used for fuel,n. 木柴,,1,,gk,15317,12444,
firework,,n. (usually plural) a device with an explosive that burns at a low rate and with colored flames; can be used to illuminate areas or send signals etc.,"n. 烟火具, 烟火, 烟火信号弹, 焰火, 激情的表现",,1,,gk cet6,8853,0,s:fireworks
firm,fә:m,n. the members of a business organization that owns or operates one or more establishments\ns. marked by firm determination or resolution; not shakable\ns. not soft or yielding to pressure\ns. strong and sure,"n. 公司, 商号\na. 坚定的, 坚强的, 牢固的, 结实的, 坚硬的, 坚挺的, 严格的, 确定的\nvt. 使牢固, 使坚定\nvi. 变稳固, 变坚实\nadv. 稳固地",,5,1,gk cet4 cet6 ky toefl ielts,607,902,s:firms/r:firmer/p:firmed/d:firmed/i:firming/3:firms
firmly,'fә:mli,r with resolute determination\nr in a secure manner; in a manner free from danger\nr with firmness,"adv. 坚固, 坚定, 断然",,,1,gk,2206,3818,
first,fә:st,n. the first or highest in an ordering or series\nn. the first element in a countable series\nn. an honours degree of the highest class\na. preceding all others in time or space or degree,"adv. 首先, 第一, 优先\na. 第一的\nnum. 第一\nn. 开始, 第一",,5,1,zk gk,79,86,
fish,fiʃ,n. any of various mostly cold-blooded aquatic vertebrates usually having scales and breathing through gills\nn. the flesh of fish used as food\nv. seek indirectly\nv. catch or try to catch fish or shellfish,"n. 鱼, 鱼肉, 鱼类, 接合板\nvt. 钓, 钓鱼, 查出, 用接合板连接\nvi. 捕鱼, 钓鱼, 用钩捞取, 摸索寻找",,4,1,zk gk ielts,954,947,s:fishes/p:fished/i:fishing/d:fished/3:fishes
fisherman,'fiʃәmәn,n. someone whose occupation is catching fish,"n. 渔夫, 钓鱼者, 渔船",,2,,zk gk cet4 cet6 ky,5287,4272,s:fishermen
fist,fist,n. a hand with the fingers clenched in the palm (as for hitting),"n. 拳头, 手\nvt. 拳打, 握成拳, 紧握",,2,,gk cet4 cet6 ky toefl ielts,4178,3881,s:fists/i:fisting
fit,fit,n. a display of bad temper\nn. the manner in which something fits\nv. be the right size or shape; fit correctly or as desired\nv. make fit,"n. 适宜, 合身, 发作, 痉挛\na. 适宜的, 对的, 准备好的\nvt. 适合, 安装, 使合身, 使适应, 使合格\nvi. 适合, 符合, 合身\n[计] 非特",,2,1,zk gk toefl ielts,1046,1349,d:fitted/3:fits/i:fitting/p:fitted/s:fits/r:fitter/t:fittest
five,faiv,n. the cardinal number that is the sum of four and one\ns. being one more than four,"num. 五, 五个",,5,,zk gk,207,299,
fix,fiks,"n. informal terms for a difficult situation\nn. something craved, especially an intravenous injection of a narcotic drug\nn. an exemption granted after influence (e.g., money) is brought to bear\nv. set or place definitely","vt. 使固定, 修理, 准备, 安装, 凝视, 牢记, 确定, 整理\nvi. 固定, 注视, 确定\nn. 困境, 方位, 维修, 贿赂",,3,1,zk gk cet4 cet6 ky,1954,1850,d:fixed/i:fixing/p:fixed/3:fixes/s:fixes
flag,flæg,n. emblem usually consisting of a rectangular piece of cloth of distinctive design\nn. a rectangular piece of fabric used as a signalling device\nn. stratified stone that splits into pieces suitable as paving stones\nn. a conspicuously marked or shaped tail,"n. 标志, 旗标, 旗子, 信号旗, 菖蒲\nvt. 悬旗, 打旗号, 铺石板\nvi. 无力地下垂\n[计] 标志; 属性标记命令",,3,1,zk gk cet4 cet6 ky toefl ielts gre,3502,2444,s:flags/p:flagged/i:flagging/d:flagged/3:flags
flame,fleim,"v. be in flames or aflame\nv. criticize harshly, usually via an electronic medium","n. 火焰, 火舌, 热情, 光辉\nvt. 焚烧, 用火焰给...灭菌, 用火焰传送(信号), 点燃, 激动\nvi. 燃烧, 爆发, 闪耀\n[计] 无聊邮件, 无益邮件",,2,1,gk cet4 cet6 ky toefl ielts,3195,3199,s:flames/p:flamed/i:flaming/d:flamed/3:flames
flaming,'fleimiŋ,"n the process of combustion of inflammable materials producing heat and light and (often) smoke\nv shine with a sudden light\nv be in flames or aflame\nv criticize harshly, usually via an electronic medium\ns informal intensifiers\ns very intense","a. 燃烧的, 热烈的, 色彩鲜明的",,1,,gk,15457,12654,0:flame/1:i/i:flaming
flash,flæʃ,n. a sudden intense burst of radiant energy\nn. a momentary brightness\nn. a short vivid experience\nn. a sudden brilliant understanding,"n. 闪光, 闪现, 一瞬间\nvi. 闪光, 闪现, 反射\nvt. 使闪光, 反射",,3,1,gk cet4 cet6 ky toefl ielts,4001,3500,p:flashed/i:flashing/s:flashes/d:flashed/3:flashes/r:flasher
flashlight,'flæʃlait,n. a small portable battery-powered electric lamp,"n. 手电筒, 闪光信号灯",,1,,gk toefl,25749,6373,s:flashlights
flat,flæt,n. a level tract of land\nn. a shallow box in which seedlings are started\nn. a musical notation indicating one half step lower than the note named\nn. a deflated pneumatic tire,"a. 平坦的, 单调的, 无力的, 浅的, 萧条的, 干脆的, 无聊的\nadv. 平直地, 断然地\nn. 扁平物, 平面, 平地, 平原, 平板车\nv. (使)变平",,4,1,zk gk cet4 cet6 ky toefl ielts,1448,2569,s:flats/r:flatter
flee,fli:,v. run away quickly,"vt. 逃避, 逃跑, 逃走\nvi. 逃, 消失",,3,,gk cet4 cet6 ky toefl ielts,3410,2942,p:fled/d:fled/i:fleeing/3:flees
flesh,'fleʃ,n. the soft tissue of the body of a vertebrate: mainly muscle tissue and fat\nv. remove adhering flesh from (hides) when preparing leather manufacture,"n. 肉, 肉体, 肉欲, 人性, 亲属, 人类, 众生, 人体\nvt. 以肉喂, 激起...的杀戳情绪, 使肥, 赋以血肉\nvi. 长胖",,2,1,gk cet4 ky ielts,3036,3209,d:fleshed/i:fleshing/s:fleshes/p:fleshed/3:fleshes
flexible,'fleksәbl,a. capable of being changed\na. able to flex; able to bend easily\ns. bending and snapping back readily without breaking,"a. 易曲的, 灵活的, 柔顺的, 能变形的, 可通融的\n[医] 能屈的",,3,,gk cet4 cet6 ky toefl ielts gre,3127,4227,
flight,flait,n. a formation of aircraft in flight\nn. an instance of traveling by air\nn. a stairway (set of steps) between one floor or landing and the next\nn. an air force unit smaller than a squadron,"n. 飞行, 射程, 逃走, 飞跃, 飞机航程, 班机, 迁徙, 飞逝\nvi. 迁徙\nvt. 射击(飞禽), 为(箭)装上羽毛, 使惊飞",,4,1,gk ielts gre,1487,1295,s:flights/i:flighting/p:flighted/3:flights/d:flighted
float,flәut,n. the time interval between the deposit of a check in a bank and its payment\nn. the number of shares outstanding and available for trading by the public\nn. an elaborate display mounted on a platform carried by a truck (or pulled by a truck) in a procession or parade\nn. a hand tool with a flat face used for smoothing and finishing the surface of plaster or cement or stucco,"n. 漂流物, 浮舟, 漂浮, 浮萍, 彩车\nvi. 浮动, 飘动, 散播, 摇摆, 动摇, 浮动\nvt. 使漂浮, 容纳, 淹没, 发行, 实行\n[计] 浮动",,3,1,gk cet4 cet6 ky toefl ielts,3498,3140,i:floating/p:floated/d:floated/s:floats/3:floats
flood,flʌd,n. the rising of a body of water and its overflowing onto normally dry land\nn. an overwhelming number or amount\nn. light that is a source of artificial illumination having a broad beam; used in photography\nn. a large flow,"n. 洪水, 大量之水, 涨潮\nvt. 淹没, 使泛滥, 注满\nvi. 被淹, 溢出, 涌进",,3,1,gk cet4 cet6 ky toefl,4100,3582,d:flooded/s:floods/p:flooded/i:flooding/3:floods
floor,flɒ:,"n. the inside lower horizontal surface (as of a room, hallway, tent, or other structure)\nn. a structure consisting of a room or set of rooms at a single position along a vertical scale\nn. a lower limit\nn. the ground on which people and animals move about","n. 地板, 楼层, 底部, 底价\nvt. 铺地板, 打倒\nn. 地面, 地板, 基底\n[计] 基底",,4,1,zk gk,791,639,s:floors/d:floored/p:floored/i:flooring/3:floors
flour,'flauә,n. fine powdery foodstuff obtained by grinding and sifting the meal of a cereal grain\nv. cover with flour\nv. convert grain into flour,"n. 面粉, 粉沫, 碎粉\n[医] 面粉, 麦粉",,2,1,gk cet4 cet6 ky toefl ielts,5355,3429,s:flours/p:floured/i:flouring/3:flours/d:floured
flow,flәu,n. the motion characteristic of fluids (liquids or gases)\nn. the amount of fluid that flows in a given time\nn. the act of flowing or streaming; continuous progression\nn. any uninterrupted stream or discharge,"n. 流程, 流动, 流量, 洋溢, 泛滥, 涨潮\nvi. 流动, 流泄, 畅流, 川流不息, 飘扬, 涌出\nvt. 使流动, 淹没, 流出",,4,1,gk cet4 ky,1759,1984,s:flows/i:flowing/3:flows/p:flowed/d:flowed
flower,'flauә,n. a plant cultivated for its blooms or blossoms\nn. reproductive organ of angiosperm plants especially one having showy or colorful parts\nn. the period of greatest prosperity or productivity,"n. 花, 开花植物, 精华, 盛时\nvi. 开花, 发育, 旺盛, 成熟\nvt. 用花装饰, 使开花",,4,1,zk gk ielts,1270,1489,s:flowers/d:flowered/i:flowering/3:flowers/p:flowered
flu,flu:,n an acute febrile highly contagious viral disease,"n. 流感, 流行性感冒",,1,1,zk gk cet4 cet6 ky ielts,8041,5662,
fluency,'flu:әnsi,n. skillfulness in speaking or writing\nn. the quality of being facile in speech and writing,"n. 流畅, 雄辩, 善辩",,,,gk,14342,13181,
fluent,'flu:әnt,s. smooth and unconstrained in movement,"a. 流利的, 流畅的",,1,,gk cet4 cet6 ky toefl ielts,9662,11910,
fly,flai,n. two-winged insects characterized by active flight\nn. an opening in a garment that is closed by a zipper or by buttons concealed under a fold of cloth\nn. (baseball) a hit that flies up in the air\nn. fisherman's lure consisting of a fishhook decorated to look like an insect,"n. 苍蝇, 两翼昆虫, 飞行\nvi. 飞, 飞翔, 飘扬, 逃走\nvt. 飞, 飞越, 使飘扬, 逃出\na. 敏捷的",,5,1,zk gk ielts,1106,943,p:flew/i:flying/d:flown/s:flies/3:flies
focus,'fәukәs,n. the concentration of attention or energy on something\nn. maximum clarity or distinctness of an image rendered by an optical system\nn. maximum clarity or distinctness of an idea\nn. a central point or locus of an infection in an organism,"n. 焦点, 焦距\nvi. 聚焦, 注视\nvt. 使聚焦, 调焦, 集中\n[计] 焦点",,4,1,gk cet4 cet6 ky toefl ielts,1918,688,d:focused/i:focusing/3:focuses/p:focused/s:foci
fog,fɒg,n. droplets of water vapor suspended in the air near the ground\nn. an atmosphere in which visibility is reduced because of a cloud of some substance,"n. 雾, 迷惑, (割后的)最生草, 苔藓\nvi. 被雾笼罩, 变模糊\nvt. 使困惑, 以雾笼罩",,2,,gk cet4 cet6 ky toefl,5413,4913,s:fogs/i:fogging/d:fogged/p:fogged/3:fogs
foggy,'fɒgi,s stunned or confused and slow to react (as from blows or drunkenness or exhaustion)\ns indistinct or hazy in outline\ns filled or abounding with fog or mist\ns obscured by fog,"a. 雾深的, 模糊的",,1,,gk toefl,14412,12681,t:foggiest/r:foggier
fold,fәuld,n. an angular or rounded shape made by folding\nn. a geological process that causes a bend in a stratum of rock\nn. a folded part (as in skin or muscle)\nn. a pen for sheep,"n. 折层, 折, 羊栏, 折痕, 信徒\nvt. 折叠, 包, 合拢, 交迭\nvi. 折叠起来, 彻底失败\n[计] 折叠; 合并",,3,1,gk cet4 cet6 ky toefl gre,3975,3493,s:folds/d:folded/p:folded/i:folding/3:folds
folk,fәuk,n. people in general (often used in the plural),"n. 人们, 家人, 亲属, 民族\na. 民间的",,3,,gk cet4 cet6 ky toefl,2958,1339,s:folks
follow,'fɒlәu,"v. to travel behind, go after, come after\nv. come as a logical consequence; follow logically\nv. travel along a certain course\nv. come after in time, as a result","vt. 跟随, 沿行, 遵循, 追求\nvi. 跟随, 接着\nn. 跟随, 追随",,5,1,zk gk cet4 cet6 ky,186,325,i:following/d:followed/3:follows/p:followed
following,'fɒlәuiŋ,n. a group of followers or enthusiasts\ns. about to be mentioned or specified\ns. immediately following in time or order\na. going or proceeding or coming after in the same direction,"n. 下列各项, 部下, 追随者\na. 下列的, 其次的",,4,1,gk cet4 cet6 ky,748,1471,0:follow/1:i/i:following/s:followings
fond,fɒnd,s. (followed by `of' or `to') having a strong preference or liking for\ns. absurd or silly because unlikely,"a. 喜欢的, 宠爱的, 温柔的",,2,,gk cet4 cet6 ky,4954,6241,r:fonder/t:fondest/s:fonds
food,fu:d,n. any substance that can be metabolized by an animal to give energy and build tissue\nn. any solid substance (as opposed to liquid) that is used as a source of nourishment\nn. anything that provides mental stimulus for thinking,"n. 食物, 养料\n[医] 食物, 食品",,5,1,zk gk ielts,466,366,s:foods
fool,fu:l,n. a person who lacks good judgment\nv. make a fool or dupe of,"n. 愚人, 受骗者, 奶油拌水果\nvt. 愚弄, 欺骗, 浪费\nvi. 干傻事, 开玩笑, 游荡\na. 傻的",,3,,gk cet4 ky,3660,4030,s:fools/d:fooled/i:fooling/p:fooled/3:fools
foolish,'fu:liʃ,a. devoid of good sense or judgment,"a. 愚蠢的, 傻的",,2,,gk cet4 ky toefl,4977,5783,
foot,fut,n. the part of the leg of a human being below the ankle joint\nn. a linear unit of length equal to 12 inches or a third of a yard\nn. the lower part of anything\nn. any of various organs of locomotion or attachment in invertebrates,"n. 脚, 步调, 英尺, 底部, 末尾, 步兵\nvt. 走在...上, 给...换底, 支付\nvi. 跳舞, 步行, 总计",,5,1,zk gk ielts,459,380,s:feet/i:footing/p:footed/3:foots/d:footed
football,'futbɒ:l,n. any of various games played with a ball (round or oval) in which two teams try to kick or carry or propel the ball into each other's goal\nn. the inflated oblong ball used in playing American football,"n. 足球, 橄榄球",,4,1,zk gk,1424,1534,s:footballs
for,fɒ:,"prep. In the most general sense, indicating that in consideration\n   of, in view of, or with reference to, which anything is done or takes\n   place.\nprep. Indicating the antecedent cause or occasion of an action;\n   the motive or inducement accompanying and prompting to an act or state;\n   the reason of anything; that on account of which a thing is or is done.\nprep. Indicating the remoter and indirect object of an act; the\n   end or final cause with reference to which anything is, acts, serves,\n   or is done.\nprep. Indicating that in favor of which, or in promoting which,\n   anything is, or is done; hence, in behalf of; in favor of; on the side\n   of; -- opposed to against.\nprep. Indicating that toward which the action of anything is\n   directed, or the point toward which motion is made; /ntending to go to.\nprep. Indicating that on place of or instead of which anything\n   acts or serves, or that to which a substitute, an equivalent, a\n   compensation, or the like, is offered or made; instead of, or place of.\nprep. Indicating that in the character of or as being which\n   anything is regarded or treated; to be, or as being.\nprep. Indicating that instead of which something else controls in\n   the performing of an action, or that in spite of which anything is\n   done, occurs, or is; hence, equivalent to notwithstanding, in spite of;\n   -- generally followed by all, aught, anything, etc.\nprep. Indicating the space or time through which an action or\n   state extends; hence, during; in or through the space or time of.\nprep. Indicating that in prevention of which, or through fear of\n   which, anything is done.\nconj. Because; by reason that; for that; indicating, in Old\n   English, the reason of anything.\nconj. Since; because; introducing a reason of something before\n   advanced, a cause, motive, explanation, justification, or the like, of\n   an action related or a statement made. It is logically nearly\n   equivalent to since, or because, but connects less closely, and is\n   sometimes used as a very general introduction to something suggested by\n   what has gone before.\nn. One who takes, or that which is said on, the affrimative side;\n   that which is said in favor of some one or something; -- the antithesis\n   of against, and commonly used in connection with it.","prep. 为, 因为, 至于\nconj. 因为\n[计] DOS批处理命令:对一组参数重复执行指定的命令",,5,1,zk gk,12,13,
forbid,fә'bid,v. command against,"vt. 禁止, 不准, 妨碍\n[法] 不许, 禁止, 阻止",,2,,gk cet4 cet6 ky toefl gre,4670,4698,d:forbidden/p:forbade/3:forbids/i:forbidding
force,fɒ:s,n. a powerful effect or influence\nn. (physics) the influence that produces a change in a physical quantity\nn. physical energy or intensity\nn. group of people willing to obey orders,"n. 力量, 武力, 势力, 影响力, 军队, 力, 效力\nvt. 强迫, 强夺, 推动, 提高\n[计] 人工转移; 强制",,5,1,zk gk cet4 cet6 ky,369,372,s:forces/d:forced/p:forced/i:forcing/3:forces
forecast,'fɒ:kɑ:st,v. predict in advance,"n. 预想, 预测, 预报\nvt. 预想, 预测, 预报\n[计] 趋势预测",,3,1,gk cet4 cet6 ky toefl ielts gre,3980,5890,s:forecasts/d:forecast/0:forecast/1:dp/i:forecasting/3:forecasts/p:forecast
forehead,'fɒ:rid,n the part of the face above the eyes\nn the large cranial bone forming the front part of the cranium: includes the upper part of the orbits,"n. 额, 前额, 前部\n[医] 额",,2,,gk cet4 cet6 ky,4632,3788,s:foreheads
foreign,'fɒ:rin,a. of concern to or concerning the affairs of other nations (other than your own)\na. relating to or originating in or characteristic of another place or part of the world,"a. 外国的, 外交的, 外省的, 外来的, 不相关的\n[机] 外来的",,2,1,zk gk ielts,621,689,
foreigner,'fɒ:rinә,n. a person who comes from a foreign country; someone who does not owe allegiance to your country\nn. someone who is excluded from or is not a member of a group,"n. 外国人, 外地人\n[法] 外国人, 进口货, 外国货",,3,,zk gk cet4 cet6 ky,4934,4887,s:foreigners
foresee,fɒ:'si:,v realize beforehand\nv picture to oneself; imagine possible\nv act in advance of; deal with ahead of time,"vt. 预见, 预知",,2,,gk cet6 ky toefl ielts,6364,7614,d:foreseen/p:foresaw/3:foresees/i:foreseeing
forest,'fɒrist,n. the trees and other plants in a large densely wooded area\nn. land that is covered with trees and shrubs,"n. 森林, 林区\nvt. 植树于",,3,1,zk gk cet4 cet6 ky ielts,1108,1108,s:forests/i:foresting/p:forested/3:forests/d:forested
forever,fә'revә,r. for a very long or seemingly endless time,adv. 永远,,2,1,gk cet4 cet6 ky,3798,2082,
forget,fә'get,v. dismiss from the mind; stop remembering\nv. be unable to remember\nv. forget to do something\nv. leave behind unintentionally,"vt. 忘记, 忽略, 忘\nvi. 忘记",,4,1,zk gk,813,872,d:forgotten/p:forgot/i:forgetting/3:forgets
forgetful,fә'getful,s. failing to keep in mind,"a. 健忘的, 易忘的",,,,gk,19606,23938,
forgive,fә'giv,v. stop blaming or grant forgiveness\nv. absolve from payment,"vt. 原谅, 宽恕, 免除\n[法] 免除, 宽恕, 原谅",,2,1,gk cet4 cet6 ky ielts,3395,3595,d:forgiven/p:forgave/3:forgives/i:forgiving
fork,fɒ:k,"n. cutlery used for serving and eating food\nn. the region of the angle formed by the junction of two branches\nn. an agricultural tool used for lifting or digging; has a handle and metal prongs\nv. place under attack with one's own pieces, of two enemy pieces","n. 叉子, 叉状物, 分岔\nvi. 分支, 分歧\nvt. 做成叉形, 叉起\n[计] 派生指令",,2,1,zk gk cet4 cet6 ky,5592,3758,s:forks/p:forked/i:forking/d:forked/3:forks
form,fɒ:m,n. the phonological or orthographic sound or appearance of a word that can be used to describe or identify something\nn. a perceptual structure\nn. the visual appearance of something or someone\nn. a printed document with spaces in which to write,"n. 形状, 形体, 类型, 方式, 表格, 形式\nv. 形成, 排列, (使)组成\nn. 表单\n[计] 表单",,3,1,zk gk ielts,239,523,s:forms/d:formed/p:formed/i:forming/3:forms
format,'fɒ:mæt,n. the organization of information according to preset specifications (usually for computer processing)\nn. the general appearance of a publication\nv. set (printed matter) into a specific format\nv. determine the arrangement of (data) for storage and display (in computer science),"n. 开本, 版式, 形式, 格式\nvt. 格式化\n[计] 格式; DOS外部命令:对磁盘进行格式化",,2,,gk ky toefl ielts,3080,3730,s:formats/i:formatting/d:formatted/p:formatted/3:formats
former,'fɒ:mә,"n. the first of two or the first mentioned of two\na. referring to the first of two things or persons mentioned (or the earlier one or ones of several); I prefer the former version to the latter one""\ns. (used especially of persons) of the immediate past","a. 从前的, 前者的\nn. 起形成作用的人(或物), 模型, 样板",,5,1,gk cet4 ky toefl ielts,588,442,s:formers
fortnight,'fɒ:tnait,n. a period of fourteen consecutive days,n. 两星期,,2,,gk cet4 cet6 ky ielts,4290,22633,s:fortnights
fortunate,'fɒ:tʃәnit,a. having unexpected good fortune\ns. supremely favored\ns. presaging good fortune,"a. 幸运的, 幸福的",,2,,gk cet4 cet6 ky toefl,4680,5300,
fortune,'fɒ:tʃәn,n. a large amount of wealth or prosperity\nn. your overall circumstances or condition in life (including everything that happens to you),"n. 财富, 运气, 兴隆, 大量财产, 好运, 命运\n[法] 命运, 财产, 大量财产",,3,1,gk cet4 cet6 ky toefl,2626,2703,s:fortunes
forty,'fɒ:ti,n. the cardinal number that is the product of ten and four\ns. being ten more than thirty,"num. 四十, 四十个",,5,,zk gk,1350,3734,
forward,'fɒ:wәd,"n. the person who plays the position of forward in certain games, such as basketball, soccer, or hockey\nn. a position on a basketball, soccer, or hockey team\nv. send or ship onward from an intermediate post or station in transit\na. at or near or directed toward the front","a. 向前的, 早的, 迅速的, 在前的, 进步的\nvt. 促进...的生长, 转寄, 运送\nadv. 向前地\n[计] 前推, 转信",,4,1,zk gk gre,734,815,s:forwards/d:forwarded/p:forwarded/i:forwarding/3:forwards
found,faund,n. food and lodging provided in addition to money\na. come upon unexpectedly or after searching,"vt. 建立, 创立, 铸造\nfind的过去式和过去分词",,4,1,gk cet4 cet6 ky,2608,2664,0:find/1:dp/d:founded/p:founded/i:founding/3:founds
founding,'faundiŋ,n the act of starting something for the first time; introducing something new\nv set up or found\nv set up or lay the groundwork for\nv use as a basis for; found on,[计] 铸造,,,,gk,11750,7525,0:found/1:i/i:founding
fountain,'fauntin,n. a structure from which an artificially produced jet of water arises\nn. an artificially produced flow of water\nn. a plumbing fixture that provides a flow of water,"n. 水源, 源, 喷泉, 泉水, 本源\n[医] 泉",,2,,gk cet4 cet6 ky toefl ielts,6028,5279,s:fountains/p:fountained/i:fountaining
four,fɒ:,n. the cardinal number that is the sum of three and one\ns. being one more than three,"num. 四, 四个\n[机] 四冲程循环",,5,,zk gk,184,247,
fourteen,'fɒ:'ti:n,n. the cardinal number that is the sum of thirteen and one\ns. being one more than thirteen,"num. 十四, 十四个",,5,,zk gk,2877,5498,
fourth,fɒ:θ,n. following the third position; number four in a countable series\nn. the musical interval between one note and another four notes away from it\ns. coming next after the third and just before the fifth in position or time or degree or magnitude,"num. 第四, 四分之一",,4,,zk gk,1543,1570,s:fourths
fox,fɒks,n. alert carnivorous mammal with pointed muzzle and ears and a bushy tail; most are predators that do not hunt in packs\nn. the grey or reddish-brown fur of a fox\nn. English statesman who supported American independence and the French Revolution (1749-1806)\nn. English religious leader who founded the Society of Friends (1624-1691),"n. 狐狸, 狡猾的人\nvi. 奸狡地行动, (书页)生斑, 变酸\nvt. 欺骗, 使变酸, 为(鞋等)换面, 使生黄斑",,2,,zk gk cet4 cet6 ky,4616,6537,s:foxes/d:foxed/p:foxed/i:foxing/3:foxes
fragile,'frædʒail,s. vulnerably delicate,"a. 易碎的, 脆的\n[医] 脆弱的, 脆的",,2,,gk cet6 ky toefl ielts gre,5941,4733,
fragrant,'freigrәnt,a. pleasant-smelling,"a. 芬香的, 馥郁的, 愉快的",,1,,gk cet6 ky toefl gre,12331,9055,
framework,'freimwә:k,n. the underlying structure\nn. a structure supporting or containing something,"n. 结构, 骨架, 参照标准, 准则, 观点\n[医] 构架组织",,2,,gk cet4 cet6 ky toefl ielts,2177,2968,s:frameworks
franc,fræŋk,n. the basic monetary unit in many countries; equal to 100 centimes,n. 法郎,,2,,gk,7261,0,s:francs
free,fri:,n. people who are free\nv. grant freedom to; free from confinement\nv. make (information) available for publication\nv. free from obligations or duties,"a. 自由的, 享受政治权力的, 允许的, 免费的, 丰富的\nvt. 释放, 解放, 使自由\nadv. 自由地, 免费",,5,1,zk gk,497,473,d:freed/i:freeing/r:freer/p:freed/3:frees
freedom,'fri:dәm,n. the condition of being free; the power to act or speak or think without externally imposed restraints,"n. 自由, 坦率, 特权\n[法] 自由, 自主, 免除",,4,1,gk cet4 cet6 ky ielts,1480,1148,s:freedoms
freeway,'fri:wei,n a broad highway designed for high-speed traffic,n. 高速公路,,1,,gk,23892,6142,s:freeways
freeze,fri:z,n. the withdrawal of heat to change something from a liquid to a solid\nn. weather cold enough to cause freezing\nn. an interruption or temporary suspension of progress or movement\nn. fixing (of prices or wages etc) at a particular level,"vi. 冻结, 冷冻, 僵硬, 楞住\nvt. 使结冰, 使冻住, 使呆住\nn. 结冰, 凝固\n[计] 冻结",,3,1,zk gk cet4 cet6 ky,3516,2807,d:frozen/p:froze/3:freezes/i:freezing/s:freezes
freezing,'fri:ziŋ,"n the withdrawal of heat to change something from a liquid to a solid\nv stop moving or become immobilized\nv change to ice\nv be cold\nv cause to freeze\nv stop a process or a habit by imposing a freeze on it\nv be very cold, below the freezing point\nv change from a liquid to a solid when cold\nv prohibit the conversion or use of (assets)\nv anesthetize by cold\nv suddenly behave coldly and formally","a. 冰冻的, 冷冻用的, 严寒的\n[化] 冻结; 冻结作用; 凝固; 凝固作用",,1,,gk,5949,6369,0:freeze/1:i/i:freezing
French,frentʃ,n. the Romance language spoken in France and in countries colonized by France\nn. the people of France\nn. United States sculptor who created the seated marble figure of Abraham Lincoln in the Lincoln Memorial in Washington D.C. (1850-1931),"n. 法国人, 法文, 法式\na. 法国的, 法国人的, 法语的",,,,gk ielts,10037,1362,s:Frenches
Frenchman,'frentʃmәn,n. a person of French nationality,n. 法国人,,,,gk,6523,11653,s:frenchmen
frequent,'fri:kwәnt,v. be a regular or frequent visitor to a certain place\na. coming at short intervals or habitually\ns. frequently encountered;,"a. 时常发生的, 频繁的, 快速的\nvt. 时常来访, 常常聚集, 常与...交往",,4,1,gk cet4 cet6 ky toefl ielts gre,3109,3272,d:frequented/p:frequented/i:frequenting/3:frequents
fresh,freʃ,"a. recently made, produced, or harvested\ns. (of a cycle) beginning or occurring again\ns. original and of a kind not seen before\na. not canned or otherwise preserved","a. 新鲜的, 新奇的, 另外的, 淡的, 精神饱满的, 冒失的\nadv. 最新地, 刚刚\nn. 开始, 泛滥",,4,1,zk gk cet4 cet6 ky,1368,1107,r:fresher/t:freshest
friction,'frikʃәn,n. the resistance encountered when one body is moved in contact with another\nn. effort expended in moving one object over another with pressure,"n. 摩擦, 摩擦治疗, 不和\n[医] 摩擦",,1,,gk cet4 cet6 ky toefl ielts gre,8497,7336,s:frictions/p:frictioned
Friday,'fraidi,n. the sixth day of the week; the fifth working day,n. 星期五,,4,1,zk gk ielts,1621,0,s:fridays
fried,fraid,s. cooked by frying in fat,a. 油炸的,,,,gk,10093,5612,0:fry/1:dp/d:fried/p:fried
friend,frend,n. a person you know well and regard with affection and trust\nn. a member of the Religious Society of Friends founded by George Fox (the Friends have never called themselves Quakers),"n. 朋友, 支持者, 赞助者\n[法] 朋友, 友人, 赞助者",,5,1,zk gk,281,265,s:friends
friendly,'frendli,n. troops belonging to or allied with your own military forces\na. characteristic of or befitting a friend\ns. inclined to help or support; not antagonistic or hostile\na. easy to understand or use,"a. 友好的, 亲切的, 互助的\nadv. 友善地, 温和地",,3,1,zk gk,2241,2760,r:friendlier/s:friendlies/t:friendliest
friendship,'frendʃip,n. the state of being friends (or friendly),"n. 友谊, 友爱, 友善",,3,1,zk gk,3092,3036,s:friendships
fright,frait,n an emotion experienced in anticipation of some specific pain or danger (usually accompanied by a desire to flee or fight)\nv cause fear in,"n. 惊骇, 吃惊\n[医] 惊吓",,1,,gk cet6 ky toefl,10016,12606,s:frights/p:frighted
frighten,'fraitn,v. cause fear in\nv. drive out by frightening,vt. 使惊吓\nvi. 惊恐,,2,1,gk cet4 cet6 ky,5047,5537,d:frightened/p:frightened/3:frightens/i:frightening
frog,frɒg,n. any of various tailless stout-bodied amphibians with long hind limbs for leaping; semiaquatic and terrestrial species\nn. a person of French descent\nn. a decorative loop of braid or cord\nv. hunt frogs for food,"n. 青蛙\n[医] 蛙, 马蹄叉",,1,,zk gk cet4 cet6 ky,5747,5370,s:frogs/d:frogged/p:frogged/i:frogging/3:frogs
from,frɒm,"prep. Out of the neighborhood of; lessening or losing proximity\n   to; leaving behind; by reason of; out of; by aid of; -- used whenever\n   departure, setting out, commencement of action, being, state,\n   occurrence, etc., or procedure, emanation, absence, separation, etc.,\n   are to be expressed. It is construed with, and indicates, the point of\n   space or time at which the action, state, etc., are regarded as setting\n   out or beginning; also, less frequently, the source, the cause, the\n   occasion, out of which anything proceeds; -- the aritithesis and\n   correlative of to; as, it, is one hundred miles from Boston to\n   Springfield; he took his sword from his side; light proceeds from the\n   sun; separate the coarse wool from the fine; men have all sprung from\n   Adam, and often go from good to bad, and from bad to worse; the merit\n   of an action depends on the principle from which it proceeds; men judge\n   of facts from personal knowledge, or from testimony.","prep. 从, 来自, 根据",,5,1,zk gk,27,26,
front,frʌnt,n. the side that is forward or prominent\nn. the outward appearance of a person\nn. the side that is seen or that goes first\nn. a sphere of activity involving effort,"n. 前面, 开头, 前线, 阵线, 态度\nvt. 面对, 朝向, 对抗\nvi. 朝向",,5,1,zk gk,1185,1087,s:fronts/i:fronting/d:fronted/p:fronted/3:fronts
frontier,'frʌntjә,n. a wilderness at the edge of a settled area of a country\nn. an international boundary or the area (often fortified) immediately inside the boundary\nn. an undeveloped field of study; a topic inviting research and development,"n. 边界, 边境\n[法] 国境, 边境, 边界",,2,,gk cet4 cet6 ky toefl ielts,4553,4415,s:frontiers
frost,frɒst,n. ice crystals forming a white deposit (especially on objects outside)\nn. the formation of frost or ice on a surface\nn. United States poet famous for his lyrical poems on country life in New England (1874-1963)\nv. decorate with frosting,"n. 霜, 冰冻, 冷漠\nvt. 覆着霜, 冻结, 结霜\nvi. 受冻, 起霜",,1,,gk cet4 cet6 ky toefl ielts,6935,21397,s:frosts/i:frosting/d:frosted/p:frosted/3:frosts
fruit,fru:t,n. the ripened reproductive body of a seed plant\nn. the consequence of some effort or action\nv. cause to bear fruit\nv. bear fruit,"n. 水果, 果类, 结果\n[医] 果实, 种实",,4,1,zk gk ielts,1809,1662,s:fruits/i:fruiting/p:fruited/3:fruits/d:fruited
fry,frai,n. English painter and art critic (1866-1934)\nn. English dramatist noted for his comic verse dramas (born 1907)\nv. be excessively hot\nv. cook on a hot surface using fat,"n. 油炸食物, 鱼苗\nv. 油炸, 煎",,3,1,gk cet4 cet6 ky ielts,8929,7089,s:fries/i:frying/d:fried/p:fried/3:fries
fuel,'fjuәl,"n. a substance that can be consumed to produce energy\nv. provide with a combustible substance that provides energy\nv. provide with fuel\nv. take in fuel, as of a ship","n. 燃料, 木炭\nvt. 加燃料, 供燃料\nvi. 得到燃料",,4,1,gk cet4 ky toefl ielts,1933,1558,s:fuels/d:fuelled/p:fuelled/i:fuelling/3:fuels
full,ful,v. beat for the purpose of cleaning and thickening\nv. make (a garment) fuller by pleating or gathering\na. containing as much or as many as is possible or normal\ns. complete in extent or degree and in every particular,"n. 全部, 完整\na. 充满的, 完全的, 丰富的, 完美的, 丰满的, 详尽的\nadv. 完全地, 整整, 十分\nvt. 把(衣服等)缝得宽松, 漂洗\n[计] 完整",,5,1,zk gk,309,503,r:fuller/t:fullest
fun,fʌn,n. activities that are enjoyable or amusing\nn. verbal wit or mockery (often at another's expense but not to be taken seriously)\nn. violent and excited activity,"n. 乐趣, 玩笑, 娱乐\nvi. 开玩笑\na. 供娱乐用的",,4,1,zk gk,2497,1888,
function,'fʌŋkʃәn,n. (mathematics) a mathematical relation such that each element of a given set (the domain of the function) is associated with an element of another set (the range of the function)\nn. what something is used for\nn. the actions and activities assigned to or required or expected of a person or group\nn. a relation such that one thing is dependent on another,"n. 官能, 职务, 功能, 函数\nvi. 活动, 运行, 行使职责\n[计] 功能, 函数",,4,1,gk cet4 cet6 ky ielts,782,1442,s:functions/i:functioning/p:functioned/3:functions/d:functioned
fundamental,.fʌndә'mentәl,n. any factor that could be considered important to the understanding of a particular business\nn. the lowest tone of a harmonic series\ns. being or involving basic facts or principles\ns. far-reaching and thoroughgoing in effect especially on the nature of something,"n. 基本原理, 原则, 基波\na. 基本的, 重要的, 原音的",,3,1,gk cet4 cet6 ky toefl ielts gre,2031,2328,s:fundamentals
funeral,'fju:nәrәl,n. a ceremony at which a dead person is buried or cremated,"n. 葬礼, 出殡",,2,1,gk cet4 cet6 ky ielts,3009,2885,s:funerals
funny,'fʌni,s. experiencing odd bodily sensations,"a. 好笑的, 有趣的, 滑稽的\nn. 滑稽人物",,3,1,zk gk cet4 ky,1942,1789,t:funniest/r:funnier/s:funnies
fur,fә:,"n. the dressed hairy coat of a mammal\nn. dense coat of fine silky hairs on mammals (e.g., cat or seal or weasel)\nn. a garment made of the dressed hairy coat of a mammal","n. 毛皮\nvt. 以毛皮制作, 使生苔, 使生水垢\nvi. 生苔, 积水垢",,2,1,gk cet4 cet6 ky toefl ielts,5029,4700,s:furs/p:furred/d:furred/i:furring
furnished,,a. provided with whatever is necessary for a purpose (as furniture or equipment or authority),"a. 家具, 有家具的",,1,,gk,14915,18244,0:furnish/1:dp/d:furnished/p:furnished
furniture,'fәnitʃә,n. furnishings that make a room or other area ready for occupancy,"n. 家具, 帆具",,3,1,zk gk cet4 cet6 ky toefl ielts,2428,2669,
future,'fju:tʃә,n. the time yet to come\nn. a verb tense that expresses actions or states in the future\nn. bulk commodities bought or sold at an agreed price for delivery at a specified future date\na. yet to be or coming,"n. 未来, 将来\na. 将来的, 未来的",,5,1,zk gk ielts,639,654,s:futures
gain,gein,"n. the amount by which the revenue of a business exceeds its cost of operating\nv. obtain advantages, such as points, etc.\nv. increase or develop\nv. earn on some commercial or business transaction; earn as salary or wages","n. 增益, 获得, 利润, 收获, 增加\nvt. 得到, 增进, 赚到\nvi. 获利, 增加\n[计] 增益",,4,1,gk cet4 cet6 ky,1113,1253,d:gained/s:gains/p:gained/i:gaining/3:gains
gale,geil,n. a strong wind moving 45-90 knots; force 7 to 10 on Beaufort scale,"n. 狂风, 大风, 定期租金\n[经] 地租, 年金",,1,,gk toefl ielts gre,8689,12845,s:gales
gallery,'gælәri,n. spectators at a golf or tennis match\nn. a room or series of rooms where works of art are exhibited\nn. a long usually narrow room used for some specific purpose\nn. a covered corridor (especially one extending along the wall of a building and supported with arches or columns),"n. 走廊, 最高楼座, 画廊, 收集, 图库\n[计] 图库",,3,,gk cet4 cet6 ky toefl ielts,1714,3354,s:galleries
gallon,'gælәn,n. United States liquid unit equal to 4 quarts or 3.785 liters\nn. a British imperial capacity measure (liquid or dry) equal to 4 quarts or 4.545 liters,n. 加仑\n[医] 加仑,,2,1,gk cet4 cet6 ky toefl gre,6013,0,s:gallons
game,geim,n. a contest with rules to determine a winner\nn. a single play of a sport or other contest\nn. an amusement or pastime\nn. animal hunted for food or sport,"n. 比赛, 玩耍, 比分, 得胜, 比赛规则, 策略, 游戏, 野味\nvi. 赌博\na. 勇敢的, 有胆量的, 关于野味的, 跛的\n[计] 博弈; 对策",,5,1,zk gk,464,273,s:games/i:gaming/p:gamed/3:games/d:gamed
garage,gә'rɑ:ʒ. 'gærɑ:ʒ,n. an outbuilding (or part of a building) for housing automobiles\nn. a repair shop where cars and trucks are serviced and repaired\nv. keep or store in a garage,"n. 车库, 汽车修理厂, 机库\nvt. 把车送入修车场",,2,1,gk cet4 cet6 ky ielts,3113,3208,s:garages/i:garaging/d:garaged/p:garaged/3:garages
garbage,'gɑ:bidʒ,n. food that is discarded (as from a kitchen)\nn. a receptacle where waste can be discarded,"n. 垃圾, 废物\n[计] 无用信息",,1,1,gk cet4 cet6 ky toefl ielts,12130,3934,
garden,'gɑ:dn,n. a plot of ground where plants are cultivated\nn. the flowers or vegetables or fruits or herbs that are cultivated in a garden\nn. a yard or lawn adjoining a house\nv. work in the garden,"n. 花园, 果园, 菜园\nvi. 栽培花木\nvt. 造园\na. 花园的, 普通的",,4,1,zk gk ielts,700,1043,s:gardens/i:gardening/p:gardened/3:gardens/d:gardened
gardening,'gɑ:dniŋ,n. the cultivation of plants,n. 园艺(学),,,,gk,5625,7049,i:gardening/0:gardening/1:i
garlic,'gɑ:lik,n. bulbous herb of southern Europe widely naturalized; bulb breaks up into separate strong-flavored cloves\nn. aromatic bulb used as seasoning,n. 大蒜\n[化] 大蒜,,2,,gk cet6 ky,6745,2956,
garment,'gɑ:mәnt,n. an article of clothing,"n. 衣服, 衣装, 外表",,2,,gk cet6 ky toefl ielts gre,4822,6112,s:garments/i:garmenting/p:garmented/3:garments/d:garmented
gas,gæs,n. the state of matter distinguished from the solid and liquid states by: relatively low density and viscosity; relatively great expansion and contraction with changes in pressure and temperature; the ability to diffuse readily; and the spontaneous tendency to become distributed uniformly throughout any container\nn. a fluid in the gaseous state having neither independent shape nor volume and being able to expand indefinitely\nv. attack with gas; subject to gas fumes,"n. 气体, 汽油, 瓦斯\n[化] 气体; 煤气; 瓦斯; 毒气",,4,1,gk cet4 ky,1205,1023,s:gases/i:gassing/p:gassed/3:gasses/d:gassed
gate,geit,n. a movable barrier in a fence or wall\nn. a computer circuit with several inputs but only one output that can be activated by particular combinations of inputs\nn. total admission receipts at a sports event\nn. passageway (as in an air terminal) where passengers can embark or disembark,"n. 门, 牌楼, 大门, 通道, 闸\nvt. 装门于\n[计] 门; 栅",,3,1,zk gk,1707,2010,s:gates/p:gated/i:gating/3:gates/d:gated
gather,'gæðә,n. sewing consisting of small folds or puckers made by pulling tight a thread in a line of stitching\nn. the act of gathering something\nv. assemble or get together\nv. conclude from evidence,"n. 集合, 聚集\nvi. 聚集, 集合, 渐增\nvt. 使聚集, 搜集, 积聚",,4,1,gk cet4 cet6 ky,1778,1347,d:gathered/p:gathered/i:gathering/3:gathers
gay,gei,s. full of or showing high-spirited merriment\ns. given to social pleasures often including dissipation\ns. offering fun and gaiety\ns. homosexual or arousing homosexual desires,"a. 欢快的, 艳丽的, 快乐的, 放荡的",,4,,gk cet4 cet6 ky,4231,2056,s:gays
general,'dʒenәrәl,n. a general officer of the highest rank\nn. the head of a religious order or congregation\nn. a fact about the whole (as opposed to particular)\nv. command as a general,"n. 一般, 将军, 大体\na. 全面的, 大体的, 总的, 一般的, 普遍的\nn. 常规\n[计] 常规",,5,1,zk gk cet4 cet6 ky toefl ielts,301,804,s:generals
generation,.dʒenә'reiʃәn,n. group of genetically related organisms constituting a single step in the line of descent\nn. the normal time between successive generations\nn. a stage of technological development or innovation\nn. the production of heat or electricity,"n. 一代, 一世, 产生\n[医] 生殖, 世代",,4,1,gk cet4 cet6 ky gre,1344,1026,s:generations
generous,'dʒenәrәs,a. willing to give and share unstintingly\na. not petty in character and mind\ns. more than adequate,"a. 慷慨的, 有雅量的, 大量的, 丰富的",,3,1,gk cet4 cet6 ky toefl ielts,3178,3886,
gentle,'dʒentl,v. stroke soothingly\ns. soft and mild; not harsh or stern or severe\ns. having or showing a kindly or tender nature\ns. quiet and soothing,"a. 温和的, 文雅的",,3,1,gk cet4 cet6 ky toefl ielts gre,2778,3393,p:gentled/i:gentling/d:gentled/3:gentles
gentleman,'dʒentlmәn,n. a man of refinement,"n. 绅士, 先生",,3,1,zk gk cet4 cet6 ky,1455,2447,s:gentlemen
geography,dʒi'ɒgrәfi,n. study of the earth's surface; includes people's responses to topography and climate and soil and vegetation,"n. 地理学, 地理\n[医] 地理",,2,1,zk gk cet4 cet6 ky ielts,3967,5163,s:geographies
geometry,dʒi'ɒmәtri,n. the pure mathematics of points and lines and curves and surfaces,n. 几何学\n[机] 几何学,,1,,gk cet4 cet6 ky toefl ielts,8997,7851,s:geometries
German,'dʒә:mәn,n. a person of German nationality\nn. the standard German language; developed historically from West Germanic\na. of or pertaining to or characteristic of Germany or its people or language,"n. 德国人, 德语\na. 德国的, 德国人的, 德国语的, 同父母的",,,,gk cet4 cet6 ielts,1017,1823,s:germans
Germany,'dʒә:mәni,n. a republic in central Europe; split into East Germany and West Germany after World War II and reunited in 1990,n. 德国,,,,gk cet4 cet6 ielts,929,0,
gesture,'dʒestʃә,n. motion of hands or body to emphasize or help to express a thought or feeling\nn. the use of movements (especially of the hands) to communicate familiar or prearranged signals\nn. something done as an indication of intention,"n. 手势, 姿态\nvi. 作手势, 作姿态",,3,,zk gk cet4 cet6 ky ielts gre,2883,2969,s:gestures/p:gestured/i:gesturing/3:gestures/d:gestured
get,get,"n. a return on a shot that seemed impossible to reach and would normally have resulted in a point for the opponent\nv. come into the possession of something concrete or abstract\nv. cause to move; cause to be in a certain position or condition\nv. succeed in catching or seizing, especially after a chase","vt. 得到, 获得, 变成, 使得, 收获, 接通, 抓住, 染上\nvi. 到达, 成为, 变得\nn. (网球等)救球, 生殖, 幼兽\n[计] 取得指令, 获取文件",,5,1,zk gk ielts,41,39,d:got/p:got/i:getting/3:gets
gift,gift,n. something acquired without compensation,"n. 礼物, 赠予, 天才\nvt. 赋予",,3,1,zk gk,1914,1382,s:gifts/p:gifted/d:gifted/i:gifting/3:gifts
gifted,'giftid,v give qualities or abilities to\nv give as a present; make a gift of\na endowed with talent or talents,a. 有天才的,,1,,gk toefl,8603,3237,0:gift/1:pd/d:gifted/p:gifted
giraffe,dʒi'rɑ:f,n. tallest living quadruped; having a spotted coat and small horns and very long neck and legs; of savannahs of tropical Africa,"n. 长颈鹿, 鹿豹座",,,,zk gk,20489,15421,s:giraffes
girl,gә:l,n. a young woman\nn. a friendly informal reference to a grown woman,"n. 女孩, 少女, 女佣",,5,1,zk gk,362,363,s:girls
give,giv,"n. the elasticity of something that can be stretched and returns to its original length\nv. cause to have, in the abstract sense or physical sense\nv. transfer possession of something concrete or abstract to somebody\nv. convey or reveal information","n. 弹性, 适应性\nvt. 给, 授予, 供给, 产生, 发表, 付出, 献出, 让出\nvi. 捐赠, 支持不住, 让步",,5,1,zk gk ielts,71,98,d:given/p:gave/i:giving/3:gives
glad,glæd,a. showing or causing joy and pleasure; especially made happy\ns. eagerly disposed to act or to be of service\ns. feeling happy appreciation,"a. 高兴的, 喜欢的, 情愿的",,3,1,zk gk,2185,2269,r:gladder
glance,'glɑ:ns,n. a quick look\nv. throw a glance at; take a brief look at\nv. hit at an angle,"n. 一瞥, 闪光, 掠过, 辉矿类\nvi. 扫视, 闪光, 掠过, 提到, 略说\nvt. 扫视, 反射, 使掠过",,3,,gk cet4 cet6 ky gre,2192,2417,p:glanced/i:glancing/s:glances/3:glances/d:glanced
glare,glєә,n. a light within the field of vision that is brighter than the brightness to which the eyes are adapted\nn. an angry stare\nv. be sharply reflected\nv. shine intensely,"n. 闪耀光, 刺眼\nvi. 发眩光, 瞪视\nvt. 瞪眼表示",,2,,gk cet4 cet6 ky toefl ielts gre,5510,6371,p:glared/i:glaring/3:glares/s:glares/d:glared
glass,glɑ:s,n. a brittle transparent solid with irregular atomic structure\nn. a container for holding liquids while drinking\nn. the quantity a glass will hold\nn. glassware collectively,"n. 玻璃, 玻璃杯, 透镜\nvt. 装玻璃于, 反射, 反映\nvi. 成玻璃状",,4,1,zk gk ielts,844,820,s:glasses/i:glassing/p:glassed/3:glasses/d:glassed
glasshouse,'glɑ:shaus,n a building with glass walls and roof; for the cultivation and exhibition of plants under controlled conditions,"n. 温室, 玻璃工场, 禁闭房",,,,gk,22763,39029,s:glasshouses
globe,glәub,n. a sphere on which a map (especially of the earth) is represented,"n. 球, 球状物, 地球仪, 天体\nv. (使)成球状",,2,,gk cet4 cet6 ky,6872,4735,s:globes/p:globed
glory,'glɒ:ri,n. a state of high honor\nn. brilliant radiant beauty\nv. rejoice proudly,"n. 光荣, 荣耀, 荣誉, 壮丽, 繁荣\nvi. 自豪",,2,,gk cet4 cet6 ky,3797,4113,s:glories/p:gloried/i:glorying/3:glories/d:gloried
glove,glʌv,n. handwear: covers the hand and wrist,n. 手套\nvt. 给...戴手套,,2,1,zk gk cet4 cet6 ky,4535,3095,s:gloves/i:gloving
glue,glu:,n. cement consisting of a sticky substance that is used as an adhesive\nv. join or attach with or as if with glue\nv. be fixed as if by glue,"n. 胶, 粘性物\nvt. 粘合, 胶合",,2,1,gk cet4 cet6 ky toefl ielts,7883,7268,d:glued/p:glued/s:glues/i:gluing/3:glues
go,gou,n. a time for working (after which you will be relieved by someone else)\nn. a board game for two players who place counters on a grid; the object is to surround and so capture the opponent's counters\nv. follow a procedure or take a course\nv. move away from a place into another direction,"vi. 去, 走, 达到, 运转, 查阅, 消失, 结束, 放弃, 花费, 流传, 趋于, 打算, 剩下\nvt. 以...打赌, 对付, 忍受, 出产, 为被捕者出(保释金)\nn. 去, 尝试, 进行",,5,1,zk gk ielts,44,35,i:going/p:went/d:gone/3:goes
goal,gәul,n. the state of affairs that a plan is intended to achieve and that (when achieved) terminates behavior intended to achieve it\nn. game equipment consisting of the place toward which players of a game try to advance a ball or puck in order to score points\nn. a successful attempt at scoring,"n. 目标, 终点, 得分, 球门, 守门员\nvi. 攻门, 射门得分",,4,1,gk cet4 cet6 ky toefl ielts,930,681,s:goals
goat,gәut,n. any of numerous agile ruminants related to sheep but having a beard and straight horns,"n. 山羊, 替罪羊, 色鬼",,2,,zk gk cet4 cet6 ky,5117,4674,s:goats/d:goat/0:goat/1:d
God,^ɔd,n. the supernatural being conceived as the perfect and omnipotent and omniscient originator and ruler of the universe; the object of worship in monotheistic religions\nn. a man of such superior qualities that he seems like a deity to other people,"n. 上帝, 神像, 偶像\nvt. 使神化",,4,1,zk gk cet4 ky,492,2809,s:gods
gold,gәuld,n. coins made of gold\nn. a soft yellow malleable ductile (trivalent and univalent) metallic element; occurs mainly as nuggets in rocks and alluvial deposits; does not react with most chemicals but is attacked by chlorine and aqua regia\nn. great wealth\nn. something likened to the metal in brightness or preciousness or superiority etc.,"n. 黄金, 钱财, 金块, 金色, 宝贵\na. 金的, 似金的, 金色的, 金制的",,4,1,zk gk cet4 ky ielts,1278,1256,s:golds/i:golding
golden,'gәuldn,s. marked by peace and prosperity\ns. suggestive of gold\ns. presaging or likely to bring good luck,"a. 金的, 含金的, 金色的, 贵重的, 繁盛的\n[法] 金制的, 金色的, 兴隆的",,3,,zk gk cet4 cet6 ky,2240,1821,
goldfish,'gәuldfiʃ,n. small golden or orange-red freshwater fishes of Eurasia used as pond or aquarium fishes,n. 金鱼,,1,,gk,10625,16320,s:goldfishes
golf,gɒlf,n. a game played on a large open course with 9 or 18 holes; the object is use as few strokes as possible in playing all the holes\nv. play golf,n. 高尔夫球\nvi. 打高尔夫球,,3,,gk cet4 cet6 ky ielts,2501,1801,s:golfs/i:golfing/p:golfed/3:golfs/d:golfed
good,gud,n. benefit\nn. moral excellence or admirableness\nn. that which is pleasing or valuable or useful\na. having desirable or positive qualities especially those suitable for a thing specified,"n. 善行, 好处, 利益\na. 好的, 优良的, 上等的, 愉快的, 有益的, 好心的, 慈善的, 虔诚的",,5,1,zk gk ielts,73,110,t:best/r:better
goodness,'gudnis,n that which is pleasing or valuable or useful\nn moral excellence or admirableness,"n. 仁慈, 善良",,2,,gk cet4 cet6 ky,4367,5155,
goods,guds,n benefit\nn moral excellence or admirableness\nn that which is pleasing or valuable or useful\nn articles of commerce,"n. 货物\n[经] 货物, 商品, 动产",,4,1,gk cet4 cet6 ky ielts,995,0,s:goods/0:goods/1:s
goose,gu:s,n. web-footed long-necked typically gregarious migratory aquatic birds usually larger and less aquatic than ducks\nn. flesh of a goose (domestic or wild)\nv. pinch in the buttocks\nv. prod into action,"n. 鹅, 雌鹅, 鹅肉, 弯把熨斗\nvt. 与...性交, 突然加大油门, 使生色, 喝倒彩",,2,,zk gk cet4 cet6 ky,6076,5529,s:geese/d:goosed/p:goosed/i:goosing/3:gooses
govern,'gʌvәn,"v. direct or strongly influence the behavior of\nv. exercise authority over; as of nations\nv. require to be in a certain grammatical case, voice, or mood","v. 统治, 支配, 管理",,3,1,gk cet4 cet6 ky toefl,3050,3711,d:governed/i:governing/3:governs/p:governed
government,'gʌvәnmәnt,n. the organization that is the governing authority of a political unit\nn. the act of governing; exercising authority\nn. (government) the system or form by which a community or other political unit is governed,"n. 政府, 内阁\n[经] 政府, 政治, 政体",,5,1,zk gk cet4 cet6 ky ielts,124,201,s:governments
gown,gaun,"n. a woman's dress, usually with a close-fitting bodice and a long flared skirt, often worn on formal occasions\nn. the members of a university as distinguished from the other residents of the town in which the university is located\nn. protective garment worn by surgeons during operations\nn. outerwear consisting of a long flowing garment used for official or ceremonial occasions","n. 睡衣, 法衣, 大学全体师生\nvt. 使穿睡衣",,2,,gk cet4 cet6 ky ielts,5811,5262,s:gowns/i:gowning/p:gowned/3:gowns/d:gowned
grade,greid,n. a relative position or degree of value in a graded group\nn. the gradient of a slope or road or other surface\nn. a degree of ablaut\nn. the height of the ground on which something stands,"n. 等级, 年级, 阶段, 成绩, 程度, 坡度, 斜坡\nvt. 分等, 分级, 评分\nvi. 属于某等级, 逐渐变化",,3,1,zk gk ielts,2822,1426,s:grades/d:graded/p:graded/i:grading/3:grades
gradually,'grædʒuәli,r. in a gradual manner,adv. 逐渐地,,,1,gk cet4 cet6,2325,2961,
graduate,'grædʒueit,n. a measuring instrument for measuring fluid volume; a glass container (cup or cylinder or flask) whose sides are marked with or divided into amounts\nv. receive an academic degree upon completion of one's studies\nv. confer an academic degree upon\ns. of or relating to studies beyond a bachelor's degree,"n. 毕业生, 量杯\na. 已得学位的, 研究生的, 毕业的\nvi. 毕业, 得学位, 逐渐变为\nvt. 准予...毕业, 授予...学位, 分等级, 刻刻度",,3,,gk cet4 cet6 ky toefl,3693,2115,s:graduates/p:graduated/i:graduating/d:graduated/3:graduates
graduation,.grædʒu'eiʃәn,n. the successful completion of a program of study\nn. a line (as on a vessel or ruler) that marks a measurement,"n. 毕业, 得学位, 分划, 刻度, 分等级\n[医] 刻度, 分度, 毕业",,1,,gk,15296,4759,s:graduations
grain,grein,n. a relatively small granular particle of a substance\nn. foodstuff prepared from the starchy grains of cereal grasses\nn. the side of leather from which the hair has been removed\nn. a weight unit used for pearls or diamonds: 50 mg or 1/4 carat,"n. 谷粒, 颗粒, 谷类, 纹理, 本质\nv. (使)成谷粒",,3,1,gk cet4 cet6 ky toefl ielts gre,3226,3222,s:grains/d:grained/p:grained/i:graining/3:grains
gram,græm,n. a metric unit of weight equal to one thousandth of a kilogram\nn. Danish physician and bacteriologist who developed a method of staining bacteria to distinguish among them (1853-1938),"n. 克, 绿豆, 鹰嘴豆\n[医] 克",,2,1,gk,9092,0,s:grams
grammar,'græmә,n. the branch of linguistics that deals with syntax and morphology (and sometimes also deals with semantics),"n. 语法学, 入门书\n[计] 语法检查",,2,1,zk gk cet4 cet6 ky ielts,2979,8367,s:grammars
grand,grænd,s. large and impressive in physical size or extent\ns. the most important and magnificent in adornment,"a. 庄重的, 壮观的, 显赫的, 重大的, 最高的, 雄伟的, 宏大的, 豪华的, 傲慢的\n[法] 重大的, 主要的, 伟大的",,4,1,gk cet4 cet6 ky toefl ielts,1851,2237,r:grander/t:grandest/s:grands
grandchild,'^rændtʃaild,n. a child of your son or daughter,"n. 孙, 外孙女, 外孙, 孙女, 孙子",,2,1,zk gk,19714,4393,
granddaughter,'^rændɔ:tә(r),n. a female grandchild,"n. 孙女, 外孙女",,1,1,zk gk cet4 cet6,11766,8528,s:granddaughters
grandparents,,n a parent of your father or mother,n. 外祖父母；祖父母（grandparent的复数）,,,,gk,0,0,0:grandparent/1:s
grandson,'grændsʌn,n. a male grandchild,"n. 孙子, 外孙",,1,1,zk gk cet4 cet6,6942,6641,s:grandsons
granny,'^ræni,n. an old woman,"n. 奶奶, 老奶奶, 老婆婆, 外婆, 婆婆妈妈的人, 唠叨挑剔的人, 接生婆",,1,,zk gk,7205,18824,s:grannies
grape,greip,n. any of various juicy fruit of the genus Vitis with green or purple skins; grow in clusters\nn. any of numerous woody vines of genus Vitis bearing clusters of edible berries,"n. 葡萄, 葡萄树\n[医] 葡萄",,2,,zk gk cet4 cet6 ky,6533,4764,s:grapes
graph,græf,n. a visual representation of the relations between certain quantities plotted with reference to a set of axes\nv. represent by means of a graph\nv. plot upon a graph,"n. 曲线图, 图表, 图形\n[计] 图形",,1,,gk cet4 cet6 ky toefl ielts,4596,26137,s:graphs/i:graphing/p:graphed/3:graphs/d:graphed
grasp,græsp,v. hold firmly,"n. 把握, 抓紧, 理解, 抓, 柄, 控制\nvt. 抓住, 紧握, 领会\nvi. 抓",,2,,gk cet4 cet6 ky toefl,3973,4181,p:grasped/d:grasped/i:grasping/3:grasps
grass,græs,"n. narrow-leaved green herbage: grown as lawns; used as pasture for grazing animals; cut and dried as hay\nn. German writer of novels and poetry and plays (born 1927)\nv. shoot down, of birds\nv. cover with grass","n. 草, 草原, 牧场\n[医] 草, 禾本",,3,1,zk gk ielts,2003,2014,s:grasses/p:grassed/d:grassed/i:grassing/3:grasses
grateful,'greitful,a. feeling or showing gratitude\ns. affording comfort or pleasure,"a. 感谢的, 感激的, 令人快意的, 受欢迎的",,2,1,gk cet4 cet6 ky toefl gre,2887,3672,
gravity,'græviti,n. (physics) the force of attraction between all masses in the universe; especially the attraction of the earth's mass for bodies near its surface\nn. a solemn and dignified feeling,"n. 地心引力, 重力\n[化] 重力",,2,,gk cet4 cet6 ky toefl ielts gre,4956,3956,s:gravities
great,greit,n. a person who has achieved distinction and honor in some field\ns. relatively large in size or number or extent; larger than others of its kind\ns. of major significance or importance\ns. remarkable or out of the ordinary in degree or magnitude or effect,"a. 大的, 非常的, 主要的, 重大的, 崇高的, 伟大的\nadv. 顺利地, 得意地\nn. 全部, 大人物, 大师",,5,1,zk gk,129,160,r:greater/t:greatest/s:greats
Greece,gri:s,n. a republic in southeastern Europe on the southern part of the Balkan peninsula; known for grapes and olives and olive oil\nn. ancient Greece; a country of city-states (especially Athens and Sparta) that reached its peak in the fifth century BCE,n. 希腊,,,,gk ielts,3964,0,
greedy,'gri:di,s. wanting to eat or drink more than one can reasonably consume,"a. 贪婪的, 贪得的, 贪吃的",,,,gk cet4 cet6 ky toefl ielts,8585,8908,r:greedier/t:greediest
Greek,gri:k,n. the Hellenic branch of the Indo-European family of languages\nn. a native or inhabitant of Greece\na. of or relating to or characteristic of Greece or the Greeks or the Greek language,"n. 希腊人, 希腊语\na. 希腊的, 希腊人的\n[计] 希腊",,,,gk cet4 cet6,35822,4063,s:greeks
green,gri:n,n. green color or pigment; resembling the color of growing grass\nn. United States labor leader who was president of the American Federation of Labor from 1924 to 1952 and who led the struggle with the Congress of Industrial Organizations (1873-1952)\nn. an environmentalist who belongs to the Green Party\nn. a river that rises in western Wyoming and flows southward through Utah to become a tributary of the Colorado River,"n. 绿色, 绿色颜料\na. 绿色的, 未成熟的, 新鲜的, 青春的, 无经验的, 脸色发青的",,5,1,zk gk ielts gre,985,890,s:greens/r:greener/t:greenest
greengrocer,'gri:ngrәusә,n. a grocer who sells fresh fruits and vegetables,"n. 蔬菜水果商, 菜贩",,,,gk,20056,31343,s:greengrocers
greet,gri:t,v. express greetings upon meeting someone\nv. send greetings to\nv. react to in a certain way\nv. be perceived by,"vt. 问候, 致敬, 欢迎, 映入眼帘",,2,,gk cet4 cet6 ky,3303,3475,d:greeted/p:greeted/i:greeting/3:greets
greeting,'gri:tiŋ,n. (usually plural) an acknowledgment or expression of good will (especially on meeting),"n. 祝贺, 问候",,1,,zk gk cet4 cet6 ky,6498,6324,0:greet/1:i/s:greetings/i:greeting
grill,gril,n. a framework of metal bars used as a partition or a grate\nv. cook over a grill\nv. examine thoroughly,"n. 烤架, 铁格子, 烤肉\nv. 烧, 烤, 严加盘问, 给...装栅栏",,2,,gk ielts gre,9117,5395,i:grilling/s:grills/d:grilled/p:grilled/3:grills
grocer,'grәusә,n. a retail merchant who sells foodstuffs (and some household supplies),n. 食品商,,1,,gk cet4 cet6 ky,11854,14410,s:grocers
ground,graund,"n. a position to be won or defended in battle (or as if in battle)\nn. a relatively homogeneous percept extending back of the figure on which attention is focused\nn. a connection between an electrical device and a large conducting body, such as the earth (which is taken to be at zero voltage)\nn. (art) the surface (as a wall or canvas) prepared to take the paint for a painting","n. 土地, 战场, 场地, 地面, 范围\na. 土地的, 地面上的\nvt. 放在地上, 使搁浅, 打基础, 给...以训练\nvi. 搁浅, 落地, 根据, 基于\na. 磨过的\ngrind的过去式和过去分词",,5,1,zk gk ielts,455,522,s:grounds/d:grounded/p:grounded/0:grind/1:dp/i:grinding/3:grinds
group,gru:p,"n. any number of entities (members) considered as a unit\nn. (chemistry) two or more atoms bound together as a single unit and forming part of a molecule\nn. a set that is closed, associative, has an identity element and every element has an inverse\nv. arrange into a group or groups","n. 团体, 组, 团, 群\nv. 聚合, 成群\n[计] 创建组; 组, 用户组",,5,1,zk gk ielts gre,142,163,s:groups/d:grouped/p:grouped/i:grouping/3:groups
grow,grәu,"v. become larger, greater, or bigger; expand or gain\nv. increase in size by natural process\nv. cause to grow or develop\nv. cultivate by growing, often involving improvements by means of agricultural techniques","vt. 种植, 使长满\nvi. 生长, 变成, 发展",,5,1,zk gk,524,353,p:grew/d:grown/i:growing/3:grows
growth,grәuθ,n. (biology) the process of an individual organism growing organically; a purely biological unfolding of events involved in an organism changing gradually from a simple to a more complex level\nn. a progression from simpler to more complex forms\nn. vegetation that has grown\nn. (pathology) an abnormal proliferation of tissue (as in a tumor),"n. 生长, 栽培, 增长\n[计] 等比级数",,4,1,gk cet4 cet6 ky ielts,770,787,s:growths
gruel,'gru:әl,n. a thin porridge (usually oatmeal or cornmeal),"n. 稀粥\nvt. 使极度疲劳, 惩罚",,,,gk,36700,25887,
guarantee,.gærәn'ti:,n. a written assurance that some product or service will be provided or will meet certain specifications\nn. an unconditional commitment that something will happen or that something is true\nn. a collateral agreement to answer for the debt of another in case that person defaults\nv. give surety or assume responsibility,"n. 担保, 抵押品, 保证书\nvt. 保证, 担保",,4,1,gk cet4 cet6 ky toefl ielts gre,2525,2774,d:guaranteed/s:guarantees/3:guarantees/i:guaranteeing/p:guaranteed
guard,gɑ:d,n. a person who keeps watch over something or someone\nn. the person who plays that position on a football team\nn. a device designed to prevent injury or accidents\nn. a posture of defence in boxing or fencing,"n. 守卫者, 警戒, 护卫队, 防护装置\nvt. 保卫, 看守, 当心\nvi. 防止, 警惕, 警卫, 看守",,4,1,zk gk cet4 cet6 ky,2247,1284,s:guards/d:guarded/i:guarding/3:guards/p:guarded
guess,ges,"n. a message expressing an opinion based on incomplete evidence\nn. an estimate based on little or no information\nv. put forward, of a guess, in spite of possible refutation\nv. guess correctly; solve by guessing","n. 猜测, 臆测\nv. 猜测, 臆测",,4,1,zk gk,2218,862,p:guessed/d:guessed/i:guessing/s:guesses/3:guesses
guest,gest,n. a visitor to whom hospitality is extended\nn. United States journalist (born in England) noted for his syndicated homey verse (1881-1959)\nn. a customer of a hotel or restaurant etc.,"n. 客人, 来宾, 旅客\n[化] 客体",,4,1,zk gk ielts,1649,1310,s:guests/i:guesting
guidance,'gaidns,n. something that provides direction or advice as to a decision or course of action\nn. the act of guiding or showing the way,"n. 指导, 领导\n[医] 导",,2,,gk cet4 cet6 ky ielts,2601,3869,
guide,gaid,n. someone who shows the way by leading or advising\nn. a structure or marking that serves to direct the motion or positioning of something\nv. be a guiding or motivating force or drive\nv. use as a guide,"n. 引导者, 导游, 指南, 路标\nvt. 指导, 支配, 管理, 带领, 操纵\nvi. 任向导\n[计] 辅助线",,4,1,gk cet4 cet6 ky ielts,1645,1779,s:guides/d:guided/p:guided/3:guides/i:guiding
guilty,'gilti,a. responsible for or chargeable with a reprehensible act\ns. showing a sense of guilt,"a. 犯罪的, 有过失的, 自觉有错的, 心虚的\n[法] 有罪的, 犯罪的, 自觉有罪的",,3,1,gk cet4 cet6 ky gre,2126,2061,
guitar,gi'tɑ:,n. a stringed instrument usually having six strings; played by strumming or plucking,n. 吉他,,3,,zk gk cet6 ky ielts,2516,3658,s:guitars
gun,gʌn,n. a weapon that discharges a missile at high velocity (especially from a metal tube or barrel)\nn. the discharge of a firearm as signal or as a salute in military ceremonies\nv. shoot with a gun,n. 枪\n[医] 枪,,4,1,zk gk cet4 cet6 ky,1706,840,s:guns/d:gunned/i:gunning/p:gunned/3:guns
gymnastics,dʒim'næstiks,n. a sport that involves exercises intended to display strength and balance and agility,"n. 体操, 体育\n[医] 体操, 体育",,1,,gk toefl,22030,10424,
ha,hɑ:,n (astronomy) the angular distance of a celestial point measured westward along the celestial equator from the zenith crossing; the right ascension for an observer at a particular location and time of day,"interj. 嘿, 哈, 哈哈",,1,,gk,2731,4798,
habit,'hæbit,n. an established custom\nn. (psychology) an automatic pattern of behavior in reaction to a specific situation; may be inherited or acquired through frequent repetition\nn. a distinctive attire worn by a member of a religious order\nn. the general form or mode of growth (especially of a plant or crystal),"n. 习惯, 嗜好, 习性\nvt. 使穿衣",,3,1,zk gk cet4 cet6 ky ielts,2239,2308,s:habits/i:habiting/p:habited/3:habits/d:habited
hair,hєә,n. a covering for the body (or parts of it) consisting of a dense growth of threadlike structures (as on the human head); helps to prevent heat loss\nn. filamentous hairlike growth on a plant\nn. any of the cylindrical filaments characteristically growing from the epidermis of a mammal\nn. a filamentous projection or process on an organism,"n. 头发, 毛发, 些微\n[医] 毛, 发",,4,1,zk gk,668,602,s:hairs
haircut,'hєәkʌt,n. the style in which hair has been cut\nn. the act of cutting the hair,"n. 理发, (男子的)发式",,1,,gk cet4 cet6,12035,8476,s:haircuts/i:haircutting
half,hɑ:f,n. one of two divisions into which some games or performances are divided: the two divisions are separated by an interval\ns. consisting of one of two equivalent parts in value or quantity\ns. partial\na. (of siblings) related through one parent only,"n. 一半, 半场, 不完全\na. 一半的, 不完全的, 部分的, 半场的\nadv. 一半地, 部分地, 在某种程度上地, 几乎",,5,1,zk gk,470,547,s:halves
hall,hɒ:l,n. a large room for gatherings or entertainment\nn. English writer whose novel about a lesbian relationship was banned in Britain for many years (1883-1943)\nn. United States child psychologist whose theories of child psychology strongly influenced educational psychology (1844-1924)\nn. United States chemist who developed an economical method of producing aluminum from bauxite (1863-1914),"n. 门厅, 走廊, 会堂",,3,1,zk gk cet4 cet6 ky toefl ielts,800,1839,s:halls/i:halling
ham,hæm,n. meat cut from the thigh of a hog (usually smoked)\nn. (Old Testament) son of Noah\nn. a licensed amateur radio operator\nn. an unskilled actor who overacts,"n. 火腿, 后腿, 笨拙演员\na. 过火的, 做作的\nv. 演得过火",,2,,zk gk cet6 ky toefl,6147,6170,s:hams/i:hamming/p:hammed/3:hams/d:hammed
hamburger,'hæmbә:gә,"n. a sandwich consisting of a fried cake of minced beef served on a bun, often with other ingredients","n. 汉堡(德国港口), 肉饼, 汉堡包, 纯精牛肉, 汉堡牛排",,1,,zk gk cet4 cet6 ky toefl,14356,7483,s:hamburgers
hammer,'hæmә,n. the part of a gunlock that strikes the percussion cap when the trigger is pulled\nn. a hand tool with a heavy rigid head and a handle; used to deliver an impulsive force by striking\nn. a heavy metal sphere attached to a flexible wire; used in the hammer throw\nn. a striker that is covered in felt and that causes the piano strings to vibrate,"n. 锤, 铁锤, 钉锤\nvt. 锤打, 敲打, 钉\nvi. 连续锤打\n[计] 锤头",,2,1,gk cet4 cet6 ky toefl gre,4955,6231,i:hammering/s:hammers/p:hammered/d:hammered/3:hammers
hand,hænd,n. the (prehensile) extremity of the superior limb\nn. ability\nn. a position given by its location to the side of an object\nn. the cards held in a card game by a given player at any given time,"n. 手, 爪, 指针, 掌握, 协助, 人手, 手艺, 手迹, 支配, 插手\nvt. 交给, 支持, 搀扶",,4,1,zk gk ielts,163,174,s:hands/p:handed/d:handed/i:handing/3:hands
handbag,'hændbæg,n a container used for carrying money and small personal items or accessories (especially by women),n. 手提包,,1,,zk gk,7266,11790,s:handbags/d:handbagged
handful,'hændful,n. a small number or amount\nn. the quantity that can be held in the hand,"n. 少数, 一把, 棘手事",,2,,gk cet4 cet6 ky toefl,4262,3109,s:handfuls
handkerchief,'hæŋkәtʃif,n. a square piece of cloth used for wiping the eyes or nose or as a costume accessory,"n. 手帕, 头巾, 围巾",,1,,gk cet4 cet6 ky,6708,8487,s:handkerchiefs
handle,hændl,"n. the appendage to an object that is designed to be held in order to use or move it\nv. touch, lift, or hold with the hands\nv. show and train","n. 柄, 把手, 把柄, 柄状物, 手感\nvt. 触摸, 运用, 买卖, 处理, 操作\nvi. 搬运, 易于操纵\nn. 句柄\n[计] 句柄",,4,1,gk cet4 cet6 ky toefl gre,1576,1238,d:handled/i:handling/p:handled/s:handles/3:handles
handsome,'hænsәm,s pleasing in appearance especially by reason of conformity to ideals of form and proportion\ns given or giving freely,"a. 英俊的, 大方的, 慷慨的, 相当可观的, 美观的, 灵敏的",,2,,zk gk cet4 cet6 ky ielts,4033,3838,t:handsomest/r:handsomer
handtruck,'hændtrʌk,,"n. 手推车,手推运货车",,,,gk,0,0,
handwriting,'hændraitiŋ,n. something written by hand\nn. the activity of writing by hand,n. 笔迹,,1,,zk gk cet4 cet6 ky,7825,9204,s:handwritings
handy,'hændi,n. United States blues musician who transcribed and published traditional blues music (1873-1958)\ns. easy to reach\ns. easy to use\ns. skillful with the hands,"a. 便利的, 敏捷的, 容易取得的\n[化] 便于使用的; 易操作的",,2,,gk cet4 cet6 ky toefl ielts,5980,6380,r:handier/s:handies
hang,hæŋ,n. the way a garment hangs\nn. a gymnastic exercise performed on the rings or horizontal bar or parallel bars when the gymnast's weight is supported by the arms\nv. be suspended or hanging\nv. cause to be hanging or suspended,"n. 悬挂, 诀窍, 意义\nvt. 悬挂, 附着, 装饰, 垂下, 踌躇, 绞死, 使悬而未决\nvi. 悬着, 垂下, 被绞死, 悬而不决",,4,1,zk gk cet4 cet6 ky toefl ielts,1069,867,i:hanging/p:hung/d:hung/3:hangs
happen,'hæpәn,"v. come to pass\nv. happen, occur, or be the case in the course of events or by chance\nv. chance to be or do something, without intention or causation\nv. come into being; become reality","vi. 发生, 发生, 恰巧",,5,1,zk gk cet4 ky,275,216,p:happened/3:happens/d:happened/i:happening
happily,'hæpili,r. in a joyous manner\nr. in an unexpectedly lucky way,"adv. 幸福地, 快乐地, 幸好",,1,1,gk,3821,4708,
happiness,'hæpinis,n. state of well-being characterized by emotions ranging from contentment to intense joy\nn. emotions experienced when in a state of well-being,"n. 快乐, 幸运, 适当",,,1,gk cet4,3979,3870,s:happinesses
happy,'hæpi,a. enjoying or showing or marked by joy or pleasure\ns. well expressed and to the point,"a. 快乐的, 幸福的, 愉快的, 恰当的",,4,1,zk gk,777,747,r:happier/t:happiest
harbour,'hɑ:bә,"n a sheltered port where ships can take on or discharge cargo\nn a place of refuge and comfort and security\nv secretly shelter (as of fugitives or criminals)\nv keep in one's possession; of animals\nv hold back a thought or feeling about\nv maintain (a theory, thoughts, or feelings)","n. 港, 避难所\nv. 庇护, 藏匿, (使)入港停泊",,3,,gk cet4 cet6 ielts,3526,36866,i:harbouring/s:harbours/p:harboured/3:harbours/d:harboured
hard,hɑ:d,a. dispassionate; \na. resisting weight or pressure\ns. very strong or vigorous\na. (of light) transmitted directly from a pointed light source,"a. 坚硬的, 硬的, 难的, 艰苦的, 困难的, 坚固的, 猛烈的, 艰难的, 结实的, 确实的\nadv. 坚硬地, 努力地, 辛苦地, 接近地, 猛烈地, 牢固地",,5,1,zk gk ielts,573,438,r:harder/t:hardest
hardly,'hɑ:dli,r. almost not,"adv. 刚刚, 几乎不, 勉强是",,4,1,zk gk cet4 cet6 ky toefl,1135,1741,
hardship,'hɑ:dʃip,n. something that causes or entails suffering,"n. 艰难, 辛苦, 苦难\n[法] 受苦, 吃苦, 苦难",,2,,gk cet4 cet6 ky toefl,6378,6922,s:hardships
hardworking,'hɑ:d.wә:kiŋ,s. characterized by hard work and perseverance,"a. 苦干的, 不辞辛劳的",,,,gk,18992,0,
harm,hɑ:m,v. cause or do harm to,"n. 伤害, 害处\nvt. 伤害, 损害",,3,1,gk cet4 cet6 ky toefl,3189,3651,d:harmed/i:harming/s:harms/3:harms/p:harmed
harmful,'hɑ:mful,a. causing or capable of causing harm,"a. 有害的, 伤害的",,2,1,gk cet4 cet6 toefl ielts,6454,5809,
harmless,'hɑ:mlis,a. not causing or capable of causing harm,"a. 无害处的, 未受损害的, 无辜的, 无恶意的\n[法] 无害的, 无恶意的, 无损害的",,2,1,gk toefl,6985,7615,
harmony,'hɑ:mәni,n. compatibility in opinion and action\nn. the structure of music with respect to the composition and progression of chords\nn. a harmonious state of things in general and of their properties (as of colors and sounds); congruity of parts with one another and with the whole\nn. agreement of opinions,"n. 协调, 和睦, 调和\n[电] 和声学",,2,,gk cet4 cet6 ky toefl ielts gre,4697,4669,s:harmonies
harvest,'hɑ:vist,"n. the consequence of an effort or activity\nn. the gathering of a ripened crop\nn. the season for gathering crops\nv. remove from a culture or a living or dead body, as for the purposes of transplantation","n. 收获, 成果, 收获物, 收获期\nv. 收割, 收获",,2,,gk cet4 cet6 ky toefl,5250,4839,d:harvested/i:harvesting/s:harvests/p:harvested/3:harvests
hat,hæt,n. headdress that protects the head from bad weather; has shaped crown and usually a brim\nn. an informal term for a person's role\nv. put on or wear a hat\nv. furnish with a hat,n. 帽子\nvt. 给...戴帽子,,3,1,zk gk ielts,2209,2015,s:hats/p:hatted/i:hatting/3:hats/d:hatted
hatch,hætʃ,n. the production of young from an egg\nn. shading consisting of multiple crossing lines\nn. a movable barrier covering a hatchway\nv. emerge from the eggs,"n. 孵化, 舱口\nvt. 孵, 孵出, 策划\nvi. 孵化",,2,,gk cet4 cet6 ky toefl ielts gre,7882,7365,d:hatched/i:hatching/s:hatches/p:hatched/3:hatches
hate,heit,n. the emotion of intense dislike; a feeling of dislike so strong that it demands action\nv. dislike intensely; feel antipathy or aversion towards,"n. 憎恨, 恨, 厌恶\nvt. 憎恨, 憎恶\nvi. 仇恨",,3,1,zk gk cet4 cet6 ky,1839,1526,p:hated/3:hates/i:hating/d:hated
have,hæv,"v. have or possess, either in a concrete or an abstract sense\nv. have as a feature\nv. have a personal or business relationship with someone\nv. have left","vt. 有, 怀有, 拿, 进行\naux. 已经",,5,1,zk gk,8,8,i:having/p:had/3:has/d:had
hawk,hɒ:k,n. diurnal bird of prey typically having short rounded wings and a long tail\nn. an advocate of an aggressive policy on foreign relations\nv. hunt with hawks,"n. 鹰, 掠夺者, 鹰派成员\nvi. 放鹰行猎, 像鹰一般地袭击, 清嗓, 咳嗽\nvt. 捕捉, 咳出, 兜售, 叫卖, 散播",,2,,gk cet4 cet6 ky ielts gre,9990,7924,s:hawks/i:hawking/p:hawked/d:hawked/3:hawks
hay,hei,n. grass mowed and cured for use as fodder\nv. convert (plant material) into hay,"n. 干草\nvt. 制干草, 供给干草\nvi. 晒干草",,1,,gk cet4 cet6 ky toefl,6529,7184,s:hays/i:haying/p:hayed/3:hays/d:hayed
he,hi:,n. the 5th letter of the Hebrew alphabet,"pron. 他\nn. 男孩, 男人, 雄性动物",,5,1,zk gk,11,15,
head,hed,n. the upper part of the human body or the front part of the body in animals; contains the face and brains\nn. a single domestic animal\nn. a person who is in charge\nn. the front of a military formation or procession,"n. 头, 头脑, 领袖, 脑袋, 最前的部分\nvt. 为首, 朝向, 前进, 用头顶\nvi. 朝特定方向行进, (作物)结穗\na. 头的, 在顶端的, 主要的\n[计] 磁头; 冲头",,5,1,zk gk toefl,209,251,s:heads/i:heading/d:headed/p:headed/3:heads
headache,'hedeik,n. pain in the head caused by dilation of cerebral arteries or muscle contractions or a reaction to drugs,"n. 头痛, 令人头痛之事\n[医] 头痛",,2,1,zk gk cet4 cet6 ky ielts,5005,4745,s:headaches
headline,'hedlain,"n. the heading or caption of a newspaper article\nv. publicize widely or highly, as if with a headline\nv. provide (a newspaper page or a story) with a headline","n. 大标题, 新闻摘要\nvt. 为...做标题, 写标题",,3,,gk cet4 cet6 ky,4488,3293,s:headlines/p:headlined/i:headlining/d:headlined/3:headlines
headmaster,'hed'mɑ:stә,n. presiding officer of a school,"n. (中小学)校长, 监工",,1,,gk cet4 cet6 ky ielts,4787,16726,s:headmasters
headmistress,'hed'mistris,n. a woman headmaster,n. (中小学)女校长,,1,,gk,12713,27070,s:headmistresses
headteacher,hed'ti:tʃər,,n. 中小学的校长,,,,gk,10832,0,s:headteachers
health,'helθ,n. a healthy state of wellbeing free from disease\nn. the general condition of body and mind,"n. 健康, 卫生, 蓬勃, 健康状态\n[医] 健康",,5,1,zk gk ielts,373,344,
healthy,'helθi,a. having or indicating good health in body or mind; free from infirmity or disease\ns. financially secure and functioning well\ns. promoting health; healthful\ns. exercising or showing good judgment,"a. 健康的, 有益健康的, 卫生的\n[医] 健康的",,3,1,zk gk,2199,1468,r:healthier/t:healthiest
heap,hi:p,v. bestow in large quantities\nv. fill to overflow,"n. 堆, 许多, 累积\nvt. 堆积, 装满\n[计] 堆",,2,,gk cet4 cet6 ky ielts,5596,7087,s:heaps/p:heaped/d:heaped/i:heaping/3:heaps
hear,hiә,v. perceive (sound) via the auditory sense\nv. examine or hear (evidence or a case) by judicial process\nv. receive a communication from someone,"vt. 听到, 倾听, 听说, 审理\nvi. 听见, 听",,5,1,zk gk,238,195,d:heard/p:heard/i:hearing/3:hears
hearing,'hiәriŋ,n. (law) a proceeding (usually by a court) where evidence is taken for the purpose of determining an issue of fact and reaching a decision based on that evidence\nn. an opportunity to state your case and be heard\nn. a session (of a committee or grand jury) in which witnesses are called and testimony is taken\nn. the ability to hear; the auditory faculty,"n. 听, 听觉, 听讯\n[医] 听, 听觉",,3,1,gk ky ielts,2480,1711,0:hear/1:i/i:hearing/s:hearings
heart,hɑ:t,n. the locus of feelings and intuitions\nn. the hollow muscular organ located behind the sternum and between the lungs; its rhythmic contractions move the blood through the body\nn. the courage to carry on\nn. an inclination or tendency of a certain kind,"n. 心, 心脏, 中心, 内心, 感情, 精神, 心情, 宝贝儿\nvt. 鼓励",,4,1,zk gk ielts,654,460,s:hearts
heat,hi:t,n. a form of energy that is transferred by a difference in temperature\nn. the sensation caused by heat energy\nn. the trait of being intensely emotional\nn. a preliminary race in which the winner advances to a more important race,"n. 热, 热度, 体温, 高潮\nvi. 加热, 激昂, 加剧\nvt. 把...加热, 使激动",,4,1,zk gk cet4 cet6 ky,1699,1009,d:heated/s:heats/i:heating/3:heats/p:heated
heaven,'hevn,n. the abode of God and the angels,"n. 天堂, 上帝, 天空",,3,1,zk gk cet4 cet6 ky toefl,2649,2626,s:heavens
heavily,'hevili,r. to a considerable degree\nr. in a heavy-footed manner\nr. with great force\nr. in a manner designed for heavy duty,"adv. 很重地, 严重地, 难以忍受地",,,1,gk cet4 cet6,2153,2363,
heavy,'hevi,n. an actor who plays villainous roles\nn. a serious (or tragic) role in a play\na. of comparatively great physical weight or density\na. unusually great in degree or quantity or number,"a. 重的, 巨大的, 沉重的, 笨重的, 过度的\nadv. 沉重地\nn. 重物, 严肃角色",,4,1,zk gk ielts,943,1005,r:heavier/t:heaviest/s:heavies
heel,hi:l,n. the bottom of a shoe or boot; the back part of a shoe or boot that touches the ground and provides elevation\nn. the back part of the human foot\nn. one of the crusty ends of a loaf of bread\nn. the lower end of a ship's mast,"n. 脚后跟, 踵, 后部, 倾侧\nvt. 尾随, 装以鞋跟, 倾侧, 追赶\nvi. 紧随, 用脚后跟传球",,2,1,gk cet4 cet6 ky toefl,3535,3056,s:heels/p:heeled/d:heeled/i:heeling/3:heels
height,hait,n. the vertical dimension of extension; distance from the base of something to the top,"n. 高度, 海拔, 高地, 顶点\n[化] 高度",,3,1,zk gk cet4 cet6 ky toefl ielts,1913,2040,s:heights
helicopter,'helikɒptә,n. an aircraft without wings that obtains its lift from the rotation of overhead blades,n. 直升机\nvt. 由直升机运送\nvi. 乘直升机,,3,,gk cet4 cet6 ky ielts,4159,3100,s:helicopters/d:helicoptered/i:helicoptering/p:helicoptered
hello,hә'lәu,n. an expression of greeting,"interj. 喂, 嘿",,3,1,zk gk,2319,2238,s:hellos
helmet,'helmit,n. armor plate that protects the head\nn. a protective headgear made of hard material to resist blows,"n. 钢盔, 盔, 防护帽\nvt. 给...戴头盔",,2,,gk cet4 cet6 ky ielts gre,5642,4303,s:helmets
help,help,v. give help or assistance; be of service\nv. improve the condition of\nv. be of use\nv. contribute to the furtherance of,"n. 帮忙, 帮助者, 补救办法, 有益的东西\nvt. 帮助, 帮忙, 接济, 治疗, 款待\nvi. 有用, 救命, 招待\n[计] 帮助, 帮助程序; DOS外部命令: DOS命令的电子文件帮助程序",,5,1,zk gk,204,167,d:helped/i:helping/p:helped/3:helps/s:helps
helpful,'helpful,a. providing assistance or serving a useful function,"a. 有帮助的, 有益的, 有用的",,2,1,zk gk cet4 cet6 ky toefl,2582,3054,
hen,hen,n. adult female chicken\nn. adult female bird\nn. flesh of an older chicken suitable for stewing\nn. female of certain aquatic animals e.g. octopus or lobster,"n. 母鸡, 雌禽",,2,,zk gk cet4 ky,6080,7934,s:hens
her,hә:,"pron. & a. The form of the objective and the possessive case of\n   the personal pronoun she; as, I saw her with her purse out.\npron. pl. Alt. of Here","pron. 她的, 她",,5,1,zk gk,42,42,i:hering
herb,hә:b,n. a plant lacking a permanent woody stem; many are flowering garden plants or potherbs; some having medicinal properties; some are pests\nn. aromatic potherb used in cookery for its savory qualities,"n. 药草, 香草\n[医] 草, 草本, 草药",,2,,gk cet6 ky toefl ielts,5112,3573,s:herbs
here,hiә,n. the present location; this place\ns. being here now\nr. in or at this place; where the speaker or writer is\nr. in this circumstance or respect or on this point or detail,"adv. 在这里, 此时, 这里\nn. 这里",,5,1,zk gk,117,96,
hero,'hiәrәu,n. a man distinguished by exceptional courage and nobility and strength\nn. the principal character in a play or movie or novel or poem\nn. Greek mathematician and inventor who devised a way to determine the area of a triangle and who described various mechanical devices (first century)\nn. (classical mythology) a being of great strength and courage celebrated for bold exploits; often the offspring of a mortal and a god,"n. 英雄, 超越常人者, 男主角",,3,1,zk gk cet4 cet6 ky ielts,2477,1912,s:heroes
heroine,'herәuin,n. the main good female character in a work of fiction\nn. a woman possessing heroic qualities or a woman who has performed heroic deeds,"n. 巾帼英雄, 烈妇, 女主角\n[化] 海洛因; 二醋吗啡; 二乙酰吗啡",,2,,gk cet4 cet6 ky ielts,8840,8342,s:heroines
hers,hә:z,"pron. See the Note under Her, pron.",pron. 她的,,2,1,zk gk,3071,3849,
herself,hә:'self,"pron. An emphasized form of the third person feminine\n   pronoun; -- used as a subject with she; as, she herself will bear the\n   blame; also used alone in the predicate, either in the nominative or\n   objective case; as, it is herself; she blames herself.\npron. Her own proper, true, or real character; hence, her\n   right, or sane, mind; as, the woman was deranged, but she is now\n   herself again; she has come to herself.","pron. 她自己, 她亲自",,5,1,zk gk,582,792,
hey,hei,"a. High.\ninterj. An exclamation of joy, surprise, or encouragement.\ninterj. A cry to set dogs on.",interj. 嗨,,2,,gk,3901,1429,s:heys
hi,hai,n an expression of greeting\nn a state in the United States in the central Pacific on the Hawaiian Islands,interj. 喂,,3,1,gk,6210,2072,
hibernate,'haibәneit,v. sleep during winter\nv. be in an inactive or dormant state,"vi. 过冬, 冬眠, 避寒",,,,gk toefl gre,24989,21924,i:hibernating/d:hibernated/p:hibernated/s:hibernates/3:hibernates
hibernation,.haibә'neiʃәn,n. the torpid or resting state in which some animals pass the winter\nn. cessation from or slowing of activity during the winter; especially slowing of metabolism in some animals\nn. the act of retiring into inactivity,"n. 过冬, 冬眠, 避寒\n[医] 冬眠, 冬蛰",,,,gk toefl,22451,19620,
hide,haid,"n. the dressed skin of an animal (especially a large animal)\nn. body covering of a living animal\nv. prevent from being seen or discovered\nv. be or go into hiding; keep out of sight, as for protection and safety","n. 兽皮, 迹象, 躲藏处\nvt. 藏, 隐瞒, 遮避, 剥...的皮, 隐藏\nvi. 躲藏\n[计] 隐藏",,3,1,zk gk cet4 cet6 ky toefl gre,1486,1255,d:hidden/i:hiding/p:hid/3:hides/s:hides
high,hai,n. a lofty level or position or degree\nn. an air mass of higher than normal pressure\nn. a state of sustained elation\nn. a state of altered consciousness induced by alcohol or narcotics,"n. 高度, 高处\na. 高的, 高级的, 主要的, 高尚的, 高原的, 高音的, 昂贵的, 傲慢的\nadv. 高度地, 奢侈地",,5,1,zk gk,152,141,r:higher/t:highest/s:highs
highway,'haiwei,n. a major road for any form of motor transport,"n. 公路, 大道, 捷径\n[法] 公路, 大路",,2,1,gk cet4 cet6 ky,4470,2583,s:highways
hill,hil,n. a local and well-defined elevation of the land\nn. United States railroad tycoon (1838-1916)\nn. risque English comedian (1925-1992)\nv. form into a hill,"n. 小山, 丘陵, 小土堆\nvt. 作成土堆, 堆成小丘",,3,1,zk gk,1134,1800,s:hills/i:hilling/p:hilled/3:hills/d:hilled
hillside,'hilsaid,n. the side or slope of a hill,"n. 山坡, 山腹",,1,,gk cet4 cet6,6497,6756,s:hillsides
hilly,'hili,s having hills and crags,"a. 多丘陵的, 多山岗的, 险峻的",,1,,gk toefl,15079,15597,r:hillier/t:hilliest
him,him,pron. Them. See Hem.\npron. The objective case of he. See He.,pron. 他,,5,1,zk gk,0,68,s:hims
himself,him'self,"pron. An emphasized form of the third person masculine\n   pronoun; -- used as a subject usually with he; as, he himself will bear\n   the blame; used alone in the predicate, either in the nominative or\n   objective case; as, it is himself who saved himself.\npron. One's true or real character; one's natural temper and\n   disposition; the state of being in one's right or sane mind (after\n   unconsciousness, passion, delirium, or abasement); as, the man has come\n   to himself.\npron. pl. Alt. of Himselven","pron. 他自己, 他亲自",,5,1,zk gk,286,367,
hire,haiә,n. a newly hired employee\nn. the act of hiring something or someone\nv. engage or hire for work,"n. 租金, 租用, 雇用\nvt. 雇请, 出租\nvi. 受雇",,3,1,gk cet4 cet6 ky,3488,1491,d:hired/p:hired/i:hiring/3:hires/s:hires
his,hiz,"pron. Belonging or pertaining to him; -- used as a pronominal\n   adjective or adjective pronoun; as, tell John his papers are ready;\n   formerly used also for its, but this use is now obsolete.\npron. The possessive of he; as, the book is his.",pron. 他的\n[化] 组氨酸,,5,1,zk gk,25,25,
history,'histәri,n. the aggregate of past events\nn. a record or narrative description of past events\nn. the discipline that records and interprets past events involving human beings\nn. the continuum of events occurring in succession leading from the past to the present and even into the future,"n. 历史, 过去, 经历, 发展过程, 历史学, 过去的事, 历史记录\n[计] 历史记录",,5,1,zk gk cet4 cet6 ky ielts,496,350,s:histories
hit,hit,n. (baseball) a successful stroke in an athletic contest (especially in baseball)\nn. the act of contacting one thing with another\nn. a conspicuous success\nn. a dose of a narcotic drug,"n. 打击, 打, 冲撞, 讽刺\nvt. 打, 打击, 碰撞, 打中, 袭击, 偶然碰上\nvi. 打, 打中, 打击, 碰撞, 偶然碰上\n[计] 击中; 找到; 瞬时打扰",,5,1,zk gk cet4 cet6 ky ielts,927,535,p:hit/0:hit/1:pd/d:hit/i:hitting/3:hits/s:hits
hive,haiv,"n. a teeming multitude\nv. store, like bees\nv. move together in a hive or as if in a hive\nv. gather into a hive","n. 蜂房, 闹区, 蜜蜂群\nvi. 进入蜂房, 储藏蜜于蜂房, 如蜂般群居\nvt. 使进蜂房, 储备\n[计] 蜂巢",,1,,gk toefl gre,11665,11401,s:hives/d:hived/i:hiving/p:hived/3:hives
hobby,'hɒbi,n. a child's plaything consisting of an imitation horse mounted on rockers; the child straddles it and pretends to ride\nn. small Old World falcon formerly trained and flown at small birds,"n. 嗜好, 癖好, 爱好",,2,1,zk gk ielts,6000,6554,s:hobbies
hold,hәuld,n. power by which something or someone is affected or dominated\nn. a stronghold\nn. a cell in a jail or prison\nv. have or hold in one's hands or grip,"n. 把握, 把持力, 柄, 控制, 掌握, 监禁\nvt. 保存, 握住, 拿住, 占据, 持有, 拥有\nvi. 支持, 持续, 有效\nn. 保留\n[计] 保留",,4,1,zk gk ielts gre,178,213,d:held/p:held/i:holding/3:holds/s:holds
hole,hәul,n. an opening into or through something\nn. an opening deliberately made in or through something\nn. one playing period (from tee to green) on a golf course\nn. an unoccupied space,"n. 孔, 洞, 穴, 漏洞\nvt. 挖洞, 掘坑\nvi. 进洞, 凿洞",,4,1,zk gk cet4 cet6 ky,1329,1213,s:holes/p:holed/d:holed/i:holing/3:holes
holiday,'hɒlәdi,n. a day on which work is suspended by law or custom,"n. 假日, 假期, 节日\nvi. 度假",,4,1,zk gk ielts,948,1963,s:holidays/i:holidaying/3:holidays/p:holidayed/d:holidayed
holy,'hәuli,a. belonging to or derived from or associated with a divine power,"a. 神圣的, 圣洁的, 至善的\nn. 神圣的东西",,3,1,gk cet4 cet6 ky,2701,2375,t:holiest/r:holier/s:holies
home,hәum,n. where you live at a particular time\nn. the country or state or city where you live\nn. place where something began and flourished\nn. an environment offering affection and security,"n. 家, 避难所, 故乡\na. 家庭的, 国内的, 打中目标的\nadv. 在家, 在本国, 打中目标地\n[计] 返回始位",,1,1,zk gk,222,224,s:homes/i:homing/p:homed/3:homes/d:homed
homeland,'hәumlænd,n the country where you were born,"n. 本国, 故国",,2,,gk,8870,4149,s:homelands
hometown,hәum'taun,n. the town (or city) where you grew up or where you have your principal residence,"n. 故乡, 家乡",,1,,zk gk,33112,5471,
homework,'hәumwә:k,n. preparatory school work done outside school (especially at home),"n. 家庭作业, 家里做的工作\n[经] 家庭作业",,1,1,zk gk ielts,6447,4778,s:homeworks/i:homeworking
honest,'ɒnist,a. not disposed to cheat or defraud; not deceptive or fraudulent\ns. without dissimulation; frank\ns. without pretensions\ns. marked by truth,"a. 诚实的, 坦直的, 可靠的",,3,1,zk gk cet4 ky,2681,2530,
honey,'hʌni,n. a sweet yellow liquid produced by bees\nv. sweeten with honey\ns. of something having the color of honey,"n. 蜂蜜, 甜蜜, 爱人\na. 蜂蜜似的, 甜蜜的, 甘美的\nvt. 加蜜使甜, 对...说甜言蜜语\nvi. 说甜言蜜语, 奉承",,2,,gk cet4 ky,5334,2932,s:honeys/i:honeying/p:honied/3:honeys/d:honied
honour,'ɒnә,n the state of being honored\nn a tangible symbol signifying approval or distinction\nn the quality of being honorable and having a good name\nn a woman's virtue or chastity\nv bestow honor or rewards upon\nv show respect towards\nv accept as pay,"n. 荣誉, 头衔, 信用, 尊敬, 名誉, 阁下, 勋章\nvt. 尊敬, 授予荣誉, 承兑, 实践",,3,1,zk gk cet4 cet6,2382,32290,s:honours/d:honoured/i:honouring/p:honoured/3:honours
hook,huk,n. a catch for locking a door\nn. a sharp curve or crook; a shape resembling a hook\nn. a mechanical device that is curved or bent to suspend or hold or pull something\nn. a curved or bent implement for suspending or pulling something,"n. 钩, 钩状, 镰刀, 陷阱\nvt. 挂...于钩上, 钩住, 引上钩, 偷窃\nvi. 弯成钩状, 钩紧\n[计] 钩",,3,1,gk cet4 cet6 ky toefl,4337,3791,s:hooks/d:hooked/p:hooked/i:hooking/3:hooks
hooray,hu'rei,n a victory cheer,interj. 万岁\nn. 万岁\nv. 呼万岁,,,,gk,21582,23679,s:hoorays
hope,hәup,n. a specific instance of feeling hopeful\nn. the general feeling that some desire will be fulfilled\nn. someone (or something) on which expectations are centered\nn. United States comedian (born in England) who appeared in films with Bing Crosby (1903-2003),"n. 希望, 信心, 期待\nv. 希望, 期望, 信赖",,5,1,zk gk,444,482,i:hoping/d:hoped/p:hoped/s:hopes/3:hopes
hopeful,'hәupful,a. having or manifesting hope,"n. 有希望之人, 有前途之人\na. 有希望的, 怀抱希望的, 保持乐观的",,2,,gk cet4 cet6 ky,6877,5116,s:hopefuls
hopeless,'hәuplis,a. without hope because there seems to be no possibility of comfort or success\ns. of a person unable to do something skillfully\ns. certain to fail\ns. (informal to emphasize how bad it is) beyond hope of management or reform,"a. 无希望的, 绝望的, 不可救药的",,2,,gk cet4 cet6,6390,7926,
horrible,'hɒrәbl,s provoking horror,"a. 可怕的, 遭透的, 极讨厌的",,2,,gk cet4 cet6 ky ielts,4036,3750,
horse,hɒ:s,n. solid-hoofed herbivorous quadruped domesticated since prehistoric times\nn. a padded gymnastic apparatus on legs\nv. provide with a horse or horses,"n. 马, 骑兵, 脚架\nvi. 骑马, 取笑\nvt. 使骑马, 系马于",,4,1,zk gk ielts,803,1279,s:horses/i:horsing/p:horsed/3:horses/d:horsed
hospital,'hɒspitәl,n. a health facility where patients receive treatment\nn. a medical institution where sick or injured people are given medical or surgical care,n. 医院\n[医] 医院,,5,1,zk gk ielts,562,647,s:hospitals
host,hәust,n. a person who invites guests to a social event (such as a party in his or her own home) and who is responsible for them while they are there\nn. an animal or plant that nourishes and supports a parasite; it does not benefit and is often harmed by the association\nn. archaic terms for army\nn. any organization that provides resources and facilities for a function or event,"n. 主人, 旅馆老板, 节目主持人\nvt. 当主人招待, 作...节目主持人\n[计] 主机, 宿主机",,5,1,gk cet4 cet6 ky ielts,2542,1840,s:hosts/d:hosted/i:hosting/p:hosted/3:hosts
hostess,'hәustis,n. a woman host\nn. a woman innkeeper,"n. 女主人, 女房东, 女老板",,1,,gk cet4 cet6 ky,9940,10323,s:hostesses/i:hostessing/d:hostessed
hot,hɒt,a. used of physical heat; having a high or higher than desirable temperature or giving off heat or feeling or causing a sensation of heat or burning\ns. characterized by violent and forceful activity or movement; very intense\na. extended meanings; especially of psychological heat; marked by intensity or vehemence especially of passion or enthusiasm\ns. (color) bold and intense,"a. 热的, 热心的, 辣的, 热情的, 激动的, 猛烈的, 紧迫的\nadv. 热, 紧迫地",,4,1,zk gk,1055,721,r:hotter/t:hottest/i:hotting/s:hots
hotel,hәu'tel,n. a building where travelers can pay for lodging and meals and other services,"n. 旅馆, 客栈",,4,1,zk gk ielts,731,1002,s:hotels
hour,auә,n. a period of time equal to 1/24th of a day\nn. clock time\nn. a special and memorable period\nn. distance measured by the time taken to cover it,"n. 小时, 钟头, 时间, ...点钟, 课时",,5,1,zk gk,299,272,s:hours
house,haus,n. a dwelling that serves as living quarters for one or more families\nn. the members of a religious community living together\nn. the audience gathered together in a theatre or cinema\nn. an official assembly having legislative powers,"n. 房子, 住宅, 机构, 议院, 家族, 家庭\nvt. 给...房子住, 收藏\nvi. 住, 躲藏",,5,1,zk gk toefl ielts,148,257,s:houses/i:housing/d:housed/3:houses/p:housed
housewife,'hauswaif,n. a wife who manages a household while her husband earns the family income,"n. 主妇, 家庭妇女",,1,,gk cet4 cet6 ky,5741,8592,s:housewives
housework,'hauswә:k,n. the work of cleaning and running a house,"n. 家事, 家务",,1,,zk gk ky,7299,15787,
how,hau,"adv. In what manner or way; by what means or process.\nadv. To what degree or extent, number or amount; in what\n   proportion; by what measure or quality.\nadv. For what reason; from what cause.\nadv. In what state, condition, or plight.\nadv. By what name, designation, or title.\nadv. At what price; how dear.","adv. 如何, 怎样, 多少, 多么\nn. 方式",,5,1,zk gk,90,76,
however,hau'evә,"r. despite anything to the contrary (usually following a concession)\nr. by contrast; on the other hand; the second, however, took hours""\nr. to whatever degree or extent\nr. in whatever way or manner","adv. 然而, 无论如何, 究竟怎样\nconj. 然而, 可是",,5,1,zk gk cet4 ky,145,284,
howl,haul,n. a long loud emotional utterance\nn. the long plaintive cry of a hound or a wolf\nn. a loud sustained noise resembling the cry of a hound\nv. emit long loud cries,"n. 嗥叫, 吠声, 号叫\nvi. 狂吠, 咆哮, 呼啸\nvt. 对...吼叫, 狂喊着说",,2,,gk cet6 ky toefl ielts,10307,8380,p:howled/s:howls/i:howling/3:howls/d:howled
hug,hʌg,n. a tight or amorous embrace\nv. fit closely or tightly,"n. 紧抱, 拥抱\nvt. 紧抱, 坚持, 使沾沾自喜",,2,,gk cet6 ky ielts,6694,3858,p:hugged/i:hugging/s:hugs/d:hugged/3:hugs
huge,hju:dʒ,s. unusually great in size or amount or degree or especially extent or scope,"a. 极大的, 巨大的, 无限的",,4,1,zk gk cet4 ky,1230,911,
human,'hju:mәn,a. characteristic of humanity\na. relating to a person\na. having human form or attributes as opposed to those of animals or divine beings,"n. 人, 人类\na. 人类的, 似人类的, 人性的, 有同情心的",,5,1,zk gk cet4 ky toefl ielts,550,399,s:humans
humorous,'hju:mәrәs,a. full of or characterized by humor,"a. 富幽默感的, 滑稽的, 诙谐的",,1,1,zk gk cet4 cet6 ky toefl,9475,9877,
humour,'hju:mә,n a characteristic (habitual or relatively temporary) state of feeling\nn a message whose ingenuity or verbal skill or incongruity has the power to evoke laughter\nn (Middle Ages) one of the four fluids in the body whose balance was believed to determine your emotional and physical state\nn the liquid parts of the body\nn the quality of being funny\nn the trait of appreciating (and being able to express) the humorous\nv put into a good mood,"n. 幽默, 诙谐, 情绪, 体液\nvt. 使满足, 迁就",,3,1,gk cet4 cet6,3219,0,s:humours/i:humouring/p:humoured/d:humoured/3:humours
hundred,'hʌndrәd,n. ten 10s\ns. being ten more than ninety,"n. 百, 百个东西\nnum. 百, 百个\na. 一百的, 许多的",,5,,zk gk,413,621,
hunger,'hʌŋgә,n. a physiological need for food; the consequence of food deprivation\nn. strong desire for something (not food or drink)\nv. feel the need to eat,"n. 饥饿, 渴望, 饥荒\nvt. 使挨饿\nvi. 挨饿, 渴望",,2,,gk cet4 cet6 ky toefl,5267,4584,s:hungers/p:hungered/i:hungering/d:hungered/3:hungers
hungry,'hʌŋgi,a. feeling hunger; feeling a need or desire to eat food,"a. 饥饿的, 荒年的, 渴望的, 不毛的\n[化] 欠鞣皮",,2,1,zk gk,3683,3181,r:hungrier/t:hungriest
hunt,hʌnt,n. Englishman and Pre-Raphaelite painter (1827-1910)\nn. United States architect (1827-1895)\nn. British writer who defended the Romanticism of Keats and Shelley (1784-1859)\nn. an association of huntsmen who hunt for sport,"n. 狩猎, 追捕, 搜寻, 猎区\nvt. 狩猎, 打猎, 搜索\nvi. 打猎, 猎食, 搜寻",,3,1,gk cet4 cet6 ky ielts,4330,3420,i:hunting/d:hunted/p:hunted/s:hunts/3:hunts
hunter,'hʌntә,n. someone who hunts game\nn. a person who searches for something\nn. a watch with a hinged metal lid to protect the crystal,"n. 猎人, 猎犬, 追求者",,3,,gk,5802,3030,s:hunters
hurricane,'hә:rikәn,n. a severe tropical cyclone usually with heavy rains and winds moving a 73-136 knots (12 on the Beaufort scale),"n. 飓风, 暴风, 暴风雨",,2,,gk cet6 ky toefl ielts gre,7263,4512,s:hurricanes
hurry,'hʌri,n. a condition of urgency making it necessary to hurry,"n. 匆忙, 急忙, 急促\nvt. 急派, 催促\nvi. 匆忙, 赶快",,2,1,zk gk,3065,3609,p:hurried/i:hurrying/d:hurried/3:hurries
hurt,hә:t,v. give trouble or pain to\nv. cause damage or affect negatively\nv. hurt the feelings of\nv. feel physical pain,"n. 伤害, 创伤, 损害\nv. 伤害, (使)伤心, 危害, 刺痛",,4,1,zk gk cet4 cet6 ky,1931,1140,d:hurt/0:hurt/1:dp/p:hurt/i:hurting/3:hurts/s:hurts
husband,'hʌzbәnd,n. a married man; a woman's partner in marriage,"n. 丈夫, 管理人, 节俭的人\nvt. 节俭, 使成丈夫, 持有",,4,1,zk gk gre,826,637,s:husbands/i:husbanding/p:husbanded/3:husbands/d:husbanded
hydrogen,'haidrәdʒәn,n. a nonmetallic univalent element that is normally a colorless and odorless highly flammable diatomic gas; the simplest and lightest and most abundant element in the universe,n. 氢\n[化] 氢H-2,,2,,gk cet4 cet6 ky toefl ielts,5200,5103,s:hydrogens
I,ai,n. the 9th letter of the Roman alphabet,"pron. 我\n[计] 电流, 中断, 指令, 指示符",,5,1,zk gk,4624,11,
ice,ais,n. water frozen in the solid state\nn. the frozen part of a body of water\nn. diamonds\nn. a frozen dessert with fruit flavoring (especially one containing no milk),"n. 冰, 冰淇淋, 糖衣, 冷若冰霜, 矜持, 贿赂\nvt. 使结冰, 冰镇, 覆以糖衣\nvi. 结冰",,4,1,zk gk ielts,2164,1230,i:icing/s:ices/d:iced/p:iced/3:ices
Iceland,'aislәnd,n. an island republic on the island of Iceland; became independent of Denmark in 1944\nn. a volcanic island in the North Atlantic near the Arctic Circle,n. 冰岛,,,,gk,8965,0,s:icelands
idea,ai'diә,n. the content of cognition; the main thing you are thinking about\nn. a personal view,"n. 主意, 办法, 理想, 思想, 概念, 意见\n[医] 观念, 思想",,5,1,zk gk ielts,268,311,s:ideas
identification,ai.dentifi'keiʃәn,n. evidence of identity; something that identifies a person or thing\nn. the condition of having the identity (of a person or object) established\nn. the attribution to yourself (consciously or unconsciously) of the characteristics of another person (or group of persons),"n. 识别, 身份证明, 认同\n[化] 鉴定; 鉴别; 鉴别法; 认证",,1,,gk cet4 cet6 ky toefl ielts,3230,3289,s:identifications
identity,ai'dentiti,n. the distinct personality of an individual regarded as a persisting entity\nn. the individual characteristics by which a thing or person is recognized or known\nn. an operator that leaves unchanged the element on which it operates\nn. exact sameness,"n. 身份, 相同, 一致, 特性, 恒等式\n[计] (打)标记, 标识",,3,1,gk cet4 ky toefl ielts,2061,1322,s:identities
idiom,'idiәm,n. an expression whose meanings cannot be inferred from the meanings of the words that make it up,"n. 习语, 成语, 惯用语法, 方言",,1,,gk cet4 cet6 ky toefl ielts gre,10357,12698,s:idioms
if,if,"conj. In case that; granting, allowing, or supposing that; --\n   introducing a condition or supposition.\nconj. Whether; -- in dependent questions.","conj. 如果, 是否, 无论何时, 假设, 即使\nn. 条件\n[计] DOS批处理命令:根据所测试的条件决定是否执行另一条命令",,5,1,zk gk,40,40,
ignore,ig'nɒ:,v. refuse to acknowledge\nv. fail to notice\nv. be ignorant of or in the dark about,"vt. 不理睬, 忽视, 驳回, 忽略\n[计] 忽略",,4,1,gk cet4 cet6 ky toefl,1296,1375,d:ignored/i:ignoring/p:ignored/3:ignores
ill,il,a. affected by an impairment of normal physical or mental function\ns. resulting in suffering or adversity\ns. distressing\ns. indicating hostility or enmity,"n. 疾病, 坏事, 罪恶, 灾难\na. 生病的, 邪恶的, 不吉利的, 敌意的, 不良的, 不顺利的\nadv. 有害地, 不幸地, 几乎不",,4,1,zk gk,1955,2945,s:ills
illegal,i'li:gәl,a. prohibited by law or by official or accepted rules,"a. 违法的, 不合规定的\n[经] 非法的, 犯规的",,3,1,gk cet4 cet6 ky ielts gre,3103,2071,s:illegals
illness,'ilnis,n. impairment of normal physiological function affecting part or all of an organism,"n. 疾病, 恶意\n[医] 病",,3,1,zk gk cet4 ky ielts,2290,2303,s:illnesses
imagine,i'mædʒin,v. form a mental image of something that is not present or that is not the case,"vt. 想像, 设想, 猜测\nvi. 想像起来",,4,1,zk gk cet4 cet6 ky toefl,1197,909,d:imagined/p:imagined/i:imagining/3:imagines
immediate,i'mi:diәt,s. of the present time and place\na. having no intervening medium\ns. immediately before or after as in a chain of cause and effect\ns. performed with little or no delay,"a. 立即的, 直接的, 接近的\n[医] 直接的, 立即的",,4,1,gk cet4 cet6 ky toefl,1542,2180,
immediately,i'mi:diәtli,r. without delay or hesitation; with no time intervening\nr. near or close by\nr. bearing an immediate relation,"adv. 直接地, 立刻, 立即",,4,1,zk gk cet4 cet6 toefl,974,1142,
immigration,.imi'greiʃәn,n. migration into a place (especially migration to a country of which you are not a native in order to settle there)\nn. the body of immigrants arriving during a specified interval,"n. 移民, 移居\n[医] 移民",,3,,gk cet6 toefl,5448,2431,
import,im'pɒ:t,n. commodities (goods or services) bought from a foreign country\nn. an imported person brought from a foreign country\nv. bring in from abroad\nv. transfer (electronic data) into a database or document,"n. 进口货, 进口, 输入, 含义, 重要性\nvt. 输入, 引入, 进口, 含...的意思, 重要\nvi. 有关系\n[计] 引入",,4,1,gk cet4 cet6 ky toefl gre,2757,4050,s:imports/d:imported/i:importing/p:imported/3:imports
importance,im'pɒ:tәns,n. the quality of being important and worthy of note\nn. a prominent status,"n. 重要, 重要性, 重要地位, 自大\n[机] 重要, 重要性",,,1,gk cet4 cet6 ky,1025,1573,
important,im'pɒ:tәnt,a. of great significance or value\ns. having or suggesting a consciousness of high position,"a. 重要的, 有地位的, 大量的, 显要的, 自负的\n[计] 要点",,5,1,zk gk ielts,218,266,
impossible,im'pɒsәbl,n. something that cannot be done\na. not capable of occurring or being accomplished or dealt with\ns. totally unlikely\ns. used of persons or their behavior,"a. 不可能的, 难以置信的, 令人无法忍受的",,4,1,zk gk cet4 cet6 ky ielts,1340,1606,
impress,im'pres,n. the act of coercing someone into government service\nv. impress positively\nv. produce or try to produce a vivid impression of\nv. mark or stamp with or as if with pressure,"n. 印象, 特征, 印记\nvt. 使有印象, 印, 铭刻, 传送, 影响, 强征\nvi. 给人印象",,3,1,gk cet4 cet6 ky,4079,3055,d:impressed/p:impressed/i:impressing/3:impresses
impression,im'preʃәn,n. a vague idea in which some confidence is placed\nn. an outward appearance\nn. all the copies of a work printed at one time\nn. (dentistry) an imprint of the teeth and gums in wax or plaster,"n. 印象, 意念, 盖印, 印记, 印数, 底色, 效果\n[医] 压迹, 印模, 印象, 影响",,3,1,gk cet4 cet6 ky gre,1846,2537,s:impressions
improve,im'pru:v,v to make better\nv get better,"vt. 改良, 提高...的价值, 改善, 利用\nvi. 变得更好, 增加",,4,1,zk gk cet4 cet6 ky,903,995,d:improved/i:improving/3:improves/p:improved
in,in,s. holding office\ns. directed or bound inward\ns. currently fashionable\nr. to or toward the inside of,"prep. 在...期间, 在...之内, 处于...之中, 从事于, 按照, 穿着\nadv. 进入, 朝里, 在里面, 在屋里\na. 在里面的, 在朝的\nn. 执政者, 交情",,2,1,zk gk ielts,6,6,
inch,intʃ,n. a unit of length equal to one twelfth of a foot,"n. 英寸, 身高, 小岛\nvi. 慢慢前进, 慢慢移动\nvt. 使缓慢地移动",,3,1,zk gk cet4 cet6 ky gre,2158,8178,s:inches/p:inched/3:inches/i:inching/d:inched
incident,'insidәnt,n. a single distinct event\nn. a public disturbance\na. falling or striking of light rays on something,"n. 事件, 事变, 小事\na. 附带的, 易于发生的, 外来的, 入射的",,4,1,gk cet4 cet6 ky toefl,1785,1980,s:incidents
include,in'klu:d,"v. have as a part, be made up out of\nv. consider as part of something\nv. add as part of something else; put in as part of a set, group, or category","vt. 包括, 把...算入, 包住\n[计] DOS内部命令:在CONFIG.SYS文件的一个配置块中包含另一配置块的内容",,5,1,zk gk cet4 cet6 ky,246,292,3:includes/d:included/p:included/i:including
income,'inkʌm,n. the financial gain (earned or unearned) accruing over a given period of time,"n. 收入, 收益, 流入\n[经] 收益",,4,1,gk cet4 cet6 ky,744,1138,s:incomes
incorrect,.inkә'rekt,a. not correct; not in conformity with fact or truth\ns. (of a word or expression) not agreeing with grammatical principles,"a. 不正确的\n[法] 不正确, 错误的, 不适当的",,1,,gk cet4 cet6,7053,7280,3:incorrects
increase,in'kri:s,n. a change resulting in an increase\nn. a process of becoming larger or longer or more numerous or more important\nn. the amount by which something increases\nn. the act of increasing something,"n. 增加, 增进, 利益\nvt. 增加, 加大\nvi. 增加, 繁殖",,5,1,zk gk cet4 cet6 ky,523,660,d:increased/i:increasing/s:increases/3:increases/p:increased
indeed,in'di:d,r. in truth (often tends to intensify)\nr. (used as an interjection) an expression of surprise or skepticism or irony etc.,"adv. 的确, 实在, 真正地, 甚至",,4,1,gk cet4 cet6 ky,535,848,
independence,.indi'pendәns,n. freedom from control or influence of another or others\nn. the successful ending of the American Revolution\nn. a city in western Missouri; the beginning of the Santa Fe Trail,"n. 独立, 自立, 自主\n[医] 自主性, 独立性",,,1,gk cet4 cet6 ky ielts,2010,2291,
independent,.indi'pendәnt,a. free from external control and constraint\na. (of a clause) capable of standing syntactically alone as a complete sentence\ns. not controlled by a party or interest group,"n. 独立自主者, 无党派者\na. 独立的, 有主见的, 不须依赖的, 不受约束的",,5,1,gk cet4 cet6 ky toefl,1013,1265,s:independents
India,'indjә,n. a republic in the Asian subcontinent in southern Asia; second most populous country in the world; achieved independence from the United Kingdom in 1947,n. 印度,,,,zk gk cet4 cet6,1929,0,
Indian,'indiәn,n. a member of the race of people living in America when Europeans arrived\nn. a native or inhabitant of India\na. of or relating to or characteristic of India or the East Indies or their peoples or languages or cultures,"n. 印度人, 印第安人, 印第安语\na. 印度的, 印度群岛的, 印第安语的",,,,zk gk cet4 cet6 ielts,15712,1436,s:indians
indicate,'indikeit,"v. indicate a place, direction, person, or thing; either spatially or figuratively\nv. to state or express briefly\nv. suggest the necessity of an intervention; in medicine","vt. 显示, 象征, 指示, 指出\n[医] 指示",,4,1,gk cet4 cet6 ky toefl gre,812,785,3:indicates/d:indicated/p:indicated/i:indicating
industry,'indәstri,n. the people or companies engaged in a particular kind of commercial enterprise\nn. the organized action of making of goods and services for sale,"n. 勤劳, 工业, 企业, 产业, 有组织的劳动\n[经] 工业, 实业",,5,1,zk gk cet4 cet6 ky ielts,383,551,s:industries
influence,'influәns,n. a power to affect persons or events especially power based on prestige etc\nn. causing something without any direct or apparent effort\nn. a cognitive factor that tends to have an effect on what you do\nn. the effect of one thing (or person) on another,"n. 影响力, 权力, 势力\nvt. 影响, 改变",,4,1,zk gk cet4 cet6 ky ielts,1061,1392,d:influenced/s:influences/i:influencing/3:influences/p:influenced
inform,in'fɒ:m,"v. impart knowledge of some fact, state or affairs, or event to\nv. give character or essence to\nv. act as an informer","vt. 通知, 使了解, 使充满\nvi. 提供资料, 告发",,3,1,gk cet4 cet6 ky,1726,2177,d:informed/p:informed/i:informing/3:informs
information,.infә'meiʃәn,n. a message received and understood\nn. knowledge acquired through study or experience or instruction\nn. formal accusation of a crime\nn. (communication theory) a numerical measure of the uncertainty of an outcome,"n. 消息, 知识, 通知, 情报, 信息, 问讯处, 起诉\n[计] 信息",,5,1,zk gk ielts,223,314,
initial,i'niʃәl,n. the first letter of a word (especially a person's name)\nv. mark with one's initials\ns. occurring at the beginning,"n. 字首, 首字母\na. 开始的, 最初的, 字首的\nvt. 用姓名的首字母签名",,3,1,gk cet4 cet6 ky toefl ielts gre,1525,1943,s:initials/p:initialled/d:initialled/i:initialling/3:initials
injure,'indʒә,v. cause injuries or bodily harm to,"vt. 伤害, 损害, 使受冤屈\n[医] 损伤",,1,1,gk cet4 cet6 ky toefl,3032,3721,d:injured/p:injured/i:injuring/3:injures
injury,'indʒәri,n. any physical damage to the body caused by violence or accident or fracture etc.\nn. an accident that results in physical damage or hurt\nn. an act that causes someone or something to receive physical damage\nn. wrongdoing that violates another's rights and is unjustly inflicted,"n. 伤害, 侮辱\n[医] 伤, 损伤",,4,1,gk cet4 cet6 ky toefl ielts,1334,1553,s:injuries
ink,iŋk,"n. a liquid used for printing or writing or drawing\nn. dark protective fluid ejected into the water by cuttlefish and other cephalopods\nv. append one's signature to\nv. mark, coat, cover, or stain with ink","n. 墨水, 墨汁\nvt. 涂墨水于, 签署, 加墨水",,2,1,zk gk cet4 cet6 ky,6004,5193,s:inks/d:inked/i:inking/p:inked/3:inks
inland,'inlәnd,a. situated away from an area's coast or border\nr. towards or into the interior of a region,"a. 内陆的, 国内的\nn. 内地",,2,,gk cet6 ky toefl ielts,5084,11233,
inn,in,n a hotel providing overnight lodging for travelers,"n. 旅馆, 客栈\nvi. 住旅馆",,2,,gk cet4 cet6 ky,3852,6591,s:inns
innocent,'inәsәnt,n. a person who lacks knowledge of evil\na. free from evil or guilt\ns. lacking intent or capacity to injure\ns. lacking in sophistication or worldliness,"a. 无罪的, 不懂事的, 无知的\nn. 天真的人, 笨蛋",,3,1,gk cet4 cet6 ky toefl ielts,3421,2775,s:innocents
insect,'insekt,n. small air-breathing arthropod,"n. 昆虫, 卑鄙的人\n[医] 昆虫",,2,1,gk cet4 cet6 ky ielts,3450,3405,s:insects
insert,in'sә:t,n. a folded section placed between the leaves of another publication\nn. an artifact that is inserted or is to be inserted\nv. put or introduce into something\nv. introduce,"n. 插入物\nvt. 插入, 把(人造卫星)射入(轨道), 添写\nvi. 附着\n[计] 插入",,2,1,gk cet4 cet6 ky toefl ielts gre,3796,4301,d:inserted/i:inserting/p:inserted/s:inserts/3:inserts
inside,'in'said,n. the region that is inside of something\nn. the inner or enclosed surface of something\na. relating to or being on the side closer to the center or within a defined space\ns. being or applying to the inside of a building,"n. 内部, 内脏, 内幕\na. 内部的, 秘密的, 户内的\nadv. 在里面\nprep. 在...之内",,4,1,zk gk cet4 cet6 ky,1301,964,s:insides
insist,in'sist,v. be emphatic or resolute and refuse to budge\nv. assert to be true,"v. 坚持, 坚决主张, 强调",,4,1,zk gk cet4 cet6 ky toefl,1411,1359,p:insisted/3:insists/i:insisting/d:insisted
inspect,in'spekt,v. look over carefully,"vt. 检查, 检阅, 检验\nvi. 检查",,3,,gk cet4 cet6 ky toefl,4286,5031,d:inspected/i:inspecting/p:inspected/3:inspects
inspire,in'spaiә,v. heighten or intensify\nv. supply the inspiration for,"vt. 使感动, 激发, 启示, 吸入, 鼓舞, 产生, 使生灵感\nvi. 吸入, 赋予灵感",,4,,gk cet4 cet6 ky toefl ielts,3204,2299,d:inspired/p:inspired/3:inspires/i:inspiring
instant,'instәnt,s. in or of the present month,"n. 立即, 瞬间\na. 紧急的, 立即的, 即时的",,3,,gk cet4 cet6 ky toefl,4938,4453,s:instants
instead,in'sted,"r in place of, or as an alternative to\nr on the contrary; rather (or instead), he wrote her a letter""","adv. 作为替代, 反而",,4,1,zk gk,1274,994,
institute,'institju:t,n. an association organized to promote art or science or education\nv. advance or set forth in court,"n. 学会, 学院, 协会\nvt. 创立, 开始, 制定, 任命",,4,1,gk cet4 cet6 ky toefl ielts gre,1630,7980,s:institutes/d:instituted/p:instituted/i:instituting/3:institutes
institution,.insti'tju:ʃәn,n. an organization founded and united for a specific purpose\nn. an establishment consisting of a building or complex of buildings where an organization for the promotion of some cause is situated\nn. a custom that for a long time has been an important feature of some group or society,"n. 机构, 惯例, 制度\n[医] 机关, 机构, 设施",,4,1,gk cet4 cet6 ky toefl ielts gre,880,987,s:institutions
instruct,in'strʌkt,v. give instructions or directions for some task\nv. make aware of,"vt. 教, 教育, 命令, 通知\n[法] 托办, 指导, 指示",,3,,gk cet4 cet6 ky toefl,3820,4243,d:instructed/p:instructed/i:instructing/3:instructs
instruction,in'strʌkʃәn,n. (computer science) a line of code written as part of a computer program,"n. 指令, 教导, 命令\n[计] 指令",,2,1,zk gk cet4 cet6 ky toefl ielts,1594,1563,s:instructions
instrument,'instrumәnt,"n. a device that requires skill for proper use\nn. the means whereby some act is accomplished\nn. a person used by another to gain an end\nv. equip with instruments for measuring, recording, or controlling","n. 工具, 手段, 仪器\n[化] 仪器",,3,1,gk cet4 cet6 ky toefl ielts,1709,1611,s:instruments
insurance,in'ʃurәns,n. promise of reimbursement in the case of loss; paid to people or companies so concerned about hazards that they have made prepayments to an insurance company,"n. 保险, 保险业, 保险费\n[医] 保险",,4,1,gk cet4 cet6 ky ielts,1347,1197,s:insurances
insure,in'ʃuә,v. take out insurance for,"vt. 保险, 确保\nvi. 投保",,2,,gk cet4 cet6 ky ielts,5378,6180,d:insured/p:insured/i:insuring/3:insures/s:insures
intelligence,in'telidʒәns,n. the ability to comprehend; to understand and profit from experience\nn. a unit responsible for gathering and interpreting information about an enemy\nn. secret information about an enemy (or potential enemy)\nn. the operation of gathering information about an enemy,"n. 智力, 情报, 信息\n[医] 智力",,3,1,gk cet4 cet6 ky toefl ielts,2444,1417,s:intelligences
intend,in'tend,v. have in mind as a purpose\nv. design or destine,"vt. 计划, 打算, 意思是\n[法] 想要, 打算, 意旨",,4,1,gk cet4 cet6 ky,916,1536,d:intended/p:intended/3:intends/i:intending
intention,in'tenʃәn,n. (usually plural) the goal with respect to a marriage proposal\nn. an act of intending; a volition that you intend to carry out,"n. 意图, 目的, 含义\n[医] 愈合, 意向",,3,1,zk gk cet4 cet6 ky toefl,1523,2517,s:intentions
interest,'intrist,n. a sense of concern with and curiosity about someone or something\nn. the power of attracting or holding one's attention (because it is unusual or exciting etc.)\nn. a fixed charge for borrowing money; usually a percentage of the amount borrowed\nn. (law) a right or legal share of something; a financial involvement with something,"n. 兴趣, 嗜好, 利息, 利益, 爱好, 趣味, 势力\nvt. 使感兴趣, 与...有关系",,5,1,zk gk cet4 cet6 ky toefl ielts,231,416,s:interests/3:interests/p:interested/d:interested/i:interesting
interesting,'intristiŋ,a. arousing or holding the attention,a. 有趣的,,3,1,zk gk,1032,1072,i:interesting/0:interesting/1:i
international,.intә'næʃәnәl,n. any of several international socialist organizations\na. concerning or belonging to all or at least two or more nations,a. 国际的\nn. 国别设定\n[计] 国别设定,,5,1,zk gk cet4 cet6 ky ielts,435,500,s:internationals
internet,'intәnet,n. a computer network consisting of a worldwide network of computer networks that use the TCP/IP network protocols to facilitate data transmission and exchange,"[计] 因特网, 国际互连网, 网际网络, 互连网络, 广域网",,,1,zk gk cet4 ky ielts,31055,1467,
interpreter,in'tә:pritә,n. someone who mediates between speakers of different languages\nn. someone who uses art to represent something\nn. (computer science) a program that translates and executes source language statements one line at a time,"n. 直译程序, 解释者, 口译者, 注释器\n[计] 注释器",,,,gk cet4 cet6,7208,5628,s:interpreters
interrupt,.intә'rʌpt,n. a signal that temporarily stops the execution of a program so that another procedure can be carried out\nv. make a break in\nv. destroy the peace or tranquility of\nv. interfere in someone else's activity,"vt. 中断, 妨碍, 插嘴\nvi. 打断\nn. 中断\n[计] 中断",,2,1,gk cet4 cet6 ky toefl gre,3386,3407,p:interrupted/d:interrupted/i:interrupting/3:interrupts/s:interrupts
interval,'intәvәl,n. a set containing all points (or all real numbers) between two given endpoints\nn. the distance between things\nn. the difference in pitch between two notes,"n. 间隔, 距离, 间歇, 间隙\n[计] 时间间隔",,2,1,gk cet4 cet6 ky toefl ielts,2689,4646,s:intervals
interview,'intәvju:,"n. the questioning of a person (or a conversation in which information is elicited); often conducted by journalists\nv. conduct an interview in television, newspaper, and radio reporting\nv. discuss formally with (somebody) for the purpose of an evaluation\nv. go for an interview in the hope of being hired","n. 面谈, 访问, 接见, 面试\nvt. 接见, 对...进行面谈(试)",,4,1,zk gk cet4 cet6 ky ielts,1421,944,s:interviews/d:interviewed/p:interviewed/i:interviewing/3:interviews
into,'intu:,"prep. To the inside of; within. It is used in a variety of\n   applications.\nprep. Expressing entrance, or a passing from the outside of a\n   thing to its interior parts; -- following verbs expressing motion; as,\n   come into the house; go into the church; one stream falls or runs into\n   another; water enters into the fine vessels of plants.\nprep. Expressing penetration beyond the outside or surface, or\n   access to the inside, or contents; as, to look into a letter or book;\n   to look into an apartment.\nprep. Indicating insertion; as, to infuse more spirit or\n   animation into a composition.\nprep. Denoting inclusion; as, put these ideas into other words.\nprep. Indicating the passing of a thing from one form,\n   condition, or state to another; as, compound substances may be resolved\n   into others which are more simple; ice is convertible into water, and\n   water into vapor; men are more easily drawn than forced into\n   compliance; we may reduce many distinct substances into one mass; men\n   are led by evidence into belief of truth, and are often enticed into\n   the commission of crimes'into; she burst into tears; children are\n   sometimes frightened into fits; all persons are liable to be seduced\n   into error and folly.","prep. 进入...之内, 朝..., 深入...之中, 成为...状况",,5,1,zk gk,57,65,
introduce,.intrә'dju:s,"v. cause to come to know personally\nv. bring something new to an environment\nv. bring in or establish in a new place or environment\nv. bring before the public for the first time, as of an actor, song, etc.","vt. 介绍, 引入, 采用, 输入\n[法] 引进, 输入, 介绍",,4,1,zk gk cet4 cet6 ky,698,1225,d:introduced/i:introducing/p:introduced/3:introduces
introduction,.intrә'dʌkʃәn,n. the act of beginning something new\nn. the first section of a communication\nn. a basic or elementary instructional text\nn. a new proposal,"n. 介绍, 传入, 采用, 初步",,2,1,zk gk cet4 cet6 ky ielts,1379,2904,s:introductions
invent,in'vent,"v. come up with (an idea, plan, explanation, theory, or principle) after a mental effort","vt. 发明, 创作, 虚构\n[机] 发明",,2,1,zk gk cet4 cet6 ky,3639,3398,d:invented/p:invented/i:inventing/3:invents
invention,in'venʃәn,n. the creation of something in the mind\nn. a creation (a new device or process) resulting from study and experimentation\nn. the act of inventing,"n. 发明, 创作能力, 虚构的故事\n[经] 发明",,2,1,zk gk cet4 cet6 ky,4752,4773,s:inventions
inventor,in'ventә,n. someone who is the first to think of or make something,"n. 发明家\n[法] 发明人, 发明家, 创造者",,1,,gk cet4 cet6,10125,8188,s:inventors
invitation,.invi'teiʃәn,n. a request (spoken or written) to participate or be present or take part in something\nn. a tempting allurement,"n. 邀请, 请柬, 引诱\n[经] 邀请, 招待, 吸引",,3,1,gk cet4 cet6 ky,3177,4072,s:invitations
invite,in'vait,n. a colloquial expression for invitation\nv. increase the likelihood of\nv. invite someone to one's house\nv. ask someone in a friendly way to do something,"vt. 邀请, 请求, 引起, 招致\nn. 邀请",,4,1,zk gk cet4 cet6 ky,1502,1601,d:invited/p:invited/3:invites/i:inviting
Ireland,'aiәlәnd,n. a republic consisting of 26 of 32 counties comprising the island of Ireland; achieved independence from the United Kingdom in 1921\nn. an island comprising the republic of Ireland and Northern Ireland,n. 爱尔兰,,,,gk,1040,0,
Irish,'airiʃ,n. people of Ireland or of Irish extraction\nn. whiskey made in Ireland chiefly from barley\nn. the Celtic language of Ireland,"n. 爱尔兰人, 爱尔兰语\na. 爱尔兰的",,,,gk,1592,2930,
iron,'aiәn,n. a heavy ductile magnetic metallic element; is silver-white in pure form but readily rusts; used in construction and tools and armament; plays a role in the transport of oxygen by the blood\nn. a golf club that has a relatively narrow metal head\nn. implement used to brand live stock\nn. home appliance consisting of a flat metal base that is heated and used to smooth cloth,"n. 铁, 熨斗, 铁器, 坚强, 烙铁, 镣铐\nvt. 烫平, 熨, 用铁包\nvi. 烫平",,3,1,zk gk cet4 cet6 ky,1877,2280,s:irons/d:ironed/i:ironing/p:ironed/3:irons
irrigate,'irigeit,"v. supply with a constant flow or sprinkling of some liquid, for the purpose of cooling, cleansing, or disinfecting","vt. 灌溉, 冲洗伤口, 使清新\nvi. 灌溉",,1,,gk ky toefl gre,26536,16313,d:irrigated/i:irrigating/p:irrigated/3:irrigates
irrigation,.iri'geiʃәn,n. supplying dry land with water by means of ditches etc\nn. (medicine) cleaning a wound or body organ by flushing or washing out with water or a medicated solution,"n. 灌溉, 冲洗\n[医] 冲洗法, 灌溉",,,,gk cet6 toefl ielts,12413,6974,s:irrigations
island,'ailәnd,n. a land mass (smaller than a continent) that is surrounded by water\nn. a zone or area resembling an island,"n. 岛, 岛屿, 孤立地区, 安全岛\nvt. 使成岛状, 孤立",,4,1,zk gk cet4 cet6 ky ielts,982,1512,s:islands
it,it,n the branch of engineering that deals with the use of computers and telecommunications to retrieve and store and transmit information,"pron. 它\n[计] 信息论, 输入终端, 智能终端, 内捕获",,5,1,zk gk,9,10,
Italian,i'tæljәn,n. a native or inhabitant of Italy\nn. the Romance language spoken in Italy\na. of or pertaining to or characteristic of Italy or its people or culture or language,"n. 意大利人, 意大利语\na. 意大利的, 意大利语的",,,,gk cet4 cet6,2201,2637,s:italians
Italy,'itәli,n. a republic in southern Europe on the Italian Peninsula; was the core of the Roman Republic and the Roman Empire between the 4th century BC and the 5th century AD,n. 意大利,,,,gk ielts,1810,0,
its,its,n the branch of engineering that deals with the use of computers and telecommunications to retrieve and store and transmit information,pron. 它的,,5,1,zk gk,58,78,
itself,it'self,"pron. The neuter reciprocal pronoun of It; as, the thing is\n   good in itself; it stands by itself.","pron. 它本身, 它自己",,5,1,zk gk,396,556,
jacket,'dʒækit,n. a short coat\nn. an outer wrapping or casing\nn. the outer skin of a potato\nn. the tough metal shell casing for certain kinds of ammunition,"n. 夹克, 外套, 护套\nvt. 给...穿夹克, 给...装护套",,3,1,zk gk cet4 cet6 ky ielts,2400,2267,s:jackets/i:jacketing/p:jacketed/3:jackets/d:jacketed
jam,dʒæm,n. preserve of crushed fruit\nv. push down forcibly\nv. crush or bruise\nv. interfere with or prevent the reception of signals,"n. 果酱, 拥塞之物, 堵塞, 困境\nvt. 挤进, 使塞满, 混杂, 压碎, 使堵塞\nvi. 堵塞, 轧住, 拥挤",,2,1,gk cet4 cet6 ky ielts,5571,5470,d:jammed/s:jams/i:jamming/p:jammed/3:jams
January,'dʒænjuәri,n. the first month of the year; begins 10 days after the winter solstice,n. 一月,,4,1,zk gk ielts,984,0,
Japan,dʒә'pæn,"n. a string of more than 3,000 islands to the east of Asia extending 1,300 miles between the Sea of Japan and the western Pacific Ocean\nn. a constitutional monarchy occupying the Japanese Archipelago; a world leader in electronics and automobile manufacture and ship building\nn. lacquerware decorated and varnished in the Japanese manner with a glossy durable black lacquer",n. 日本\n[化] 天然漆; 大漆; 漆器,,,,zk gk,1471,0,i:japanning/p:japanned/3:japans/d:japanned
Japanese,.dʒæpә'ni:z,n. a native or inhabitant of Japan\nn. the language (usually considered to be Altaic) spoken by the Japanese\na. of or relating to or characteristic of Japan or its people or their culture or language,"n. 日本人, 日语\na. 日本的, 日语的",,,,zk gk ielts,1820,1718,
jar,dʒɑ:,n. a vessel (usually cylindrical) with a wide mouth and without handles\nn. the quantity contained in a jar\nv. shock physically\nv. affect in a disagreeable way,"n. 广口瓶, 震动, 刺耳声\nvi. 震惊, 冲突, 发刺耳声, 不一致\nvt. 震动, 刺激",,2,,gk cet4 cet6 ky toefl gre,5688,4262,s:jars/p:jarred/i:jarring/d:jarred/3:jars
jaw,dʒɒ:,n. the part of the skull of a vertebrate that frames the mouth and holds the teeth\nn. the bones of the skull that frame the mouth and serve to open it; the bones that hold the teeth\nn. holding device consisting of one or both of the opposing parts of a tool that close to hold an object,"n. 颚, 颌\nv. 闲谈, 教训, 唠叨",,2,,gk cet4 cet6 ky toefl,3999,4087,s:jaws/p:jawed/i:jawing/3:jaws/d:jawed
jazz,dʒæz,n. a genre of popular music that originated in New Orleans around 1900 and developed through increasingly complex styles\nn. a style of dance music popular in the 1920s; similar to New Orleans jazz but played by large bands\nv. play something in the style of jazz,"n. 爵士乐, 喧闹\na. 爵士乐的, 喧吵的\nvi. 演奏爵士乐, 跳爵士舞, 游荡\nvt. 奏爵士乐, 使活泼",,3,,gk cet4 ky gre,5759,3848,i:jazzing/p:jazzed/3:jazzes/d:jazzed
jeans,dʒi:nz,n (usually plural) close-fitting trousers of heavy denim for manual work or casual wear\nn a coarse durable twill-weave cotton fabric,"n. 工装裤, 牛仔裤",,2,1,zk gk cet4 ky ielts,4826,3421,s:jeans/0:jeans/1:s
jeep,dʒi:p,n. a car suitable for traveling over rough terrain,n. 吉普车\nvi. 乘吉普车\nvt. 用吉普车运,,1,,gk,8186,9569,s:jeeps
jet,dʒet,n. an airplane powered by one or more jet engines\nn. the occurrence of a sudden discharge (as of liquid)\nn. a hard black form of lignite that takes a brilliant polish and is used in jewelry or ornamentation\nn. atmospheric discharges (lasting 10 msec) bursting from the tops of giant storm clouds in blue cones that widen as they flash upward,"n. 喷射流, 喷嘴, 煤玉\nv. 射出, 迸出, 喷射\na. 黑而发亮的, 墨黑的",,3,,gk cet4 cet6 ky,3846,3144,s:jets/i:jetting/p:jetted/d:jetted/3:jets
jewel,'dʒu:әl,n. a precious or semiprecious stone incorporated into a piece of jewelry\nn. a person who is as brilliant and precious as a piece of jewelry,"n. 珠宝, 贵重物, 镶珠宝的饰物\nvt. 饰以珠宝, 镶以宝石",,2,,gk cet4 cet6 ky toefl,6409,6074,s:jewels/p:jewelled/d:jewelled/i:jewelling/3:jewels
jewelry,'dʒu:әlri,n. an adornment (as a bracelet or ring or necklace) made of precious metals and set with gems (or imitation gems),"n. 珠宝, 珠宝类",,,,gk ky toefl ielts,0,4187,
job,dʒɒb,"n. a specific piece of work required to be done as a duty or for a specific fee\nn. a workplace; as in the expression ""on the job""; \nn. an object worked on; a result produced by working\nn. the responsibility to do something","n. 工作, 零活, 职业, 事情\nvi. 做零工, 打杂, 做股票经纪, 假公济私\nvt. 代客买卖, 批发, 承包, 欺骗\n[计] 作业",,5,1,zk gk ielts,272,243,s:jobs/i:jobbing/p:jobbed/3:jobs/d:jobbed
jog,dʒɒg,n. a sharp change in direction\nn. a slow pace of running\nv. run for exercise\nv. give a slight push to,"n. 轻推, 轻撞, 慢跑\nv. 轻推, (使)蹒跚行进, (使)慢跑",,1,,gk cet6 ky toefl ielts gre,8826,8335,p:jogged/i:jogging/s:jogs/d:jogged/3:jogs
join,dʒɒin,v. become part of; become a member of a group or organization\nv. cause to become joined or linked\nv. come into the company of\nv. make contact or come together,"vi. 参加, 结合, 加入\nvt. 连接, 结合, 参加, 加入\nn. 连接, 结合, 接合点\n[计] 连接; 汇合指令",,5,1,zk gk toefl,578,505,p:joined/d:joined/i:joining/3:joins/s:joins
joke,dʒәuk,n. a humorous anecdote or remark intended to provoke laughter\nn. a triviality not to be taken seriously\nv. tell a joke; speak humorously\nv. act in a funny or teasing way,"n. 笑话, 玩笑, 笑柄\nv. 开玩笑, 取笑, 作弄",,3,1,zk gk cet4 ky,2533,2246,s:jokes/i:joking/p:joked/3:jokes/d:joked
journalist,'dʒә:nәlist,n. a writer for newspapers and magazines,"n. 新闻记者, 从事新闻杂志业的人",,4,1,gk cet4 cet6 ky toefl ielts,2607,2099,s:journalists
journey,'dʒә:ni,n. the act of traveling from one place to another,"n. 旅程, 旅行, 行程\nvi. 旅行\nvt. 游历",,3,1,gk cet4 cet6 ky,1662,2409,s:journeys/p:journeyed/i:journeying/d:journeyed/3:journeys
joy,dʒɒi,n. the emotion of great happiness\nn. something or someone that provides a source of happiness,"n. 欢喜, 乐事, 高兴\nvt. 使快乐, 令人高兴\nvi. 欢喜",,3,1,zk gk cet4 ky,2881,2816,s:joys/i:joying/p:joyed/3:joys/d:joyed
judge,dʒʌdʒ,n. a public official authorized to decide questions brought before a court of justice\nv. determine the result of (a competition)\nv. put on trial or hear a case and sit as the judge at the trial of,"n. 法官, 裁判员, 审判官, 鉴定人\nvt. 审理, 鉴定, 判断, 判决, 裁定\nvi. 下判断, 作评价",,4,1,gk cet4 cet6 ky,1362,1115,s:judges/d:judged/i:judging/p:judged/3:judges
judgement,'dʒʌdʒmәnt,n the legal document stating the reasons for a judicial decision\nn an opinion formed by judging something\nn the cognitive process of reaching a decision or drawing conclusions\nn the mental ability to understand and discriminate between relations\nn the capacity to assess situations or circumstances shrewdly and to draw sound conclusions\nn (law) the determination by a court of competent jurisdiction on matters submitted to it\nn the act of judging or assessing a person or situation or event,"n. 审判, 判决, 判断\n[经] 判定, 审定, 鉴定",,,1,gk cet4 cet6 ky toefl,2486,14669,s:judgements
juice,dʒu:s,n. the liquid part that can be extracted from plant or animal tissue by squeezing or cooking\nn. energetic vitality\nn. electric current\nn. any of several liquids of the body,"n. 汁, 活力, 体液\nvt. 挤出汁来, 加汁",,3,1,zk gk toefl ielts,3724,2310,s:juices
juicy,'dʒusi,a. full of juice\ns. having strong sexual appeal,"a. 多汁液的, 生动的, 多水分的",,1,,gk toefl,14477,8742,t:juiciest/r:juicier
July,dʒu:'lai,n. the month following June and preceding August,n. 七月,,4,1,zk gk ielts,847,0,
jump,dʒʌmp,n. a sudden and decisive increase\nn. (film) an abrupt transition from one scene to another\nn. descent with a parachute\nn. the act of jumping; propelling yourself off the ground,"n. 跳跃, 跳动, 暴涨, 惊跳\nvt. 跳跃, 跃过, 突升, 使跳跃\nvi. 跳跃, 跳, 跳动, 暴涨\n[计] 转移, 跳转",,4,1,zk gk,1784,1346,p:jumped/i:jumping/d:jumped/3:jumps/s:jumps
June,dʒu:n,n. the month following May and preceding July,n. 六月,,4,1,zk gk ielts,691,0,
jungle,'dʒʌŋgl,n. a location marked by an intense competition and struggle for survival\nn. an impenetrable equatorial forest,"n. 丛林, 杂乱的一堆, 弱肉强食的地方",,2,,gk cet4 cet6 ky toefl ielts,5317,4507,s:jungles
junior,'dʒu:njә,n. term of address for a disrespectful and annoying male\nn. a third-year undergraduate\nn. the younger of two persons\nn. a son who has the same first name as his father,"n. 年少者, 地位较低者, 大学三年级学生\na. 年少的, 下级的, 后进的",,3,1,gk cet4 cet6 ky ielts,2820,2451,s:juniors
junk,dʒʌŋk,n. any of various Chinese boats with a high poop and lugsails,"n. 垃圾, 乌七八糟的东西, 舢板\n[计] 清除",,2,,gk cet6 ky ielts,7753,5130,s:junks/i:junking/d:junked/p:junked/3:junks/r:junker
just,dʒʌst,a. used especially of what is legally or ethically right or proper or fitting\nr. only a moment ago\nr. absolutely\nr. exactly at this moment or the moment described;,"a. 正直的, 合理的, 正确的, 应得的\nadv. 刚刚, 正好, 仅仅",,1,1,zk gk,72,66,
justice,'dʒʌstis,n. the quality of being just or fair\nn. judgment involved in the determination of rights and the assignment of rewards and punishments,"n. 正义, 公平, 公正, 正确, 司法, 审判",,4,1,gk cet4 cet6 ky toefl,1287,1481,s:justices
kangaroo,.kæŋgә'ru:,n. any of several herbivorous leaping marsupials of Australia and New Guinea having large powerful hind legs and a long thick tail,n. 袋鼠\n[医] 袋鼠(澳洲产),,1,,gk ielts gre,15573,15706,s:kangaroos
keep,ki:p,"n. the main tower within the walls of a medieval castle or fortress\nv. keep in a certain state, position, or activity; e.g., ""keep clean""\nv. retain possession of\nv. look after; be the keeper of; have charge of","n. 生计, 维持, 保持\nvt. 保持, 保存, 遵守, 看守, 整理, 维持, 履行, 经营, 拘留, 记帐\nvi. 保持, 继续不断",,5,1,zk gk ielts,171,156,p:kept/d:kept/i:keeping/3:keeps
keeper,'ki:pә,n. someone in charge of other people,"n. 监护人, 管理人, 看守人\n[机] 保管人, 看守人, 保持片",,2,,gk cet4 cet6,4146,7388,s:keepers
kettle,'ketl,n. a metal pot for stewing or boiling; usually has a lid\nn. the quantity a kettle will hold\nn. a large hemispherical brass or copper percussion instrument with a drumhead that can be tuned by adjusting the tension on it,"n. 茶壶, 罐\n[化] 釜体釜; 锅",,1,,gk cet4 cet6 ky toefl,5784,10726,s:kettles/p:kettled
key,ki:,n. metal device shaped in such a way that when it is inserted into the appropriate lock the lock's mechanism can be rotated\nn. something crucial for explaining\nn. pitch of the voice\nn. any of 24 major or minor diatonic scales that provide the tonal framework for a piece of music,"n. 钥匙, 键, 解答, 关键, 要害, 基调, 线索, 答案, 暗礁\nvt. 调音, 锁上, 提供线索\nvi. 使用钥匙\n[计] 键, 密钥",,4,1,zk gk ielts,1267,1093,s:keys/d:keyed/i:keying/p:keyed/3:keys
keyboard,'ki:bɒ:d,n. device consisting of a set of keys on a piano or organ or typewriter or typesetting machine or computer or the like\nn. holder consisting of an arrangement of hooks on which keys or locks can be hung,n. 键盘\n[计] 键盘,,2,1,zk gk cet4 cet6 ky toefl,5374,5541,s:keyboards/i:keyboarding/d:keyboarded
kick,kik,n. the act of delivering a blow with the foot\nn. the sudden stimulation provided by strong drink (or certain drugs)\nn. a rhythmic thrusting movement of the legs as in swimming or calisthenics\nv. drive or propel with the foot,"n. 踢, 反冲, 后座力, 凹底\nvi. 踢, 反抗, 反冲\nvt. 踢, 反冲",,4,1,zk gk cet4 cet6 ky,2403,1815,p:kicked/i:kicking/d:kicked/s:kicks/3:kicks
kid,kid,n. soft smooth leather from the hide of a young goat\nn. young goat\nv. be silly or tease one another,"n. 小山羊, 小山羊肉, 小孩, 欺骗\na. 小山羊皮制的\nv. 哄骗, 嘲弄",,4,1,zk gk cet4 ky,1572,312,s:kids/i:kidding/p:kidded/3:kids/d:kidded
kill,kil,"n. the destruction of an enemy plane or ship or tank or missile\nv. cause to die; put to death, usually intentionally or knowingly\nv. thwart the passage of\nv. be fatal","n. 杀, 杀戮, 小河\nvt. 杀, 破坏, 消灭, 使终止, 抵消, 否决\nvi. 杀死\n[计] 删除",,5,1,zk gk cet4 ky,635,425,d:killed/i:killing/p:killed/3:kills
kilo,'kilәu,n one thousand grams; the basic unit of mass adopted under the Systeme International d'Unites,n. 千\n[计] 千,,1,,zk gk ky,11522,0,s:kilos
kilogram,'kilәgræm,n. one thousand grams; the basic unit of mass adopted under the Systeme International d'Unites,"n. 千克, 公斤\n[医] 千克, 公斤",,1,1,zk gk cet4,15873,0,s:kilograms
kind,kaind,"n. a category of things distinguished by some common characteristic or quality\na. having or showing a tender and considerate and helpful nature; used especially of persons and their behavior\ns. agreeable, conducive to comfort\ns. tolerant and forgiving under provocation","n. 种类, 性质, 方式\na. 亲切的, 仁慈的, 和蔼的",,2,1,zk gk,337,250,s:kinds/r:kinder/t:kindest
kindergarten,'kindә.gɑ:tn,n. a preschool for children age 4 to 6 to prepare them for primary school,n. 幼稚园,,1,,gk ky ielts,20561,6121,s:kindergartens
kindness,'kaindnis,n. the quality of being warmhearted and considerate and humane and sympathetic\nn. a kind act,"n. 仁慈, 亲切, 和蔼",,1,1,gk cet4 cet6 ky,7000,7682,s:kindnesses
king,kiŋ,n. a male sovereign; ruler of a kingdom\nn. a competitor who holds a preeminent position\nn. preeminence in a particular category or group or field\nn. United States woman tennis player (born in 1943),"n. 国王, 君主\nvt. 使...成为君主\nvi. 君临, 统治",,4,1,zk gk cet4 ky ielts,612,2080,s:kings
kingdom,'kiŋdәm,n. a domain in which something is dominant\nn. a country with a king as head of state\nn. the domain ruled by a king or queen\nn. a monarchy with a king or queen as head of state,"n. 王国, 领域\n[医] 界(动物,植物,矿物)",,2,,gk cet4 cet6 ky toefl,2070,4487,s:kingdoms
kiss,kis,n. the act of caressing with the lips (or an instance thereof)\nn. a cookie made of egg whites and sugar\nn. any of several bite-sized candies\nn. a light glancing touch,n. 吻\nvt. 吻\nvi. 接吻,,3,1,zk gk cet4 ky,2408,2302,p:kissed/i:kissing/s:kisses/d:kissed/3:kisses
kitchen,'kitʃin,n. a room equipped for preparing meals,"n. 厨房, 全套炊具\n[医] 厨房",,4,1,zk gk toefl ielts,1124,1051,s:kitchens
kite,kait,n. a bank check that has been fraudulently altered to increase its face value\nn. a bank check drawn on insufficient funds at another bank in order to take advantage of the float\nn. plaything consisting of a light frame covered with tissue paper; flown in wind at end of a string\nn. any of several small graceful hawks of the family Accipitridae having long pointed wings and feeding on insects and small animals,"n. 风筝, 筝帆, 空头支票, 骗子\nvi. 象风筝一样飞, 轻快地移动, 使用空头支票\nvt. 使上升, 骗钱",,1,,zk gk cet4 cet6 ky,5870,9509,s:kites/i:kiting/p:kited/3:kites/d:kited
knee,ni:,n. hinge joint in the human leg connecting the tibia and fibula with the femur and protected in front by the patella\nn. the part of a trouser leg that provides the cloth covering for the knee,"n. 膝, 膝盖\nvt. 膝行, 用膝盖碰",,3,1,zk gk cet4 cet6 ky,1979,1488,s:knees/i:kneeing
knife,naif,n. edge tool used as a cutting instrument; has a pointed blade with a sharp edge and a handle\nn. a weapon with a handle and blade with a sharp point\nv. use a knife on,"n. 小刀, 匕首\nvt. 切割, 伤害, 切, 戳\nvi. 劈开, 穿过",,3,1,zk gk ielts,2471,2240,s:knives/d:knifed/i:knifing/p:knifed/3:knifes
knock,nɒk,n. the sound of knocking (as on a door or in an engine or bearing)\nn. negative criticism\nn. a vigorous blow\nn. a bad experience,"n. 敲, 敲打, 敲门\nv. 敲击, 互撞, 攻击",,3,1,zk gk,1958,2087,p:knocked/d:knocked/i:knocking/s:knocks/3:knocks
know,nәu,n. the fact of being aware of information that is known to few people\nv. be cognizant or aware of a fact or a specific piece of information; possess knowledge or information about\nv. know how to do or perform something\nv. be aware of the truth of something; have a belief or faith in something; regard as true beyond any doubt,"v. 知道, 了解, 认识, 确信",,3,1,zk gk,49,47,p:knew/d:known/3:knows/i:knowing
knowledge,'nɒlidʒ,n the psychological result of perception and learning and reasoning,"n. 知识, 学问, 认识, 知道",,4,1,zk gk cet4 cet6 ky ielts,689,839,s:knowledges
lab,læb,n. a workplace for the conduct of scientific research,"n. 实验室, 研究室\n[医] 凝乳酶",,2,,zk gk cet4 cet6 ky ielts,4848,2089,s:labs
labour,'leibә,n a social class comprising those who do manual labor or work for wages\nn concluding state of pregnancy; from the onset of contractions to the birth of a child\nn a political party formed in Great Britain in 1900; characterized by the promotion of labor's interests and formerly the socialization of key industries\nn productive work (especially physical work done for wages)\nv work hard\nv strive and make an effort to reach a goal\nv undergo the efforts of childbirth,"n. 劳动, 努力, 工作, 劳工, 分娩\nvi. 劳动, 努力, 苦干\nvt. 详细分析, 使厌烦",,5,1,zk gk cet4 cet6,724,16348,s:labours/i:labouring/p:laboured/d:laboured/3:labours
labourer,'leibәrә,n someone who works with their hands; someone engaged in manual labor,"n. 劳动者, 干体力工作的工人, 劳工\n[机] 劳动者",,1,,gk,5556,32892,s:labourers
lack,læk,n. the state of needing something that is absent or unavailable,"n. 缺乏, 无, 不足\nvt. 缺乏, 短少, 不足, 需要\nvi. 缺乏",,4,1,gk cet4 ky ielts,1103,1229,i:lacking/p:lacked/3:lacks/d:lacked
ladder,'lædә,n. steps consisting of two parallel members connected by rungs; for climbing up or down\nn. ascending stages by which somebody or something can progress\nv. come unraveled or undone as if by snagging,"n. 梯, 梯状物, 发迹的途径\nvi. 袜子抽丝, 成名",,2,,gk cet4 cet6 ky,4136,4505,s:ladders/d:laddered/p:laddered/i:laddering/3:ladders
lady,'leidi,n. a polite name for any woman\nn. a woman of the peerage in Britain,"n. 淑女, 夫人, 女士, 贵妇",,4,1,zk gk cet4 ky,774,1517,s:ladies
lake,leik,n. a body of (usually fresh) water surrounded by land\nn. a purplish red pigment prepared from lac or cochineal\nn. any of numerous bright translucent organic pigments,"n. 湖, 池, 色淀\nv. (使)血球溶解",,3,1,zk gk ielts,1812,1950,s:lakes
lamb,læm,n. young sheep\nn. English essayist (1775-1834)\nn. a person easily deceived or cheated (especially in financial matters)\nn. a sweet innocent mild-mannered person (especially a child),"n. 小羊, 羔羊\nv. 产羊羔",,2,,zk gk cet4 cet6 ky ielts,4170,5590,s:lambs/i:lambing/p:lambed/3:lambs/d:lambed
lame,leim,n. a fabric interwoven with threads of metal,"a. 跛足的, 僵痛的, 不完全的, 金属薄板, 不知内情的人\nvi. 变跛\nvt. 使成残废, 使无用",,1,,gk cet4 cet6 ky ielts,11787,9982,3:lames/d:lamed/p:lamed/i:laming/t:lamest/r:lamer
lamp,læmp,n. an artificial source of visible illumination\nn. a piece of furniture holding one or more electric light bulbs,n. 灯\nvt. 照亮\n[计] 逻辑模拟分析系统,,2,1,zk gk cet4 cet6 ky toefl ielts,3340,3936,s:lamps
land,lænd,n. the land on which real estate is located\nn. material in the top layer of the surface of the earth in which plants can grow (especially with reference to its quality or use)\nn. the solid part of the earth's surface\nn. United States inventor who incorporated Polaroid film into lenses and invented the one step photographic process (1909-1991),"n. 陆地, 地面, 地界, 地产, 国土, 土地\nvi. 登陆, 登岸, 到达\nvt. 使上岸, 使登陆, 使到达\n[计] 连接盘; 焊盘",,5,1,zk gk toefl ielts,472,566,s:lands/p:landed/d:landed/i:landing/3:lands
language,'læŋgwidʒ,n. a systematic means of communicating by the use of sounds or conventional symbols\nn. the mental faculty or power of vocal communication,"n. 语言, 文字, 措辞\n[计] 语言",,4,1,zk gk ielts,436,722,s:languages
lantern,'læntәn,n. light in a transparent protective case,"n. 灯笼, 提灯, 航标灯\nvt. 装上提灯",,1,,gk cet4 cet6 ky,10101,8338,s:lanterns
lap,læp,n. the upper side of the thighs of a seated person\nn. an area of control or responsibility\nn. the part of a piece of clothing that covers the thighs\nn. a flap that lies over another part,"n. 膝盖, 舔, 一圈, 下摆, 衣兜, 山坳\nvi. 重叠, 围住, 轻拍, 舔\nvt. 包围, 抱...在膝上, 使重叠, 舔, 拍打, 泼溅\n[计] 链接访问程序",,3,,gk cet4 cet6 ky ielts gre,4140,3359,s:laps/d:lapped/i:lapping/p:lapped/3:laps
large,lɑ:dʒ,n. a garment size for a large person\na. above average in size or number or quantity or magnitude or extent\ns. fairly large or important in effect; influential\ns. having broad power and range and scope,"a. 大的, 大量的, 宽大的, 广博的\nadv. 大大地, 夸大地",,5,1,zk gk,181,220,r:larger/t:largest
laser,'leizә,n. an acronym for light amplification by stimulated emission of radiation; an optical device that produces an intense monochromatic beam of coherent light,n. 激光\n[计] 激光器,,2,,gk cet4 cet6 ky toefl ielts,4841,3896,s:lasers/p:lasered/d:lasered/i:lasering
last,lɑ:st,"n. the last or lowest in an ordering or series\nn. a person's dying act; the final thing a person can do\nn. a unit of weight equal to 4,000 pounds\nn. a unit of capacity for grain equal to 80 bushels","a. 最后的, 末尾的, 最近的\nvi. 持续, 支持, 维持\nvt. 使维持, 够...用\nadv. 最后, 后来\nn. 最后, 末尾, 鞋楦头",,2,1,gk,119,130,p:lasted/3:lasts/i:lasting/d:lasted
late,leit,a. being or occurring at an advanced period of time or after a usual or expected time\ns. of the immediate past or just previous to the present time\ns. having died recently\na. of a later stage in the development of a language or literature; used especially of dead languages,"a. 迟的, 晚的, 已故的\nadv. 很晚, 很迟, 晚",,5,1,zk gk,298,437,r:later/t:latest
lately,'leitli,r in the recent past,"adv. 近来, 最近",,2,,gk cet4 cet6 ky toefl,6088,4028,r:latelier
later,'leitә,s. coming at a subsequent time or stage\nr. comparative of the adverb `late',"adv. 以后, 随后",,5,1,gk cet4 cet6 ky,279,295,0:late/1:r
latest,'leitist,n. the most recent news or development\ns. in the current fashion or style,a. 最近的,,4,1,gk ielts,0,0,0:late/1:t
latter,'lætә,n. the second of two or the second mentioned of two\na. referring to the second of two things or persons mentioned (or the last one or ones of several),"a. 后者的, 较后的, 近来的",,3,1,gk cet4 cet6 ky toefl,1251,2725,
laugh,lɑ:f,n. the sound of laughing\nn. a facial expression characteristic of a person laughing\nv. produce laughter,"n. 笑, 笑声\nvi. 笑, 大笑\nvt. 以笑表示",,5,1,zk gk,1021,861,p:laughed/i:laughing/3:laughs/d:laughed/s:laughs
laughter,'lɑ:ftә,n. the activity of laughing; the manifestation of joy or mirth or scorn,"n. 笑, 笑声\n[医] 笑, 大笑",,3,,gk cet4 cet6 ky,3321,3397,
laundry,'lɒ:ndri,n. garments or white goods that can be cleaned by laundering\nn. workplace where clothes are washed and ironed,"n. 洗衣店, 洗好的衣服, 洗涤\n[机] 洗衣作, 洗衣店, 洗衣房",,1,,gk cet4 cet6 ky toefl ielts,7707,4940,s:laundries
lavatory,'lævәtәri,n a room or building equipped with one or more toilets\nn a bathroom sink that is permanently installed and connected to a water supply and drainpipe; where you can wash your hands and face\nn a toilet that is cleaned of waste by the flow of water through it,"n. 洗脸盆, 厕所",,1,,gk cet4 cet6 ky,7030,19680,s:lavatories
law,lɒ:,n. the collection of rules imposed by authority\nn. legal document setting forth rules governing a particular kind of activity\nn. a rule or body of rules of conduct inherent in human nature and essential to or binding upon human society\nn. a generalization that describes recurring facts or events in nature,"n. 法律, 法则, 定律, 法律的制约, 法学, 司法界, 诉讼\nv. 起诉",,5,1,zk gk cet4 cet6 ky ielts,278,287,s:laws
lawyer,'lɒ:jә,n. a professional person authorized to practice law; conducts lawsuits or gives legal advice,n. 律师\n[经] 律师,,4,1,gk cet4 cet6 ky ielts,1962,816,s:lawyers
lay,lei,"v. put in a horizontal position\nv. prepare or position for action or operation\nv. lay eggs\nv. impose as a duty, burden, or punishment","vt. 放置, 产, 铺设, 布置, 提出, 平息\nvi. 下蛋, 打赌\nn. 位置, 层, 隐藏处\na. 世俗的, 外行的\nlie的过去式",,4,1,zk gk cet4 cet6 ky toefl ielts,958,803,0:lie/1:p/d:laid/p:laid/i:laying/3:lays
lazy,'leizi,s. moving slowly and gently,"a. 懒惰的, 怠惰的, 缓慢的\nvi. 懒散",,2,1,zk gk cet4 ky,6453,6238,t:laziest/r:lazier
lead,li:d. led,n. an advantage held by a competitor in a race\nn. a soft heavy toxic malleable metallic element; bluish white when freshly cut but tarnishes readily to dull grey\nn. evidence pointing to a possible solution\nn. a position of leadership (especially in the phrase `take the lead'),"n. 铅, 铅条, 领导, 超前量, 领引, 榜样, 主角, 导线\nvt. 引导, 带领, 领导, 指挥, 致使, 加铅于, 用铅包\nvi. 领导, 带头, 导致, 用测深锤测深, 被铅覆盖\na. 带头的, 最重要的",,2,1,zk gk cet4 ky toefl,263,318,p:led/d:led/i:leading/3:leads/s:leads/0:lead/1:d
leader,'li:dә,n. a person who rules or guides or inspires others,"n. 领导者, 社论, 指挥, 领袖, 领唱者, 前导字符\n[计] 前导字符",,5,1,zk gk cet4 cet6,604,463,s:leaders
leading,'li:diŋ,s. indicating the most important performer or role\ns. greatest in importance or degree or significance or achievement\na. going or proceeding or going in advance; showing the way,"n. 领导, 指挥, 神示, 铅板\na. 领导的, 主要的, 在前的",,4,1,gk cet4 cet6 ky toefl,1551,2188,0:lead/1:i/i:leading
leaf,li:f,n. the main organ of photosynthesis and transpiration in higher plants\nn. a sheet of any written or printed material (especially in a manuscript or book)\nn. hinged or detachable flat section (as of a table or door)\nv. turn over pages,"n. 叶, 树叶, 花瓣, 页\nvi. 生叶, 翻书页\nvt. 在...上长叶, 翻...的页",,3,1,zk gk cet4 cet6 ky,1823,1559,s:leaves/i:leafing/p:leafed/3:leafs/d:leafed
league,li:g,n. an association of sports teams that organizes matches for its members\nn. an association of states or organizations or individuals for common action\nn. an obsolete unit of distance of variable length (usually 3 miles)\nv. unite to form a league,"n. 同盟, 联盟, 盟约\nv. 组联盟, (使)加盟",,4,1,gk toefl,1181,1951,s:leagues/i:leaguing/p:leagued/3:leagues/d:leagued
leak,li:k,n. an accidental hole that allows something (fluid or light etc.) to enter or escape\nn. soft watery rot in fruits and vegetables caused by fungi\nn. a euphemism for urination\nn. unauthorized (especially deliberate) disclosure of confidential information,"n. 漏洞, 漏处, 漏出, 泄漏\nvi. 漏, 泄漏\nvt. 使渗漏",,3,,gk cet4 cet6 ky toefl ielts gre,5948,5165,d:leaked/s:leaks/i:leaking/p:leaked/3:leaks
learn,lә:n,"v. gain knowledge or skills\nv. get to know or become aware of, usually accidentally\nv. be a student of a certain subject",vt. 学习；认识到；得知,,5,1,zk gk ielts,520,304,d:learned/i:learning/p:learned/3:learns
learned,'lә:nid,"v gain knowledge or skills\nv get to know or become aware of, usually accidentally\nv commit to memory; learn by heart\nv be a student of a certain subject\nv impart skills or knowledge to\nv find out, learn, or determine with certainty, usually by making an inquiry or other effort\ns having or showing profound knowledge\ns highly educated; having extensive information or understanding\na established by conditioning or learning","a. 有学问的, 学术上的\nlearn的过去式和过去分词",,1,,gk cet4 cet6 ky,6667,10842,0:learn/1:dp/p:learned/d:learned
least,li:st,n. something that is of no importance\na. the superlative of `little' that can be used with mass nouns and is usually preceded by `the'; a quantifier meaning smallest in amount or extent or degree\nr. used to form the superlative,"n. 最少, 最小, 最小限度\na. 最少的, 最小的\nadv. 最小, 最少",,5,1,zk gk cet4 cet6 ky ielts,2012,302,
leather,'leðә,n. an animal skin made smooth and flexible by removing the hair and then tanning\nv. whip with a leather strap,"n. 皮革, 皮制品, 马镫的皮带\nvt. 覆以皮革, 鞭苔, 抽打\na. 皮革的, 皮制的",,3,1,gk cet4 cet6 ky toefl,2976,2943,s:leathers/i:leathering/p:leathered/3:leathers/d:leathered
leave,li:v,"n. the period of time during which you are absent from work or duty\nn. permission to do something\nv. go away from a place\nv. go and leave behind, either intentionally or by neglect or forgetfulness","n. 许可, 告别, 请假, 休假\nvt. 离开, 剩下, 遗忘, 委托, 丢弃\nvi. 出发, 离开, 生叶",,5,1,zk gk ielts,127,150,d:left/p:left/i:leaving/3:leaves/s:leaves
lecture,'lektʃә,n. a speech that is open to the public\nn. a lengthy rebuke\nn. teaching by giving a discourse on some subject (typically to a class)\nv. deliver a lecture or talk,"n. 演讲, 谴责, 讲稿\nvt. 演讲, 训诫, 说教\nvi. 讲演",,3,1,gk cet4 cet6 ky ielts,2588,3526,s:lectures/i:lecturing/p:lectured/d:lectured/3:lectures
left,left,n. location near or direction toward the left side; i.e. the side to the north when a person or object faces east\nn. those who support varying degrees of social or political or economic change designed to promote the public welfare\nn. the hand that is on the left side of the body\nn. a turn toward the side of the body that is on the north when the person is facing east,"a. 左边的, 左倾的, 左侧的, 左派的\nadv. 在左面\nn. 左, 左面, 左派\nleave的过去式和过去分词",,3,1,zk gk,1045,771,0:leave/1:dp/d:left/p:left
leftover,'leftәuvә,n. a small part or portion that remains after the main part no longer exists\ns. not used up,"n. 剩货, 残留物, 剩饭\na. 残余的",,1,,gk,22683,9769,s:leftovers
leg,leg,n. a human limb; commonly used to refer to a whole limb but technically only the part of the limb between the knee and ankle\nn. a structure in animals that is similar to a human leg and used for locomotion\nn. one of the supports for a piece of furniture\nn. the limb of an animal used for food,"n. 腿, 假腿, 路程\nvi. 走, 跑",,4,1,zk gk,851,856,s:legs
legal,'li:gәl,a. established by or founded upon law or official or accepted rules\na. of or relating to jurisprudence\ns. having legal efficacy or force\na. relating to or characteristic of the profession of law,"a. 法律的, 法定的, 合法的\n[经] 法定权利; 法律(上)的, 合法的",,4,1,gk cet4 cet6 ky toefl ielts,764,883,
lemon,'lemәn,n. yellow oval fruit with juicy acidic flesh\nn. a small evergreen tree that originated in Asia but is widely cultivated for its fruit\nn. a distinctive tart flavor characteristic of lemons\nn. an artifact (especially an automobile) that is defective or unsatisfactory,"n. 柠檬, 柠檬树, 柠檬色\n[医] 柠檬",,2,1,gk cet4 ky ielts,4583,3179,s:lemons
lemonade,.lemә'neid,n. sweetened beverage of diluted lemon juice,n. 柠檬水\n[医] 柠檬水,,1,,zk gk,15571,11562,s:lemonades
lend,lend,v. bestow a quality on\nv. give temporarily; let have for a limited time\nv. have certain characteristics of qualities for something; be open or vulnerable to,"vt. 借, 贷款给, 增添, 提供, 出租\nvi. 贷款",,3,1,zk gk,2740,3548,p:lent/3:lends/d:lent/i:lending
length,leŋθ,n. the linear extent in space from one end to the other; the longest dimension of something that is fixed in place\nn. the property of being the extent of something from beginning to end\nn. a section of something that is long and narrow,"n. 长度, 长, 期间, 一段\n[计] 记录长度; 块长; 字长",,4,1,gk cet4 cet6 ky ielts,1174,1855,s:lengths
less,les,a. (comparative of `little' usually used with mass nouns) a quantifier meaning not as great in amount or degree\ns. (usually preceded by `no') lower in quality\ns. (nonstandard in some uses but often idiomatic with measure phrases) fewer\nr. used to form the comparative of some adjectives and adverbs,"n. 较少, 较小\na. 少的, 小的\nadv. 较少, 较小, 较差\n[计] 最低成本估算与调度法",,5,1,gk cet4 ky,379,477,
lesson,'lesn,n. a unit of instruction\nn. a task assigned for individual study,"n. 课, 课业, 教训",,3,1,zk gk,1953,1325,s:lessons
let,let,n. a serve that strikes the net before falling into the receiver's court; the ball must be served again\nv. make it possible through a specific action or lack of action for something to happen\nv. actively cause something to happen\nv. leave unchanged,"vt. 让, 假设, 出租, 排放, 妨碍\nvi. 出租, 被承包\nn. 出租屋, 障碍",,5,1,zk gk ielts,320,159,i:letting/d:let/0:let/1:dp/p:let/3:lets
letter,'letә,n. a written message addressed to a person or organization\nn. the conventional characters of the alphabet used to represent speech\nn. owner who lets another person use something (housing usually) for hire\nn. a strictly literal interpretation (as distinct from the intention),"n. 信, 字母, 证书, 字面意义, 铅字, 学问, 出租人\nvt. 写字母于, 在...上刻字母, 用字母标明\nvi. 写印刷体字\n[计] 字母",,5,1,zk gk ielts,454,628,s:letters/p:lettered/i:lettering/3:letters/d:lettered
level,'levl,n. height above ground\nn. indicator that establishes the horizontal when a bubble is centered in a tube of liquid\nn. an abstract place usually conceived as having depth\nv. aim at,"n. 水平, 水准, 平地\na. 同高的, 平坦的, 齐平的, 水平的\nvt. 弄平, 夷平, 使同等, 瞄准, 对准\nvi. 变平, 拉平\n[计] 级别",,5,1,zk gk cet4 cet6 ky ielts,241,338,s:levels/d:levelled/p:levelled/i:levelling/3:levels
liberate,'libәreit,v. grant freedom to,"vt. 解放, 释放, 使自由\n[机] 释出, 放出",,3,,gk cet4 cet6 ky toefl gre,8543,7492,d:liberated/p:liberated/3:liberates/i:liberating
liberation,.libә'reiʃәn,n. the act of liberating someone or something\nn. the attempt to achieve equal rights or status,"n. 释放, 解放\n[化] 发出; 释放; 放出",,,,gk cet4 cet6,3880,6230,
liberty,'libәli,n. freedom of choice\nn. personal freedom from servitude or confinement or oppression,"n. 自由, 特权, 许可, 冒失\n[法] 自由, 自由权, 自由区域",,3,,gk cet4 cet6 ky toefl gre,3629,3835,s:liberties
librarian,lai'brєәriәn,n. a professional person trained in library science and engaged in library services,"n. 图书馆员, 图书管理员\n[计] 程序库管理程序; 程序库生成程序",,1,,gk cet4 cet6 ky toefl,4647,7502,s:librarians
library,'laibrәri,n. a room where books are kept\nn. a collection of literary documents or records kept for reference or borrowing\nn. a depository built to contain books and other materials for reading and study\nn. (computing) a collection of standard programs and subroutines that are stored and available for immediate use,"n. 图书馆, 藏书, 库\n[计] 库",,3,1,zk gk ielts,967,2129,s:libraries
license,'laisns,n. a legal document giving official permission to do something\nn. freedom to deviate deliberately from normally applicable rules or practices (especially in behavior or speech)\nn. excessive freedom; lack of due restraint\nn. the act of giving a formal (usually written) authorization,"n. 执照, 许可证, 特许\nvt. 许可, 特许",,2,1,zk gk cet4 cet6 ky gre,6660,2872,d:licensed/i:licensing/s:licenses/3:licenses/p:licensed
lid,lid,"n. a movable top or cover (hinged or separate) for closing the opening at the top of a box, chest, jar, pan, etc.","n. 盖子, 限制, 眼睑\nvt. 给...盖盖子",,2,1,gk cet4 cet6 ky,4537,4658,s:lids/p:lidded
lie,lai,n. a statement that deviates from or perverts the truth\nn. Norwegian diplomat who was the first Secretary General of the United Nations (1896-1968)\nn. position or manner in which something is situated\nv. be located or situated somewhere; occupy a certain position,"n. 谎言, 假象, 位置\nvi. 躺着, 说谎, 位于, 展现, 存在, 停泊\nvt. 谎骗",,3,1,zk gk,483,751,p:lay/i:lying/3:lies/s:lies/d:lain
life,laif,n. a characteristic state or mode of living\nn. the experience of being alive; the course of human events and activities\nn. the course of existence of an individual; the actions and events that occur in living\nn. the period during which something is functional (as between birth and death),"n. 生活, 生命, 人生, 世事, 生物, 寿命, 一生, 生命力, 灵魂, 无期徒刑\n[医] 生活, 生存, 生命, 寿命",,5,1,zk gk,128,114,s:lives
lifetime,'laiftaim,n the period during which something is functional (as between birth and death),"n. 一生, 终生\na. 一生的, 终生的",,2,,gk cet4 cet6 ky,3623,2767,s:lifetimes
lift,lift,n. the act of giving temporary assistance\nn. a wave that lifts the surface of the water or ground\nn. a device worn in a shoe or boot to make the wearer look taller or to correct a shortened leg\nn. one of the layers forming the heel of a shoe or boot,"n. 举起, 帮助, 昂扬, 电梯\nvt. 升高, 提高, 鼓舞, 清偿, 空运, 举起, 剽窃\nvi. 升起, 消散, 耸立",,4,1,zk gk cet4 ky toefl ielts,1345,1343,p:lifted/d:lifted/i:lifting/s:lifts/3:lifts
light,lait,n. (physics) electromagnetic radiation that can produce a visual sensation\nn. any device serving as a source of illumination\nn. a particular perspective or aspect of a situation\nn. an illuminated area,"n. 光, 光亮, 灯, 日光, 发光体, 光源, 杰出人物, 火花, 眼光\na. 轻的, 少量的, 轻微的, 轻快的, 轻浮的, 明亮的, 淡色的, 容易的\nvt. 点燃, 照亮\nvi. 点着, 变亮, 突降, 偶然碰到\nadv. 轻地",,3,1,zk gk ielts,529,464,s:lights/p:lit/d:lit/r:lighter/i:lighting/t:lightest/3:lights
lightning,'laitniŋ,n. abrupt electric discharge from cloud to cloud or from cloud to earth accompanied by the emission of light\nn. the flash of light that accompanies an electric discharge in the atmosphere (or something resembling such a flash); can scintillate for a second or more,n. 闪电\nvi. 闪电\na. 闪电的,,2,,gk cet4 cet6 ky,6393,4562,s:lightnings
like,laik,n. a similar kind\nn. a kind of person\nv. find enjoyable or agreeable\nv. be fond of,"a. 相似的, 同样的\nvt. 喜欢, 愿意, 想\nvi. 喜欢, 希望\nn. 爱好, 同样的人(或物)\nprep. 象, 如同\nadv. 可能",,5,1,zk gk,88,74,p:liked/3:likes/d:liked/s:likes/i:liking
likely,'laikli,a. has a good chance of being the case or of coming about\ns. expected to become or be; in prospect\ns. within the realm of credibility,"a. 有可能的, 合适的, 前途有望的\nadv. 或许, 可能",,5,1,gk cet4 cet6 ky,422,624,t:likeliest
limit,'limit,n. the greatest possible degree of something\nn. as far as something can go\nn. the boundary of a specific area\nn. the mathematical value toward which a function goes as the independent variable approaches infinity,"n. 界限, 边界, 限度, 极限, 限制\nvt. 限制, 限定",,4,1,gk cet4 cet6 ky,1439,1348,s:limits/d:limited/3:limits/i:limiting/p:limited
line,lain,n. a formation of people or things one beside another\nn. a mark that is long relative to its width\nn. a formation of people or things one behind another\nn. a length (straight or curved) without breadth or thickness; the trace of a moving point,"n. 列, 线, 绳, 电线, 线路, 路线, 航线, 作业线, 界线, 战线, 外形, 排, 家系\nvt. 排成一行, 顺...排列, 划线于, 加衬里, 使有线条, 使起皱纹\nvi. 排队\n[计] 线路",,5,1,zk gk cet4 cet6 ky ielts,277,276,s:lines/d:lined/i:lining/p:lined/3:lines
link,liŋk,n. the means of connection between things linked in series\nn. a fastener that serves to join or connect\nn. a unit of length equal to 1/100 of a chain\nn. (computing) an instruction that connects one part of a program or an element on a list to another program or list,"n. 环, 连结物, 链接, 火把\nvt. 连结, 联合, 挽住\nvi. 连接起来\n[计] 连接, 链路",,4,1,gk cet4 cet6 ky ielts,1277,1730,d:linked/s:links/i:linking/3:links/p:linked
lion,'laiәn,n. large gregarious predatory feline of Africa and India having a tawny coat with a shaggy mane in the male\nn. a celebrity who is lionized (much sought after),"n. 狮子, 狮子(星)座, 国际狮子会会员",,2,,zk gk cet4 cet6 ky,3397,4305,s:lions
lip,lip,n. either of two fleshy folds of tissue that surround the mouth and play a role in speaking\nn. (botany) either of the two parts of a bilabiate corolla or calyx\nn. either the outer margin or the inner margin of the aperture of a gastropod's shell,"n. 唇, 口缘, 唇状构造\nvt. 以嘴唇碰, 轻轻说出\na. 口头上的\n[计] 大型互连网信息包",,3,1,gk cet4 cet6 ky toefl,1452,1582,s:lips/d:lipped
liquid,'likwid,n. a substance that is liquid at room temperature and pressure\nn. the state in which a substance exhibits a characteristic readiness to flow with little or no tendency to disperse and relatively high incompressibility\nn. fluid matter having no fixed shape but a fixed volume\nn. a frictionless continuant that is not a nasal consonant (especially `l' and `r'),"n. 液体, 流体, 流音\na. 液体的, 透明的, 明亮的, 流动的, 易变的",,2,1,gk cet4 cet6 ky toefl gre,4339,4360,s:liquids
list,list,n. a database containing an ordered array of items (names or topics)\nv. give or make a list of; name individually; give the names of\nv. include in a list\nv. cause to lean to the side,"n. 目录, 名单, 明细表, 布条, 条纹, 列表, 序列, 数据清单\nvt. 列出, 列于表上, 记入名单内, 装布条\nvi. 列于表上\n[计] 列表, 序列, 数据清单",,5,1,zk gk cet4 cet6 ky ielts gre,716,761,s:lists/d:listed/p:listed/3:lists/i:listing
listen,'lisn,v. hear with intention\nv. listen and pay attention,"vi. 听, 倾听, 听从\nn. 听, 倾听",,4,1,zk gk,850,609,p:listened/i:listening/d:listened/3:listens
literary,'litәrәri,a. of or relating to or characteristic of literature\ns. knowledgeable about literature\ns. appropriate to literature rather than everyday speech or writing,"a. 文学的, 文艺的, 精通文学的\n[法] 文学的, 从事文学的, 从事写作的",,3,,gk cet4 cet6 ky toefl,2512,2700,
literature,'litәrәtʃә,n. creative writing of recognized artistic value\nn. the humanistic study of a body of literature\nn. published writings in a particular style on a particular subject\nn. the profession or art of a writer,"n. 文学, 文艺, 著作\n[经] 广告, 商品介绍等文学",,3,1,gk cet4 cet6 ky ielts,1766,1549,s:literatures
litre,li:tә(r),"n a metric unit of capacity, formerly defined as the volume of one kilogram of pure water under standard conditions; now equal to 1,000 cubic centimeters (or approximately 1.75 pints)","n. 升, 公升\n[计] 升",,2,1,gk ky,5726,0,s:litres
litter,'litә,n. the offspring at one birth of a multiparous mammal\nn. rubbish carelessly dropped or left about (especially in public places)\nn. conveyance consisting of a chair or bed carried on two poles by bearers\nv. strew,"n. 垃圾, 杂乱, 轿, 担架\nvt. 乱丢, 铺草, 弄乱\nvi. 产仔, 乱丢垃圾",,2,,zk gk cet6 ky toefl ielts gre,6500,8093,d:littered/s:litters/p:littered/i:littering/3:litters
little,'litl,"n. a small amount or duration\na. (quantifier used with mass nouns) small in quantity or degree; not much or almost none or (with `a') at least some\ns. (of children and animals) young, immature\ns. (of a voice) faint","n. 一点点, 少许, 一会儿, 短时间\na. 小的, 很少的, 幼小的, 琐碎的, 短暂的, 矮小的\nadv. 很少, 稍微, 完全不",,5,1,zk gk,291,256,
live,liv.laiv,v. lead a certain kind of life; live in a certain style\nv. pursue a positive and satisfying existence\na. actually being performed at the time of hearing or viewing\na. exerting force or containing energy,"a. 活的, 生动的, 精力充沛的, 实况转播的\nvi. 活, 生存, 居住\nvt. 过着, 度过, 经历\nadv. 实况地",,3,1,zk gk ielts,267,210,p:lived/i:living/3:lives/d:lived/s:lives
lively,'laivli,a. full of life and energy\ns. full of zest or vigor\ns. filled with events or activity,"a. 活泼的, 鲜明的, 生动的",,2,1,zk gk cet4 cet6 ky toefl,4135,5775,r:livelier/t:liveliest
living,'liviŋ,n. people who are still living\na. pertaining to living persons\ns. true to life; lifelike\ns. (informal) absolute,"n. 生活, 生计, 生存\na. 活的, 逼真的, 现存的",,3,1,gk cet4 cet6 ky,1950,1329,0:live/1:i/i:living/s:livings
load,lәud,n. weight to be borne or conveyed\nn. a quantity that can be processed or transported at one time\nn. an amount of alcohol sufficient to intoxicate\nn. the power output of a generator or power plant,"n. 负荷, 担子, 重担, 装载量, 负载, 工作量, 加载\nvt. 装载, 装填, 使担负\nvi. 装货, 上客, 装料\n[计] 加载, 装入程序",,3,1,gk cet4 cet6 ky toefl,2212,2901,s:loads/d:loaded/i:loading/p:loaded/3:loads
loaf,lәuf,n. a quantity of food (other than bread) formed in a particular shape,"n. 一条面包, 块, 游荡\nv. 游手好闲, 虚度光阴",,1,,gk cet4 cet6 ky ielts gre,7776,6892,s:loaves/i:loafing/p:loafed/3:loafs/d:loafed
local,'lәukәl,n. public transport consisting of a bus or train that stops at all stations or stops\na. relating to or applicable to or concerned with the administration of a city or town or district rather than a larger area\na. of or belonging to or characteristic of a particular locality or neighborhood\na. affecting only a restricted part or area of the body,"a. 地方性的, 当地的, 局部的, 乡土的, 本地的\nn. 当地居民, 本地新闻, 局部\n[计] 本地的; 局部",,5,1,gk cet4 cet6 ky ielts,191,423,s:locals
lock,lɒk,n. a fastener fitted to a door or drawer to keep it firmly closed\nn. a strand or cluster of hair\nn. a mechanism that detonates the charge of a gun\nn. enclosure consisting of a section of canal that can be closed to control the water level; used to raise or lower vessels that pass through it,"n. 锁, 刹车, 水闸, 一缕头发\nvt. 锁, 锁上, 拘禁, 隐藏, (用锁等)拴住, 刹住\nvi. 锁住, (齿轮等)啮合, (船)过闸",,3,1,zk gk cet4 ky ielts,2332,2221,d:locked/s:locks/p:locked/i:locking/3:locks
locust,'lәukәst,n. migratory grasshoppers of warm regions having short antennae\nn. hardwood from any of various locust trees,"n. 蝗虫, 蚱蜢, 蝉",,1,,gk cet6 gre,21741,15256,s:locusts/3:locusts
London,'lʌndәn,n. the capital and largest city of England; located on the Thames in southeastern England; financial and industrial and cultural center\nn. United States writer of novels based on experiences in the Klondike gold rush (1876-1916),n. 伦敦,,,,zk gk ielts,248,0,
lonely,'lәunli,s. marked by dejection from being alone\ns. devoid of creatures,"a. 孤单的, 孤寂的, 荒凉的",,3,1,zk gk cet4 cet6 ky,3842,4002,t:loneliest/r:lonelier
long,lɒŋ,a. primarily temporal sense; being or indicating a relatively great or greater than average duration or passage of time or a duration as specified\na. primarily spatial sense; of relatively great or greater than average spatial extension or extension as specified\ns. of relatively great height\na. holding securities or commodities in expectation of a rise in prices,"a. 长的, 长久的, 冗长的, 做多头的\nvi. 渴望, 热望, 极想\nadv. 长久, 始终\nn. 长时间, 长信号, 长整型\n[计] 长, 长整型",,2,1,zk gk toefl,217,254,r:longer/t:longest/p:longed/i:longing/d:longed/3:longs
look,luk,n. the act of directing the eyes toward something and perceiving it visually\nn. physical appearance\nv. perceive with attention; direct one's gaze towards\nv. give a certain impression or have a certain outward aspect,"n. 一看, 神色, 样子, 面容\nvi. 看, 注意, 朝着, 显得\nvt. 打量, 看上去与...一样, 以眼色(或脸色)显示, 期待",,5,1,zk gk,82,85,p:looked/i:looking/3:looks/d:looked/s:looks
loose,lu:s,a. not compact or dense in structure or arrangement\ns. (of a ball in sport) not in the possession or control of any player\na. not tight; not closely constrained or constricted or constricting\ns. not tense or taut,"n. 发射, 放任, 放纵\na. 宽松的, 松的, 宽的, 不牢固的, 散漫的, 自由的, 不精确的\nvt. 释放, 放枪, 开船\nvi. 变松, 开火\nadv. 松散地",,3,1,gk cet4 cet6 ky toefl,2925,2851,p:loosed/i:loosing/d:loosed/3:looses
lorry,'lɒri,n. a large low horse-drawn wagon without sides\nn. a large truck designed to carry heavy loads; usually without sides,"n. 卡车, 货车\n[化] 载重汽车",,2,1,gk cet4 cet6 ky,3524,24926,s:lorries
lose,lu:z,"v. fail to keep or to maintain; cease to have, either physically or in an abstract sense\nv. fail to win\nv. suffer the loss of a person through death or removal\nv. miss from one's possessions; lose sight of","vt. 遗失, 损失, 丢失, 使失去, 错过, 浪费, 迷失, 使迷路, 输去, 使沉溺于\nvi. 受损失, 失败",,5,1,zk gk cet4 cet6 ky,329,283,d:lost/p:lost/i:losing/3:loses
loss,lɒs,n. something that is lost\nn. gradual decline in amount or activity\nn. the act of losing someone or something\nn. the disadvantage that results from losing something,"n. 损失, 遗失, 失败, 输, 错过, 伤亡\n[化] 损失; 损耗",,4,1,gk cet4 cet6 ky ielts,649,788,s:losses
lot,lɒt,"n. a parcel of land having fixed boundaries\nn. (Old Testament) nephew of Abraham; God destroyed Sodom and Gomorrah but chose to spare Lot and his family who were told to flee without looking back at the destruction\nv. divide into lots, as of land, for example","n. 运气, 签, 抽签, 份额, 许多, 一堆\nvt. 划分\nvi. 抽签, 抓阄",,5,,zk gk gre,374,238,i:lotting/p:lotted/3:lots/d:lotted
loud,laud,a. characterized by or producing sound of great volume or intensity,"a. 大声的, 不断的, 喧吵的\nadv. 高声地, 大声地",,3,1,zk gk cet4 ky,3207,3094,r:louder/t:loudest
loudly,'laudli,r. with relatively high volume,"adv. 高声地, 大声地, 吵闹地",,,1,gk,5440,5687,
loudspeaker,'laud'spi:kә,n. electro-acoustic transducer that converts electrical signals into sounds loud enough to be heard at a distance,"n. 扩音器, 喇叭\n[电] 扬声器",,1,,gk cet4 cet6 ky,14516,12875,s:loudspeakers/i:loudspeakering/p:loudspeakered
lounge,laundʒ,n. a room (as in a hotel or airport) with seating where people can wait\nv. sit or recline comfortably,"n. 闲逛, 休闲室, 长沙发\nvi. 闲混, (懒洋洋地)躺\nvt. 闲混",,2,,gk cet6 ky ielts gre,4410,5990,s:lounges/i:lounging/p:lounged/d:lounged/3:lounges
love,lʌv,n. a strong positive emotion of regard and affection\nn. any object of warm affection or devotion; \nn. a deep feeling of sexual desire and attraction\nn. a score of zero in tennis or squash,"n. 爱, 恋爱, 爱情, 爱好, 性爱\nvt. 爱, 爱好, 爱慕\nvi. 爱",,5,1,zk gk,670,390,p:loved/3:loves/d:loved/i:loving/s:loves
lovely,'lʌvli,s. appealing to the emotions as well as the eye,"a. 可爱的, 有趣的",,3,1,zk gk,1496,3284,t:loveliest/r:lovelier/s:lovelies
low,lәu,n. an air mass of lower pressure; often brings precipitation\nn. British political cartoonist (born in New Zealand) who created the character Colonel Blimp (1891-1963)\nn. a low level or position or degree\na. less than normal in degree or intensity or amount,"n. 低点, 低价, 低, 牛叫声\na. 低的, 消沉的, 低等的, 浅的, 卑贱的\nadv. 低下地, 谦卑地, 低\nvi. 牛叫",,5,1,zk gk gre,318,360,r:lower/t:lowest/s:lows/d:lowed/i:lowing/p:lowed/3:lows
luck,lʌk,n. an unknown and unpredictable phenomenon that causes an event to result one way rather than another\nn. an unknown and unpredictable phenomenon that leads to a favorable outcome,"n. 运气, 幸运, 好运, 侥幸\nvi. 靠好运成功",,3,1,zk gk cet4 ky ielts,2598,2384,
lucky,'lʌki,s. occurring by chance\na. having or bringing good fortune,"a. 幸运的, 吉祥的, 好运的, 侥幸的",,3,1,zk gk cet4 ky,2137,2126,r:luckier/t:luckiest
luggage,'lʌgidʒ,n cases used to carry belongings when traveling,"n. 行李, 皮箱",,1,1,gk cet4 cet6 ky,7156,7333,p:luggaged
lunch,lʌntʃ,n. a midday meal\nv. take the midday meal\nv. provide a midday meal for,n. 午餐,,4,1,zk gk ielts,1615,1586,s:lunches/p:lunched/i:lunching/d:lunched/3:lunches
lung,lʌŋ,n. either of two saclike respiratory organs in the chest of vertebrates; serves to remove carbon dioxide and provide oxygen to the blood,"n. 肺, 肺脏, 空地\n[医] 肺",,2,1,gk cet4 cet6 ky toefl,3808,3247,s:lungs/i:lunging
machine,mә'ʃi:n,n. any mechanical or electrical device that transmits or modifies energy to perform or assist in the performance of human tasks\nn. an efficient person\nn. an intricate organization that accomplishes its goals efficiently\nn. a device for overcoming resistance at one point by applying force at some other point,"n. 机器, 机械装置, 机构, 自动售货机, 机械般工作的人\nvt. 以机器制造",,4,1,zk gk ielts,761,1022,s:machines/d:machined/i:machining/p:machined/3:machines
mad,mæd,s roused to anger\ns affected with madness or insanity\ns marked by uncontrolled excitement or emotion\ns very foolish,"a. 疯狂的, 发疯的, 生气的, 愚蠢的, 狂欢的\nn. 狂怒",,3,1,zk gk cet4 cet6 ky,2592,2572,r:madder/t:maddest/s:mads
magazine,.mægә'zi:n,n. a periodic publication containing pictures and stories and articles of interest to those who purchase it or subscribe to it\nn. product consisting of a paperback periodic publication as a physical object\nn. a business firm that publishes magazines\nn. a light-tight supply chamber holding the film and supplying it for exposure as required,"n. 杂志, 仓库, 弹盒, 胶卷盒\n[计] 卡片箱, 介质装卸程序",,4,1,zk gk cet4 cet6 ky ielts,1479,1001,s:magazines
magic,'mædʒik,n. any art that invokes supernatural powers,"n. 魔术, 魔法\na. 魔术的, 有魔力的, 不可思议的",,3,1,zk gk cet4 cet6 ky toefl ielts,3949,3411,s:magics
maid,meid,n. a female domestic\nn. an unmarried girl (especially a virgin),"n. 少女, 未婚女子, 女仆",,2,,gk cet4 cet6 ky ielts,5166,6044,s:maids
mail,meil,n. the bags of letters and packages that are transported by the postal service\nn. the system whereby messages are transmitted via the post office\nn. a conveyance that transports the letters and packages that are conveyed by the postal system\nn. any particular collection of letters or packages that is delivered,"n. 邮件, 邮政, 邮递, 盔甲\nvt. 邮寄, 给...穿盔甲\n[计] 邮件",,3,1,zk gk ielts,2485,2508,d:mailed/s:mails/i:mailing/p:mailed/3:mails
mailbox,'meilbɒks,n. a private box for delivery of mail,"n. 邮筒, 邮箱\n[计] 邮箱, 电子邮箱",,1,,gk,35234,9004,s:mailboxes
main,mein,n. any very large body of (salt) water\nn. a principal pipe in a system that distributes water or gas or electricity or that collects sewage\ns. of force; of the greatest possible intensity,"n. 主要部分, 干线, 体力, 力量, 主群组\na. 主要的, 重要的, 全力的\n[计] 主群组",,5,1,zk gk cet4 cet6 ky ielts,376,888,
mainland,'meinlәnd,n. the main land mass of a country or continent; as distinguished from an island or peninsula,"n. 大陆, 本土\n[法] 大陆",,,,gk cet4 cet6 ky,5381,6208,
major,'meidʒә,n. a commissioned military officer in the United States Army or Air Force or Marines; below lieutenant colonel and above captain\nn. British statesman who was prime minister from 1990 until 1997 (born in 1943)\nn. a university student who is studying a particular field as the principal subject\nn. the principal field of study of a student at a university,"n. 主修课, 成年人, 陆军少校\na. 主要的, 较多的, 大部分的, 成年的, 严重的\nvi. 主修\n[计] 主要, 主要刻度",,5,1,gk cet4 cet6 ky toefl ielts,392,444,s:majors/i:majoring/p:majored/3:majors/d:majored
majority,mә'dʒɒriti,n. the property resulting from being or relating to the greater in number of two parts; the main part\nn. (elections) more than half of the votes\nn. the age at which persons are considered competent to manage their own affairs,"n. 多数, 大半\n[计] 多数逻辑",,4,1,gk cet4 cet6 ky toefl ielts,989,1085,s:majorities
make,meik,v. engage in\nv. give certain properties to something\nv. make or cause to be or to become\nv. compel or make somebody or something to act in a certain way,"vt. 制造, 安排, 创造, 构成, 使得, 产生, 造成, 整理, 布置, 引起, 到达, 进行\nvi. 开始, 前进, 增大, 被制造, 被处理\nn. 制造, 构造, 性情",,3,1,zk gk ielts,43,45,d:made/p:made/i:making/3:makes
male,meil,n. an animal that produces gametes (spermatozoa) that can fertilize female gametes (ova)\nn. a person who belongs to the sex that cannot have babies\nn. the capital of Maldives in the center of the islands\na. being the sex (of plant or animal) that produces gametes (spermatozoa) that perform the fertilizing function in generation,"n. 男人, 雄性动物\na. 男性的, 雄性的, 有力的",,4,1,gk cet4 ky ielts,1126,1530,s:males
man,mæn,n. an adult person who is male (as opposed to a woman)\nn. the generic use of the word to refer to any human being\nn. a male subordinate\nn. an adult male person who has a manly character (virile and courageous competent),"n. 男人, 人类, 人\nvt. 为...配备人手, 操纵, 使振奋\n[计] 城域网, 手册",,5,1,zk gk,91,94,s:men/d:manned/i:manning/p:manned/3:mans
manage,'mænidʒ,"v. be in charge of, act on, or dispose of","vi. 处理\nvt. 管理, 控制, 维持, 达成, 经营, 运用",,4,1,zk gk cet4 cet6 ky,752,945,d:managed/p:managed/3:manages/i:managing
manager,'mænidʒә,n someone who controls resources and expenditures\nn (sports) someone in charge of training an athlete or a team,"n. 经理, 管理员, 管理器\n[计] 管理器",,4,1,zk gk ielts,508,877,s:managers
mankind,mæn'kaind,n all of the living human inhabitants of the earth,"n. 人类, 男性",,1,,gk cet4 cet6 ky,6480,7282,
manner,'mænә,n. how something is done or how it happens\nn. a way of acting or behaving\nn. a kind,"n. 样子, 礼貌, 风格\n[法] 方式, 方法, 样式",,3,1,gk cet4 cet6 ky,1366,1818,s:manners
many,'meni,a. a quantifier that can be used with count nouns and is often preceded by `as' or `too' or `so' or `that'; amounting to a large but indefinite number,"n. 多数, 多数人\na. 许多的\npron. 许多",,5,1,zk gk,98,99,
map,mæp,n. a diagrammatic representation of the earth's surface (or part of it)\nv. make a map of; show or establish the features of details of\nv. explore or survey for the purpose of making a map\nv. locate within a specific region of a chromosome in relation to known DNA or gene sequences,"n. 地图, 天体图, 映像\nvt. 映射, 绘制...地图, 计划\n[计] 实用程序, 映射, 制造自动化协议",,3,1,zk gk toefl ielts,1681,1542,s:maps/d:mapped/i:mapping/p:mapped/3:maps
maple,'meipl,n. wood of any of various maple trees; especially the hard close-grained wood of the sugar maple; used especially for furniture and flooring\nn. any of numerous trees or shrubs of the genus Acer bearing winged seeds in pairs; north temperate zone,"n. 枫, 枫木, 淡棕色\n[机] 枫木",,1,,gk cet6 gre,10494,5571,s:maples
marathon,'mærәθәn,n. any long and arduous undertaking\nn. a footrace of 26 miles 385 yards\nn. a battle in 490 BC in which the Athenians and their allies defeated the Persians,"n. 马拉松, 耐力的考验",,2,,gk cet6,7224,6448,s:marathons
marble,'mɑ:bl,n. a hard crystalline metamorphic rock that takes a high polish; used for sculpture and as building material\nn. a small ball of glass that is used in various games\nn. a sculpture carved from marble\nv. paint or stain like marble,"n. 大理石, 石弹, 雕刻品\na. 大理石的, 冷酷无情的, 有大理石花纹的",,2,,gk cet4 cet6 ky toefl ielts gre,4199,4819,s:marbles/i:marbling/p:marbled/3:marbles/d:marbled
march,mɑ:tʃ,n. the month following February and preceding April\nn. the act of marching; walking with regular steps (especially in a procession of some kind)\nn. a steady advance\nn. a procession of people walking together,"n. 三月, 进行, 行军, 步伐, 长途跋涉, 进行曲, 边界\nvi. 进军, 前进, 交界\nvt. 使行军, 使行进",,3,1,zk gk toefl ielts,695,3483,p:marched/s:marches/i:marching/d:marched/3:marches
mark,mɑ:k,n. a number or letter indicating quality (especially of a student's performance)\nn. a visible indication made on a surface\nn. the impression created by doing something unusual or extraordinary that people notice and remember\nn. a symbol of disgrace or infamy,"n. 标志, 分数, 马克, 痕迹, 斑点, 靶子, 刻度, 记号, 符号, 戳记, 标准, 起跑线\nvt. 做标记于, 留意, 打分数, 表明, 标志, 记录\nvi. 作记号, 记得分\n[计] 标志; 标记; 传号",,4,1,zk gk cet4 ky,1255,1683,s:marks/d:marked/i:marking/3:marks/p:marked
market,'mɑ:kit,"n. the world of commercial activity where goods and services are bought and sold\nn. the customers for a particular product or service\nn. the securities markets in the aggregate\nv. engage in the commercial promotion, sale, or distribution of","n. 市场, 交易, 集市, 推销地区, 行情, 市面, 销路\nvt. 在市场上交易, 使上市, 销售\nvi. 在市场上买卖",,5,1,zk gk ielts,253,402,s:markets/d:marketed/p:marketed/i:marketing/3:markets
marriage,'mæridʒ,n. the state of being a married couple voluntarily joined for life (or until divorce)\nn. two people who are married to each other\nn. the act of marrying; the nuptial ceremony\nn. a close and intimate union,"n. 婚姻, 结婚, 婚礼, 合并\n[医] 婚姻, 结婚",,4,1,zk gk cet4 cet6 ky,1154,1011,s:marriages
married,'mærid,n. a person who is married\na. joined in matrimony,"a. 已婚的, 婚姻的\n[法] 结了婚的, 有配偶的, 夫妇的",,3,1,gk cet4 cet6 ky,1742,1610,0:marry/1:pd/d:married/p:married
marry,'mæri,v. take in marriage\nv. perform a marriage ceremony,"vt. 与...结婚, 娶, 嫁\nvi. 结婚",,4,1,zk gk cet4 ky,1217,1333,p:married/d:married/i:marrying/3:marries
mask,mæsk,n. a covering to disguise or conceal the face\nn. activity that tries to conceal something\nn. a protective covering worn over the face\nv. put a mask on or cover with a mask,"n. 面具, 假面具, 掩饰, 石膏面模\nvt. 戴面具, 掩饰, 使模糊\nvi. 化装, 戴面具, 掩饰, 参加化装舞会\n[计] 屏蔽; 掩码",,3,,gk cet4 cet6 ky toefl ielts gre,4312,2893,s:masks/d:masked/3:masks/p:masked/i:masking
mass,mæs,n. the property of a body that causes it to have weight in a gravitational field\nn. an ill-structured collection of similar things (objects or people)\nn. (Roman Catholic Church and Protestant Churches) the celebration of the Eucharist\nn. a body of matter without definite shape,"n. 块, 大多数, 质量, 大量, 群众, 弥撒\na. 群众的, 大规模的, 整个的\nvt. 使集合, 集中\nvi. 聚集",,4,1,gk cet4 cet6 ky toefl ielts,1857,1989,s:masses/i:massing/d:massed/p:massed/3:masses
master,'mɑ:stә. 'mæstә,"n. directs the work of others\nn. an original creation (i.e., an audio recording) from which copies can be made\nn. an officer who is licensed to command a merchant ship\nn. someone who holds a master's degree from academic institution","n. 主人, 硕士, 大师, 母机\na. 主人的, 主要的\nvt. 征服, 控制, 精通",,4,1,zk gk cet4 cet6 ky ielts,1224,1883,s:masters/d:mastered/i:mastering/p:mastered/3:masters
mat,mæt,n. a thick flat pad used as a floor covering\nn. mounting consisting of a border or background for a picture\nn. sports equipment consisting of a piece of thick padding on the floor for gymnastic sports\nn. a mass that is densely tangled or interwoven,"n. 垫, 丛, 衬边\na. 粗糙的, 无光泽的\nvi. 纠缠在一起\nvt. 铺席于...上, 使无光泽, 使缠结",,1,,gk cet4 cet6 ky,6419,5639,s:mats/p:matted/d:matted/i:matting/3:mats
match,mætʃ,n. lighter consisting of a thin piece of wood or cardboard tipped with combustible chemical; ignites with friction\nn. a formal contest in which two or more persons or teams compete\nn. a burning piece of wood or cardboard\nn. an exact duplicate,"n. 比赛, 火柴, 对手\nvt. 使相配, 使比赛, 与...竞争\nvi. 结婚, 相配\n[计] 比较",,5,1,zk gk toefl ielts,1097,1972,s:matches/d:matched/3:matches/i:matching/p:matched
material,mә'tiәriәl,n. the tangible substance that goes into the makeup of a physical object\nn. information (data or ideas or observations) that can be used or reworked into a finished form\nn. things needed for doing or making something\nn. a person judged suitable for admission or employment,"n. 材料, 物资, 素材, 布料, 资料\na. 物质的, 肉体的, 重要的",,4,1,gk cet4 cet6 ky ielts,499,641,s:materials
matter,'mætә,n. a vaguely specified concern\nn. that which has mass and occupies space\nn. a problem\nn. (used with negation) having consequence,"n. 事件, 物质, 原因, 素材, 实体, 重要\nvi. 有关系",,5,1,gk,370,528,s:matters/3:matters/p:mattered/d:mattered/i:
mature,mә'tjuә,v. develop and reach maturity; undergo maturation\nv. develop and work out fully in one's mind\nv. become due for repayment\na. characteristic of maturity,"a. 成熟的, 到期的, 充分考虑的\nvt. 使成熟\nvi. 成熟, 到期",,2,,gk cet4 cet6 ky toefl ielts gre,4122,5133,3:matures/d:matured/i:maturing/p:matured/r:maturer
maximum,'mæksimәn,n. the largest possible quantity\nn. the point on a curve where the tangent changes from positive on the left to negative on the right,"n. 极点, 最大量, 极大\na. 最高的, 最大的, 最大极限的\n[计] 最大值",,3,1,gk cet4 cet6 ky toefl ielts,2427,3603,s:maxima
may,mei,n. the month following April and preceding June,"n. 五月\naux. 愿能, 可以, 愿意",,4,1,zk gk ielts,83,119,
maybe,'meibi:,r by chance,"adv. 也许, 大概\nn. 可能性",,4,1,zk gk,955,383,
me,mi:,n a state in New England,pron. 我,,5,1,zk gk,15312,61,s:mes
meal,mi:l,n. the food served and eaten at one time\nn. any of the occasions for eating food that occur by custom or habit at more or less fixed times\nn. coarsely ground foodstuff; especially seeds of various cereal grasses or pulse,"n. 一餐, 膳食, 粗粉\nvi. 进餐",,3,1,zk gk ielts,1415,1710,s:meals
mean,mi:n,n. an average of n numbers computed by adding some function of the numbers and dividing by some function of n\nv. mean or intend to express or convey\nv. denote or connote\nv. have a specified degree of importance,"a. 低劣的, 卑贱的, 简陋的, 吝啬的, 惭愧的, 平均的, 中间的, 普通的\nvt. 意谓, 想要, 意欲, 预定\nvi. 用意, 有意义\nn. 平均数, 中间, 中庸",,2,1,zk gk toefl ielts gre,121,154,3:means/p:meant/d:meant/i:meaning
meaning,'mi:niŋ,n. the message that is intended or expressed or signified\nn. the idea that is intended\ns. rich in significance or implication,"n. 意义, 含义, 目的, 意图\na. 意味深长的",,3,1,zk gk,1226,1608,0:mean/1:i/s:meanings/i:meaning
means,mi:nz,n. how a result is obtained or an end is achieved\nn. an instrumentality for accomplishing some end\nn. considerable capital (wealth or income),"n. 方法, 手段, 工具, 财产, 收入\n[经] 方法, 手段, 工具; 意谓",,4,1,gk cet4 cet6 ky toefl ielts,1033,0,0:mean/1:3
meanwhile,'mi:nhwail,r. at the same time but in another place\nr. during the intervening time,"n. 其时, 其间\nadv. 同时, 于此时",,4,1,gk cet4 cet6 ky,1886,1847,
measure,'meʒә,n. any maneuver made as part of progress toward a goal\nn. how much there is or how many there are of something that you can quantify\nn. musical notation for a repeating pattern of musical beats\nn. a container of some standard capacity that is used to obtain fixed amounts of a substance,"n. 尺寸, 量度器, 量度标准, 测量, 量具, 程度, 范围, 限度, 分寸, 措施, 方法\nvt. 测量, 测度, 估量, 权衡, 调节, 拿(自己或自己的力量等)作较量\nvi. 度量",,4,1,gk cet4 cet6 ky ielts,889,941,s:measures/d:measured/i:measuring/p:measured/3:measures
meat,mi:t,n. the flesh of animals (including fishes and birds and snails) used as food,"n. 肉, 餐, 食物\n[经] 肉类",,3,1,zk gk ielts,2283,1788,s:meats
medal,'medl,n an award for winning a championship or commemorating some other event,"n. 奖牌, 勋章\nvt. 授勋予",,3,,gk cet4 cet6 ky ielts gre,4212,3451,s:medals
media,'mi:diә,n a means or instrumentality for storing or communicating information\nn the surrounding environment\nn an intervening substance through which signals can travel as a means for communication\nn (bacteriology) a nutrient substance (solid or liquid) that is used to cultivate micro-organisms\nn a liquid with which pigment is mixed by a painter\nn (biology) a substance in which specimens are preserved or displayed\nn an intervening substance through which something is achieved\nn a state that is intermediate between extremes; a middle position\nn someone who serves as an intermediary between the living and the dead\nn (usually plural) transmissions that are disseminated widely to the public\nn an occupation for which you are especially well suited,n. 媒体\n[计] 媒质,,4,1,gk cet4 cet6 toefl ielts,0,757,
medical,'medikl,a. relating to the study or practice of medicine\na. requiring or amenable to treatment by medicine especially as opposed to surgery,"n. 医生, 体格检查\na. 医学的, 内科的, 药的",,4,1,zk gk cet4 cet6 ky ielts,1068,646,s:medicals
medicine,'medisin,n. the branches of medical science that deal with nonsurgical techniques\nn. (medicine) something that treats or prevents or alleviates the symptoms of disease\nn. the learned profession that is mastered by graduate training in a medical school and that is devoted to preventing or alleviating or curing diseases and injuries,"n. 药, 医学, 内科\nvt. 给...用药",,3,1,zk gk toefl ielts,2476,1473,s:medicines
medium,'mi:diәm,n. a means or instrumentality for storing or communicating information\nn. the surrounding environment\nn. an intervening substance through which signals can travel as a means for communication\nn. a liquid with which pigment is mixed by a painter,"n. 媒体, 方法, 媒介\na. 半生熟的, 中间的\n[计] 媒体, 中",,3,1,gk cet4 cet6 ky toefl ielts gre,951,3241,s:mediums
meet,mi:t,n. a meeting at which a number of athletic contests are held\nv. come together\nv. get together socially or for a specific purpose\nv. fill or meet a want or need,"n. 会, 集会\na. 适宜的, 合适的\nvt. 遇见, 引见, 认识, 满足, 对付\nvi. 相遇, 接触",,5,1,zk gk gre,259,288,p:met/d:met/i:meeting/3:meets
meeting,'mi:tiŋ,n. a formally arranged gathering\nn. a small informal social gathering\nn. a casual or unexpected convergence\nn. the social act of assembling for some common purpose,"n. 会议, 会面\n[法] 会议, 会谈, 集会",,5,1,zk gk ielts,457,772,0:meet/1:i/s:meetings/i:meeting
melon,'melәn,n. any of numerous fruits of the gourd family having a hard rind and sweet juicy flesh\nn. any of various fruit of cucurbitaceous vines including: muskmelons; watermelons; cantaloupes; cucumbers,"n. 瓜, 甜瓜, 红利, 赃物\n[化] 三聚二氰亚胺",,1,,gk cet4 cet6 ky gre,12740,9886,s:melons
member,'membә,n. one of the persons who compose a social group (especially individuals who have joined and participate in a group organization)\nn. anything that belongs to a set or class\nn. an organization that is a member of another organization (especially a state that belongs to a group of nations),"n. 成员, 会员\n[医] │肢, 肢体",,5,1,zk gk,182,285,s:members
memorial,mi'mɒ:riәl,n. a recognition of meritorious service\nn. a written statement of facts submitted in conjunction with a petition to an authority\nn. a structure erected to commemorate persons or events,"n. 纪念物, 请愿书\na. 记念的, 记忆的",,2,,gk cet4 cet6 ky toefl gre,3986,4564,s:memorials
memorize,'memәraiz,v. commit to memory; learn by heart,"vt. 记住, 熟记, 背熟",,1,,gk toefl,21017,8276,i:memorizing/p:memorized/d:memorized/3:memorizes
memory,'memәri,n. something that is remembered\nn. the cognitive processes whereby past experience is remembered\nn. the power of retaining and recalling past experience\nn. an electronic memory device,"n. 记忆, 记忆力, 回忆, 纪念, 存储\nn. 内存\n[计] 存储器, 内存, 查看内存实用程序",,4,1,zk gk cet4 cet6 ky toefl,979,891,s:memories
mend,mend,n. sewing that repairs a worn or torn hole (especially in a garment)\nv. heal or recover,"n. 改进, 修补, 好转\nvt. 修改, 改进, 加快, 修理\nvi. 好转, 改善",,1,,zk gk toefl gre,7566,10849,i:mending/d:mended/p:mended/3:mends/s:mends
mental,'mentl,a. involving the mind or an intellectual process\na. of or relating to the mind\na. of or relating to the chin- or liplike structure in insects and certain mollusks\ns. affected by a disorder of the mind,"a. 心智的, 精神病的, 心理的, 颏的\nn. 精神病患者",,3,1,gk cet4 cet6 ky toefl ielts,1620,1584,
mentally,'mentli,r. in your mind,"adv. 心理上, 精神上, 智力上\n[法] 精神上, 智力上",,,1,gk,3531,4365,
mention,'menʃәn,n. a remark that calls attention to something or someone\nn. an official recognition of merit\nv. make reference to\nv. commend,"n. 提到, 言及, 陈述\nvt. 提到, 提及",,4,1,zk gk toefl,902,971,d:mentioned/p:mentioned/i:mentioning/3:mentions/s:mentions
menu,'menju:,n. a list of dishes available at a restaurant\nn. the dishes making up a meal\nn. (computer science) a list of options available to a computer user\nn. an agenda of things to do,"n. 菜单, (功能)选择单\n[计] 菜单",,2,1,zk gk toefl,3553,3086,s:menus
merchant,'mә:tʃәnt,n. a businessperson engaged in retail trade,"n. 商人, 店主\na. 商业的, 商人的",,3,,gk cet4 cet6 ky toefl,2755,4126,s:merchants/i:merchanting
merciful,'mә:siful,a. showing or giving mercy\ns. (used conventionally of royalty and high nobility) gracious,"a. 仁慈的, 慈悲的",,,,gk cet6 toefl,19546,17622,
mercy,'mә:si,n. something for which to be thankful\nn. alleviation of distress; showing great kindness toward the distressed,"n. 仁慈, 宽恕, 慈悲, 怜悯, 幸运\n[法] 权宜处置权, 决定权, 宽恕",,2,,gk cet4 cet6 ky ielts,4991,5244,s:mercies
merely,'miәli,r. and nothing more,adv. 只,,3,1,gk cet4 cet6 ky,1273,1988,
merry,'meri,s full of or showing high-spirited merriment\ns offering fun and gaiety\ns quick and energetic,"a. 快乐的, 愉快的, 嬉戏作乐的",,2,,gk cet4 cet6 ky,7649,7420,r:merrier/t:merriest
mess,mes,n. a state of confusion and disorderliness\nn. soft semiliquid food\nn. a meal eaten in a mess hall by service personnel\nn. a (large) military dining room where service personnel eat or relax,"n. 食堂, 伙食, 用膳, 一份食品, 混乱, 乱七八糟, 困境\nvt. 将...弄糟, 妨碍, 使紊乱, 使就餐\nvi. 陷入困境, 搞乱, 用膳",,3,1,gk cet4 cet6 ky ielts,3437,3381,i:messing/d:messed/p:messed/s:messes/3:messes
message,'mesidʒ,n. a communication (usually brief) that is written or spoken or signaled\nn. what a communication that is about something is about\nv. send a message to\nv. send as a message,"n. 消息, 通讯, 讯息, 教训, 预言, 广告词\nvt. 通知\nvi. 通报, 报告, 报信\n[计] 报文; 消息; 信息",,4,1,zk gk cet4 cet6 ky,1120,807,s:messages/i:messaging/p:messaged/3:messages/d:messaged
messy,'mesi,s. dirty and disorderly,"a. 散乱的, 污秽的, 麻烦的",,1,,gk toefl,9558,6651,r:messier
metal,'metәl,v. cover with metal,"n. 金属, 金属制品, 合金, 本质, 质料\na. 金属制的\nvt. 以金属覆盖",,3,1,zk gk cet4 cet6 ky ielts,1668,1574,s:metals/i:metaling/p:metaled/3:metals/d:metaled
method,'meθәd,"n. a way of doing something, especially a systematic way; implies an orderly logical arrangement (usually in steps)","n. 方法, 办法, 条理, 秩序\n[医] [方]法",,4,1,zk gk cet4 cet6 ky ielts,561,998,s:methods
metre,'mi:tә,n the basic unit of length adopted under the Systeme International d'Unites (approximately 1.094 yards)\nn (prosody) the accent in a metrical foot of verse\nn rhythm as given by division into parts of equal duration,"n. 公尺, 格律, 韵律\n[医] 米, 公尺",,3,1,zk gk cet4 cet6 ky,2099,0,s:metres
Mexican,'meksikәn,n. a native or inhabitant of Mexico\na. of or relating to Mexico or its inhabitants,"n. 墨西哥人, 墨西哥语\na. 墨西哥的",,,,gk,7301,2248,s:mexicans
Mexico,'meksikәu,n. a republic in southern North America; became independent from Spain in 1810,n. 墨西哥,,,,gk,4177,0,
microcomputer,.maikrәu'kɒmpjutә,n a small digital computer based on a microprocessor and designed to be used by one person at a time,"n. 微电脑, 微机\n[计] 微型计算机; 微计算机",,,,gk cet4 cet6,7479,22510,s:microcomputers
microscope,'maikrәuskәup,n. magnifier of the image of small objects,n. 显微镜\n[化] 显微镜,,1,,gk cet4 cet6 ky toefl gre,7274,8309,s:microscopes/i:microscoping
microwave,'maikrәuweiv,"n. a short electromagnetic wave (longer than infrared but shorter than radio waves); used for radar and microwave ovens and for transmitting telephone, facsimile, video and data\nn. kitchen appliance that cooks food by passing an electromagnetic wave through it; heat results from the absorption of energy by the water molecules in the food\nv. cook or heat in a microwave oven",n. 微波\n[计] 微波,,2,,gk cet6 toefl,7268,5846,s:microwaves/p:microwaved/i:microwaving/d:microwaved/3:microwaves
midday,'middei,n the middle of the day,"n. 正午, 中午\na. 正午的",,1,1,gk cet4 cet6,7619,9129,
middle,'midl,n. an intermediate part or section\nn. the middle area of the human torso (usually in front)\nn. time between the beginning and the end of a temporal period\nv. put in the middle,"n. 中央, 中间, 腰部\na. 中央的, 中庸的, 中间的",,5,1,zk gk,1360,988,s:middles/i:middling/p:middled/3:middles/d:middled
midnight,'midnait,n. 12 o'clock at night; the middle of the night,"n. 午夜, 子夜, 半夜\na. 午夜的, 半夜的",,3,1,gk cet4 cet6 ielts,3635,3461,s:midnights
might,mait,n. physical strength,"n. 力量, 权力\naux. 可能, 也许",,1,1,zk gk cet4 ky ielts,138,175,
mild,maild,a. moderate in type or degree or effect or force; far from extreme,"a. 温和的, 温柔的, 淡味的, 适度的, 轻微的, (肥皂等)软性的\n[医] 轻的, 缓和的",,3,1,gk cet4 cet6 ky toefl,3774,3819,r:milder/t:mildest/s:milds
mile,mail,"n. a unit of length equal to 1,760 yards or 5,280 feet; exactly 1609.344 meters\nn. a large distance\nn. an ancient Roman unit of length equivalent to 1620 yards\nn. a Swedish unit of length equivalent to 10 km","n. 英里, 很大距离\n[机] 英里, 哩",,4,1,zk gk cet4 cet6 ky,772,0,s:miles
milk,milk,n. a white nutritious liquid secreted by mammals and used as food by human beings\nn. produced by mammary glands of female mammals for feeding their young\nn. a river that rises in the Rockies in northwestern Montana and flows eastward to become a tributary of the Missouri River\nn. any of several nutritive milklike liquids,"n. 奶, 乳状物\nvt. 挤乳, 榨取\nvi. 产乳",,3,1,zk gk ielts gre,1881,2033,d:milked/i:milking/s:milks/p:milked/3:milks
million,'miljәn,"n. the number that is represented as a one followed by 6 zeros\nn. a very large indefinite number (usually hyperbole)\ns. (in Roman numerals, M written with a macron over it) denoting a quantity consisting of 1,000,000 items or units","n. 百万, 无数\nnum. 百万",,5,,gk ielts,336,222,
millionaire,.miljә'nєә,n. a person whose material wealth is valued at more than a million dollars,"n. 百万富翁, 大富豪\n[经] 大资本家, 巨富, 百万富翁",,2,,gk cet6 ky toefl,7695,6769,s:millionaires
mind,maind,n. that which is responsible for one's thoughts and feelings; the seat of the faculty of reason\nn. recall or remembrance\nn. attention\nn. your intention; what you intend to do,"n. 思想, 愿望, 智力, 记忆, 心理, 情绪, 理智, 主意, 心意\nvi. 介意, 注意, 留心\nvt. 注意, 留意, 专心于, 照看, 介意",,3,1,zk gk ielts,385,469,s:minds/d:minded/i:minding/p:minded/3:minds
mine,main,n. excavation in the earth from which ores and minerals are extracted\nn. explosive device that explodes on contact; designed to destroy vehicles or ships or to kill or maim personnel\nv. get from the earth by excavation\nv. lay mines,"n. 矿, 矿藏, 地雷\nvt. 挖掘, 开采, 在...布雷, 破坏\nvi. 开矿, 埋设地雷\npron. 我的",,2,1,gk toefl ielts,1972,2236,s:mines/i:mining/d:mined/p:mined/3:mines
mineral,'minәrәl,n. solid homogeneous inorganic substances occurring in nature having a definite chemical composition\na. relating to minerals\ns. composed of matter other than plant or animal,"n. 矿物, 无机物, 苏打水\na. 矿物的, 似矿物的",,2,1,gk toefl,3212,4583,s:minerals
minibus,'minibʌs,n. a light bus (4 to 10 passengers),"n. 中客车, 小型公共汽车",,1,,gk,15504,27815,
minimum,'minimәm,n. the smallest possible quantity\nn. the point on a curve where the tangent changes from negative on the left to positive on the right,"a. 最小的, 最低的\nn. 最小值\n[计] 最小值",,3,1,gk cet4 cet6 ky toefl ielts,2715,3633,s:minima
miniskirt,'miniskә:t,n. a very short skirt,n. 超短裙,,,,gk,45253,20289,s:miniskirts
minister,'ministә,n. a person appointed to a high office in the government\nn. a diplomat representing one government to another; ranks below ambassador\nn. the job of a head of a government department\nv. attend to the wants and needs of others,"n. 部长, 牧师, 公使\nvi. 服侍, 救助, 主持宗教仪式",,5,1,gk cet4 cet6 ky ielts,294,1910,s:ministers/i:ministering/p:ministered/3:ministers/d:ministered
ministry,'ministri,n. religious ministers collectively (especially Presbyterian)\nn. building where the business of a government department is transacted\nn. a government department under the direction of a minister\nn. the work of a minister of religion,"n. 部, 内阁, 服务\n[经] 部",,4,1,gk cet4 cet6 ky toefl,1717,4242,s:ministries
minority,mai'nɒriti,n. a group of people who differ racially or politically from a larger group of which it is a part\nn. being or relating to the smaller in number of two parts\nn. any age prior to the legal age,"n. 少数, 未成年, 少数民族\na. 少数的, 属于少数派的",,4,1,gk cet4 cet6 ky toefl ielts,2106,1633,s:minorities
minus,'mainәs,a. on the negative side or lower end of a scale\ns. involving disadvantage or harm,"n. 负号, 不足\na. 减的, 负的, 阴性的\nprep. 减, 缺\n[计] 负差",,2,,gk cet4 cet6 ky ielts,4789,8628,s:minuses
minute,'minit. mai'nju:t,n. a unit of time equal to 60 seconds or 1/60th of an hour\nn. a unit of angular distance equal to a 60th of a degree\nn. a short note\ns. characterized by painstaking care and detailed examination,"n. 分, 分钟, 片刻, 备忘录, 笔记\nvt. 记录, 摘录, 测定时间\na. 微小的, 详细的",,1,1,zk gk toefl ielts,348,308,s:minutes/3:minutes
mirror,'mirә,n. polished surface that forms images by reflecting light\nn. a faithful depiction or reflection\nv. reflect as if in a mirror\nv. reflect or resemble,"n. 镜子, 写真, 典范\nvt. 反映, 映出",,3,1,zk gk cet4 cet6 ky,2086,1853,s:mirrors/d:mirrored/p:mirrored/3:mirrors/i:mirroring
miss,mis,n. a failure to hit (or meet or find etc)\nn. a form of address for an unmarried woman\nv. fail to perceive or to catch with the senses or the mind\nv. feel or suffer from the lack of,"n. 失误, 避免, 失败, 小姐\nvt. 未得到, 未达到, 未听到, 未觉察, 逃脱, 遗漏, 错过, 思念\nvi. 失败, 击不中",,4,1,zk gk,919,833,d:missed/p:missed/i:missing/3:misses/s:misses
missile,'misail,n. a rocket carrying a warhead of conventional or nuclear explosives; may be ballistic or directed by remote control,"n. 发射物, 导弹, 飞弹, 火箭\na. 可发射的",,3,,gk cet4 cet6 ky ielts gre,3749,2367,s:missiles
mist,mist,n. a thin fog with condensation near the ground\nv. become covered with mist\nv. spray finely or cover with mist,"n. 雾, 迷蒙, 朦胧不清\nvt. 使模糊, 使蒙上雾\nvi. 变模糊, 下雾",,2,,gk cet4 cet6 ky ielts,4784,5967,s:mists/p:misted/i:misting/d:misted/3:mists
mistake,mis'teik,n. a wrong action attributable to bad judgment or ignorance or inattention\nn. an understanding of something that is not correct\nv. identify incorrectly,"n. 错误, 误会\nvi. 犯错, 误认\nvt. 误解, 弄错\n[计] 错误",,4,1,zk gk,1751,1430,s:mistakes/d:mistaken/i:mistaking/p:mistook/3:mistakes
mistaken,mis'teikәn,v identify incorrectly\nv to make a mistake or be incorrect\ns wrong in e.g. opinion or judgment\ns arising from error,"a. 犯错的, 错误的\nmistake的过去分词",,2,1,gk,9508,12710,0:mistake/1:d/d:mistaken
misunderstand,.misʌndә'stænd,v interpret in the wrong way,"vt. 误解, 误会",,2,,gk cet4 cet6 ky,8418,8287,d:misunderstood/p:misunderstood/i:misunderstanding/3:misunderstands
mix,miks,n. a commercially prepared mixture of dry ingredients\nn. an event that combines things in a mixture\nn. the act of mixing together\nv. combine (electronic signals),"n. 混合物, 混乱, 糊涂\nvt. 使混合, 弄混, 使结合, 混淆\nvi. 相混合, 交往, 参与",,4,1,gk cet4 ky,2156,1759,d:mixed/p:mixed/i:mixing/s:mixes/3:mixes
mixture,'mikstʃә,n. (chemistry) a substance consisting of two or more substances mixed together (not in fixed proportions and not with chemical bonding),"n. 混合, 混淆, 混合物\n[化] 混合物",,3,1,gk cet4 cet6 ky ielts,2426,2413,s:mixtures
mm,,n a metric unit of length equal to one thousandth of a meter,毫米\n[计] 毫米,,,1,gk,266,15832,
mobile,'mәubil,n. a river in southwestern Alabama; flows into Mobile Bay\nn. a port in southwestern Alabama on Mobile Bay\nn. sculpture suspended in midair whose delicately balanced parts can be set in motion by air currents\ns. migratory,"a. 移动的, 易变的, 机动的\nn. 活动物体",,3,1,gk cet4 cet6 ky toefl ielts gre,4468,4686,s:mobiles
model,'mɒdәl,n. a hypothetical description of a complex entity or process\nn. a type of product\nn. a person who poses for a photographer or painter or sculptor\nn. representation of something (sometimes on a smaller scale),"n. 模型, 模范, 模特儿\na. 模范的, 作模型用的\nvi. 做模型, 做模特儿\nvt. 使模仿, 塑造\n[计] 模型",,4,1,zk gk cet4 ky ielts,551,504,s:models/d:modelled/i:modelling/p:modelled/3:models
modem,'mәudem,n. (from a combination of MOdulate and DEModulate) electronic equipment consisting of a device used to connect computers by a telephone line,n. 调制解调器\n[计] 调制解调器,,,,gk toefl,9165,5518,s:modems
modern,'mɒdәn,n. a contemporary person\nn. a typeface (based on an 18th century design by Gianbattista Bodoni) distinguished by regular shape and hairline serifs and heavy downstrokes\na. belonging to the modern era; since the Middle Ages\ns. characteristic of present-day art and music and literature and architecture,"n. 现代人, 有思想的人\na. 现代的, 时髦的",,4,1,zk gk ielts,762,1046,s:moderns
modest,'mɒdist,a. marked by simplicity; having a humble opinion of yourself\ns. not large but sufficient in size or amount\ns. free from pomp or affectation\na. not offensive to sexual mores in conduct or appearance,"a. 谦逊的, 羞怯的, 端庄的, 适度的\n[经] 适当的",,3,,gk cet4 cet6 ky toefl ielts gre,3176,3101,
moment,'mәumәnt,n. a particular point in time\nn. an indefinitely short time\nn. a turning force produced by an object acting at a distance (or a measure of that force)\nn. the n-th moment of a distribution is the expected value of the n-th power of the deviations from a fixed value,"n. 片刻, 瞬间, 重要, 阶段, 力矩\n[医] 片刻, 瞬间, 时机, 因素, 矩",,5,1,zk gk toefl gre,361,369,s:moments
Monday,'mʌndi,n. the second day of the week; the first working day,n. 星期一,,4,1,zk gk ielts,1679,0,s:mondays
money,'mʌni,n. the most common medium of exchange; functions as legal tender\nn. wealth reckoned in terms of money\nn. the official currency issued by a government or national bank,"n. 金钱, 一笔款, 财富, 货币, 金额\n[经] 货币, 金钱, 财产",,5,1,zk gk ielts,233,232,s:moneys
monitor,'mɒnitә,n. an ironclad vessel built by Federal forces to do battle with the Merrimac\nn. display produced by a device that takes signals and displays them on a television screen or a computer monitor\nn. electronic equipment that is used to check the quality or content of electronic transmissions\nn. a piece of electronic equipment that keeps track of the operation of a system continuously and warns of trouble,"n. 监督器, 级长, 监听员, 班长, 监视器, 告诫物\nv. 监视, 监听, 监督\n[计] 监视器, 监视程序; 监视",,3,1,zk gk cet4 cet6 ky toefl ielts,2431,2349,d:monitored/i:monitoring/s:monitors/3:monitors/p:monitored
monkey,'mʌŋki,n. any of various long-tailed primates (excluding the prosimians),"n. 猴子, 猿, 打桩锤\nvi. 淘气, 胡闹\nvt. 嘲弄",,2,,zk gk cet4 ky,5405,4558,s:monkeys/i:monkeying/p:monkeyed/3:monkeys/d:monkeyed
month,mʌnθ,n. a time unit of approximately 30 days,n. 月\n[经] 月,,5,1,zk gk ielts,214,236,s:months
monument,'mɒnjumәnt,n. an important site that is marked and preserved as public property,"n. 纪念碑, 纪念物, 石碑",,2,,gk cet4 cet6 ky toefl,4736,4066,s:monuments
moon,mu:n,n. the natural satellite of the Earth\nn. any object resembling a moon\nn. United States religious leader (born in Korea) who founded the Unification Church in 1954; was found guilty of conspiracy to evade taxes (born in 1920)\nn. any natural satellite of a planet,"n. 月亮, 月球, 月光\nvi. 闲荡\nvt. 虚度",,3,1,zk gk,2646,2450,s:moons/i:mooning/p:mooned/3:moons/d:mooned
mop,mɒp,n cleaning implement consisting of absorbent material fastened to a handle; for cleaning floors\nv to wash or wipe with or as if with a mop\nv make a sad face and thrust out one's lower lip,"n. 拖把, 鬼脸\nvt. 用拖把洗擦, 擦, 拭\nvi. 做鬼脸\n[计] 维护操作协议",,1,,gk cet6,11184,12312,i:mopping/p:mopped/s:mops/d:mopped/3:mops
moral,'mɒrәl,n. the significance of a story or event\na. concerned with principles of right and wrong or conforming to standards of behavior and character based on those principles\ns. psychological rather than physical or tangible in effect,"n. 道德, 品行, 寓意\na. 道德的, 品性端正的, 精神上的",,3,1,gk cet4 cet6 ky toefl,1787,1459,s:morals
morning,'mɒ:niŋ,n. the time period between dawn and noon,"n. 早晨, 早上, 初期",,5,1,zk gk,445,357,s:mornings
Moscow,'mɒskau,n. a city of central European Russia; formerly capital of both the Soviet Union and Soviet Russia; since 1991 the capital of the Russian Federation,n. 莫斯科,,,,gk,2724,0,
Moslem,'mɒzlәm,n a believer in or follower of Islam\na of or relating to or supporting Islamism,"n. 穆斯林\na. 穆斯林的, 伊斯兰教的",,,,gk cet6,9364,18804,s:moslems
mosquito,mә'ski:tәu,n. two-winged insect whose female has a long proboscis to pierce the skin and suck the blood of humans and animals,n. 蚊子\n[医] 蚊,,1,,gk cet4 cet6 ky ielts gre,12347,5667,s:mosquitos
most,mәust,a. (superlative of `many' used with count nouns and often preceded by `the') quantifier meaning the greatest in number\na. the superlative of `much' that can be used with mass nouns and is usually preceded by `the'; a quantifier meaning the greatest in amount or extent or degree\nr. used to form the superlative\nr. very,"n. 最多, 最大\na. 大多数的, 几乎全部的, 最多的\nadv. 最, 最多, 极其",,5,1,zk gk ielts,153,144,
mother,'mʌðә,n. a woman who has given birth to a child (also used as a term of address to your mother)\nn. a stringy slimy substance consisting of yeast cells and bacteria; forms during fermentation and is added to cider or wine to produce vinegar\nn. a term of address for an elderly woman\nn. a term of address for a mother superior,"n. 母亲, 修女院长\nvt. 产生, 照看, 收养",,5,1,zk gk ielts,306,229,s:mothers/i:mothering/p:mothered/3:mothers/d:mothered
motherland,'mʌðәlænd,n the country where you were born,n. 祖国,,1,,gk,26292,23389,s:motherlands
motivation,.mәuti'veiʃәn,n. the psychological feature that arouses an organism to action toward a desired goal; the reason for the action; that which gives purpose and direction to behavior\nn. the condition of being motivated\nn. the act of motivating; providing incentive,"n. 动机, 刺激, 推动\n[医] 促动, 推动, 诱导",,2,,gk toefl ielts,3870,3126,s:motivations
motor,'mәutә,n. machine that converts other forms of energy into mechanical energy and so imparts motion\nn. a nonspecific agent that imparts motion,"n. 马达, 发动机, 原动力, 汽车\na. 马达的, 发动机的, 汽车的, 发动的\nvt. 推动, 以汽车载运\nvi. 乘汽车, 驾车",,4,1,gk cet4 cet6 ky,1895,3138,s:motors/p:motored/3:motors/i:motoring/d:motored
motorbike,'mәjtәbaik,v. ride a motorcycle,"n. 机动脚踏两用车, 摩托车",,1,,gk,10026,22347,s:motorbikes/i:motorbiking
motorcycle,'mәutәsaikl,n. a motor vehicle with two wheels and a strong frame,"n. 摩托车\n[机] 机动车, 机踏车, 摩托车",,1,1,zk gk ielts,9757,6059,s:motorcycles/3:motorcycles/i:motorcycling/p:motorcycled/d:motorcycled
motto,'mɒtәu,n. a favorite saying of a sect or political group,"n. 箴言, 座右铭, 警句",,1,,gk ielts gre,9695,9048,s:mottos
mountain,'mauntin,n. a land mass that projects well above its surroundings; higher than a hill,"n. 山, 山脉, 大堆",,4,1,zk gk ielts,1402,1240,s:mountains
mountainous,'mauntinәs,s. like a mountain in size and impressiveness\ns. containing many mountains,"a. 多山的, 如山的, 巨大的",,1,,gk cet6 gre,14181,12342,
mourn,mɒ:n,v. feel sadness\nv. observe the customs of mourning after the death of a loved one,"v. 哀悼, 忧伤, 服丧",,1,,gk cet4 cet6 ky ielts gre,9545,6768,i:mourning/p:mourned/d:mourned/3:mourns
mouse,maus,n. any of numerous small rodents typically resembling diminutive rats having pointed snouts and small ears on elongated bodies with slender usually hairless tails\nn. person who is quiet or timid\nn. a hand-operated electronic device that controls the coordinates of a cursor on your computer screen as you move it around on a pad; on the bottom of the device is a ball that rolls on the surface of the pad\nv. manipulate the mouse of a computer,"n. 老鼠, 胆小羞怯的人, 鼠标\nvi. 捕鼠, 窥探\nvt. 探出\n[计] 鼠标",,2,1,zk gk cet4 cet6 ky,2845,3305,s:mice/i:mousing/p:moused/3:mouses/d:moused
moustache,'mʌstæʃ,n an unshaved growth of hair on the upper lip,"n. 髭, 小胡子, 触须",,1,,gk ielts,7198,16314,s:moustaches
mouth,mauθ,n. the opening through which food is taken in and vocalizations emerge\nn. the externally visible part of the oral cavity on the face and the system of organs surrounding the opening\nn. an opening that resembles a mouth (as of a cave or a gorge)\nn. the point where a stream issues into a larger body of water,"n. 嘴, 口, 口腔, 口状物\nvi. 装腔作势说话, 做鬼脸\nvt. 说出, 做作地说",,4,1,zk gk toefl,1011,1060,s:mouths/p:mouthed/i:mouthing/d:mouthed/3:mouths
mouthful,'mauθful,n. the quantity that can be held in the mouth,"n. 一口, 满口",,1,,gk cet4 cet6,9085,13176,s:mouthfuls
move,mu:v,"n. the act of deciding to do something\nn. the act of changing your residence or place of business\nn. (game) a player's turn to take some action permitted by the rules of the game\nv. cause to move or shift into a new position or place, both in a concrete and in an abstract sense","n. 移动, 迁居, 步骤\nvt. 移动, 开动, 感动, 搬(家)\nvi. 移动, 离开, 运行, 迁移, 摇动, 搬家, 交往, 进展, 脱手\n[计] 移动; 传送; DOS外部命令:移动文件, 它可将文件移动到指定的地方",,5,1,zk gk,220,207,i:moving/p:moved/d:moved/3:moves/s:moves
movement,'mu:vmәnt,n. a natural event that involves a change in the position or location of something\nn. a group of people with a common ideology who try together to achieve certain general goals\nn. a major self-contained part of a symphony or sonata\nn. the driving and regulating parts of a mechanism (as of a watch or clock),"n. 运动, 动作, 运转, 移动, 倾向, 变化, 活动, 乐章\n[医] 运动",,4,1,gk cet4 cet6 ky gre,564,707,s:movements
movie,'mu:vi,n. a form of entertainment that enacts a story by sound and a sequence of images giving the illusion of continuous movement,n. 电影,,4,1,zk gk cet4 ky ielts,2856,576,s:movies
Mr.,'mistә(r),n a form of address for a man,"阁下, 先生",,,,zk gk,0,0,
Ms.,miz,n a form of address for a woman,女士,,,,zk gk,0,0,
much,mʌtʃ,n. a great amount or extent\na. (quantifier used with mass nouns) great in quantity or degree or extent\nr. to a great degree or extent\nr. very,"n. 大量, 许多, 重要的事\na. 很多的, 重要的\nadv. 多, 甚, 几乎",,5,1,zk gk,164,146,
mud,mʌd,n. water soaked soil; soft wet earth\nn. slanderous remarks or charges\nv. plaster with mud,"n. 泥, 诽谤\nvt. 弄脏",,2,1,gk cet4 cet6 ky toefl,3520,3610,s:muds/i:mudding/p:mudded/3:muds/d:mudded
muddy,'mʌdi,v. dirty with mud\nv. cause to become muddy\nv. make turbid,"a. 泥泞的, 浑浊的, 模糊的\nvt. 使污浊, 使沾上泥污",,1,,gk cet4 cet6 gre,7679,6484,d:muddied/s:muddies/i:muddying/p:muddied/r:muddier/t:muddiest/3:muddies
multiply,'mʌltiplai,v. combine by multiplication\nv. combine or increase by multiplication\nr. in several ways; in a multiple manner,"v. 繁殖, 乘, 增加\n[计] 乘",,2,1,gk cet4 cet6 ky toefl ielts gre,5028,6148,d:multiplied/i:multiplying/p:multiplied/3:multiplies
murder,'mә:dә,n. unlawful premeditated killing of a human being by a human being\nv. kill intentionally and with premeditation,"n. 谋杀\nvt. 谋杀, 损毁, 破坏\nvi. 犯杀人罪",,4,1,zk gk cet4 cet6 ky,1560,1381,d:murdered/s:murders/p:murdered/i:murdering/3:murders
museum,mju:'ziәm,n. a depository for collecting and displaying objects having scientific or historical or artistic value,n. 博物馆,,4,1,zk gk cet4 cet6 ky ielts,1209,1723,s:museums
mushroom,'mʌʃrum,"n. common name for an edible agaric (contrasting with the inedible toadstool)\nn. mushrooms and related fleshy fungi (including toadstools, puffballs, morels, coral fungi, etc.)\nn. any of various fleshy fungi of the subdivision Basidiomycota consisting of a cap at the end of a stem arising from an underground mycelium\nn. a large cloud of rubble and dust shaped like a mushroom and rising into the sky after an explosion (especially of a nuclear bomb)","n. 蘑菇形物, 蘑菇, 暴发户\nvi. 迅速生长, 迅速增加, 采蘑菇\na. 蘑菇形的, 迅速生长的",,2,,gk cet4 cet6 ky toefl ielts gre,6009,4256,s:mushrooms/p:mushroomed/d:mushroomed/i:mushrooming/3:mushrooms
music,'mju:zik,n. an artistic form of auditory communication incorporating instrumental or vocal tones in a structured and continuous manner\nn. any agreeable (pleasing and harmonious) sounds\nn. musical activity (singing or whistling etc.)\nn. (music) the sounds produced by singers or musical instruments (or reproductions of such sounds),"n. 音乐, 乐曲",,5,1,zk gk ielts,667,392,s:musics
musical,'mju:zikl,n. a play or film whose action and dialogue is interspersed with singing and dancing\na. characterized by or capable of producing music\na. talented in or devoted to music\na. characteristic of or resembling or accompanied by music,"n. 音乐片, 音乐舞台剧\na. 音乐的, 声音美妙的, 喜爱音乐的",,3,1,gk cet4 cet6 ky ielts,2771,2097,s:musicals
musician,mju:'ziʃәn,n. someone who plays a musical instrument (as a profession)\nn. artist who composes or conducts music as a profession,"n. 音乐家, 乐师, 作曲家",,3,1,gk cet4 cet6 ky,3697,2936,s:musicians
mustard,'mʌstәd,n. any of several cruciferous plants of the genus Brassica\nn. pungent powder or paste prepared from ground mustard seeds\nn. leaves eaten as cooked greens,"n. 芥末, 芥菜, 强烈的兴趣\n[医] 芥子; 芥属植物",,1,,gk cet6,8963,6095,s:mustards/d:mustarded
mutton,'mʌtn,n meat from a mature domestic sheep,n. 羊肉,,,,gk cet4 cet6 ky gre,15305,22179,s:muttons
my,mai,"a. Of or belonging to me; -- used always attributively; as, my\n   body; my book; -- mine is used in the predicate; as, the book is mine.\n   See Mine.",pron. 我的\n[医] 迈尔(热容单位),,5,1,zk gk,61,44,
myself,mai'self,"pron. I or me in person; -- used for emphasis, my own self or\n   person; as I myself will do it; I have done it myself; -- used also\n   instead of me, as the object of the first person of a reflexive verb,\n   without emphasis; as, I will defend myself.","pron. 我自己, 我亲自, 我独自",,4,1,zk gk,804,662,
nail,neil,n. horny plate covering and protecting part of the dorsal surface of the digits\nn. a thin pointed piece of metal that is hammered into materials as a fastener\nn. a former unit of length for cloth equal to 1/16 of a yard\nv. attach something somewhere by means of nails,"n. 钉子, 指甲\nvt. 用钉钉牢, 使固定, 截住, 揭露",,2,1,gk cet4 cet6 ky toefl,3556,3556,s:nails/d:nailed/i:nailing/p:nailed/3:nails
name,neim,n. a language unit by which a person or thing is known\nn. a person's reputation\nn. family based on male descent\nn. a well-known or notable person,"n. 名字, 名称, 姓名, 名义, 名誉, 文件名\nvt. 命名, 称呼, 任命, 提名, 列举\na. 姓名的, 据以取名的\n[计] 名称, 文件名, 姓名",,5,1,zk gk,271,298,s:names/d:named/p:named/i:naming/3:names
narrow,'nærәu,n. a narrow strait connecting two bodies of water\nv. make or become more narrow or restricted\na. not wide\ns. limited in size or scope,"n. 狭窄部分, 隘路\na. 狭窄的, 仔细的, 有限的, 勉强的, 狭隘的, 手紧的\nvi. 变窄\nvt. 使变狭窄",,4,1,gk cet4 cet6 ky toefl,1725,2007,r:narrower/p:narrowed/d:narrowed/i:narrowing/3:narrows/t:narrowest
nation,'neiʃәn,n. the people who live in a nation or country\nn. United States prohibitionist who raided saloons and destroyed bottles of liquor with a hatchet (1846-1911)\nn. a federation of tribes (especially Native American tribes),"n. 国家, 民族\n[法] 民族, 国家",,5,1,gk cet4 cet6 ky,1177,412,s:nations
national,'næʃәnәl,n. a person who owes allegiance to that nation\na. of or relating to or belonging to a nation or country\na. limited to or in the interests of a particular nation\na. concerned with or applicable to or belonging to an entire nation or country,"a. 国家的, 国立的, 全国性的, 民族的\n[经] 全国性的, 国家的, 国民的",,5,1,zk gk cet4 cet6 ky ielts,232,231,s:nationals
nationality,.næʃә'nælәti,n. people having common origins or traditions and often comprising a nation\nn. the status of belonging to a particular nation by birth or naturalization,"n. 国籍, 国家, 民族性\n[法] 国家, 民族, 国民",,2,,gk cet4 cet6 ky toefl ielts,5673,7751,s:nationalities
nationwide,'neiʃәnwaid,s occurring or extending throughout a country or nation\nr extending throughout an entire nation,"a. 全国性的\n[法] 全国的, 全国范围的",,2,,gk toefl,7933,4929,
native,'neitiv,n. an indigenous person who was born in a particular place\nn. a person born in a particular place or country\nn. indigenous plants and animals\na. characteristic of or existing by virtue of geographic origin,"n. 本地人, 土产, 当地人\na. 本国的, 与生俱来的, 自然的",,3,,gk cet4 cet6 ky ielts,3140,1403,s:natives
natural,'nætʃәrәl,n. someone regarded as certain to succeed\nn. a notation cancelling a previous sharp or flat\nn. (craps) a first roll of 7 or 11 that immediately wins the stake\na. in accordance with nature; relating to or concerning nature,"n. 白痴\na. 自然的, 自然界的, 本能的, 天然的, 物质的, 正常的, 原始的, 自然数的",,4,1,zk gk cet4 cet6 ky toefl ielts,709,715,
nature,'neitʃә,n. the essential qualities or characteristics by which something is recognized\nn. a causal agent creating and controlling things in the universe\nn. the natural physical world including plants and animals and landscapes etc.\nn. the complex of emotional and intellectual attributes that determine a person's characteristic actions and reactions,"n. 自然, 大自然, 本性, 性格, 性质\n[医] 自然, 大自然; 本性, 性能",,4,1,zk gk cet4 cet6 ky ielts,553,696,s:natures
navy,'neivi,n. an organization of military vessels belonging to a country and available for sea warfare,"n. 海军, 海军人员, 海军军力, 烟蒂",,3,1,gk cet4 cet6 ky,3375,5950,s:navies
near,niә,a. not far distant in time or space or degree or circumstances\ns. being on the left side\ns. closely resembling the genuine article\nr. near in time or place or relationship,"a. 近的, 近亲的, 近似的\nadv. 接近, 亲近\nprep. 靠近, 近似于\nv. 接近, 走近",,5,1,zk gk,726,706,t:nearest/r:nearer/i:nearing/p:neared/3:nears/d:neared
nearby,'niәbai,s. close at hand\nr. not far away in relative terms,"a. 附近的, 近旁的\nadv. 在附近, 近旁地\nprep. 在...附近",,3,1,gk cet4 cet6 ky,3327,2423,
nearly,'niәli,r (of actions or states) slightly short of or not quite accomplished; all but\nr in a close manner,"adv. 几乎, 密切地",,4,1,zk gk toefl,865,599,
neat,ni:t,s. clean or organized\ns. showing care in execution\ns. free from what is tawdry or unbecoming\ns. without water,"a. 整洁的, 巧妙的, 匀称的, 简洁的\nn. 牛",,3,1,gk cet4 cet6 ky toefl ielts,3823,4683,r:neater/t:neatest
necessary,'nesisәri,a. absolutely essential\ns. unavoidably determined by prior circumstances,a. 必要的；必然的；必需的,,4,1,zk gk,555,982,s:necessaries
neck,nek,n. the part of an organism (human or animal) that connects the head to the rest of the body\nn. a narrow elongated projecting strip of land\nn. a cut of meat from the neck of an animal\nn. a narrow part of an artifact that resembles a neck in position or form,"n. 脖子, 衣领, 颈\nvi. 拥抱, 拥吻, 收缩\nvt. 割颈",,3,1,zk gk cet4 cet6 ky toefl ielts,1569,1521,s:necks/i:necking/p:necked/3:necks/d:necked
necklace,'neklis,n. jewelry consisting of a cord or chain (often bearing gems) worn about the neck as an ornament (especially by women),n. 项链,,1,,gk cet4 cet6 ky,10178,6583,s:necklaces/p:necklaced/i:necklacing
necktie,'nektai,n. neckwear consisting of a long narrow piece of material worn (mostly by men) under a collar and tied in knot at the front,n. 领带,,,,gk,42992,17026,
need,ni:d,n. a condition requiring relief\nn. anything that is necessary but lacking\nv. have or feel a need for,"n. 需要, 必须, 缺乏\nvt. 需要, 必需\nvi. 贫困, 有必要\naux. 需要",,5,1,zk gk,132,132,s:needs/3:needs/d:needed/p:needed/i:needing
needle,'ni:dl,"n. a slender pointer for indicating the reading on the scale of a measuring instrument\nn. a sharp pointed implement (usually steel)\nv. goad or provoke,as by constant criticism\nv. prick with a needle","n. 针, 尖\nvt. 用针缝\nvi. 缝纫\n[计] 探针",,2,1,gk cet4 cet6 ky gre,3238,3804,s:needles/i:needling/p:needled/3:needles/d:needled
negotiate,ni'gәuʃieit,"v. succeed in passing through, around, or over","vi. 商议, 谈判, 交涉\nvt. 谈妥, 转让, 处理",,4,,gk cet6 ky toefl gre,2586,2541,i:negotiating/d:negotiated/p:negotiated/3:negotiates
neighbour,'neibә,n a person who lives (or is located) near another\nn a nearby object of the same kind\nv live or be located as a neighbor\nv be located near or adjacent to,"n. 邻居, 邻接的东西, 邻国, 邻座, 邻人, 世人\na. 邻接的, 邻近的\nvi.vt. 邻近, 与...结邻, 邻接",,3,1,zk gk cet4 cet6,1847,0,s:neighbours/i:neighbouring/p:neighboured/3:neighbours/d:neighboured
neighbourhood,'neibәhud,n a surrounding or nearby region\nn people living near one another,"n. 邻接, 周围, 附近一带, 邻近, 邻居关系, 地区, 街道, 街坊, 四邻\n[计] 邻域",,2,1,gk cet4 cet6,3942,25261,s:neighbourhoods
neither,'naiðә,s. not either; not one or the other,"adv. 皆不, 两个都不\na. (两者)都不的\npron. 两者都不\nconj. 既非, 既不",,4,1,zk gk,1721,1790,
nephew,'nefju:,n. a son of your brother or sister,"n. 侄子, 外甥",,1,1,gk cet4 cet6 ky,6440,6362,s:nephews
nervous,'nә:vәs,s. easily agitated\na. of or relating to the nervous system,"a. 神经紧张的, 不安的, 神经的\n[医] 神经的; 神经质的, 神经过敏的",,3,1,zk gk cet4 cet6 ky toefl ielts,2632,2393,
nest,nest,n. a structure in which animals lay eggs or give birth to their young\nn. a kind of gun emplacement\nn. a cosy or secluded retreat\nn. a gang of people (criminals or spies or terrorists) assembled in one locality,"n. 巢, 窝, 休息所, 隐匿处\nvi. 筑巢, 找鸟巢\nvt. 为...设窝, 使套叠\n[计] 嵌套",,2,1,gk cet4 cet6 ky,3867,4131,s:nests/i:nesting/d:nested/3:nests/p:nested
net,net,n. a trap made of netting to catch fish or birds or insects\nn. a goal lined with netting (as in soccer or hockey)\nn. game equipment consisting of a strip of netting dividing the playing area in tennis or badminton\nn. an open fabric of string or rope or wire woven together at regular intervals,"n. 网, 网状物, 罗网, 净利, 净价\na. 净的, 最终的\nvt. 用网捕, 撒网, 净赚, 得到\nvi. 编网\n[计] 网络, 网络分析程序",,3,1,gk cet4 cet6 ky toefl,2189,2884,s:nets/p:netted/d:netted/i:netting/3:nets
network,'netwә:k,n. an interconnected system of things or people\nn. (broadcasting) a communication system consisting of a group of broadcasting stations that all transmit the same programs\nn. a system of intersecting lines or channels\nn. (electronics) a system of interconnected electronic components or circuits,"n. 网络, 广播网, 网状物\n[计] 网络",,4,1,gk cet4 cet6 ky ielts,1102,882,s:networks/i:networking/d:networked/p:networked/3:networks
never,'nevә,r. not ever; at no time in the past or future\nr. not at all; certainly not; not in any circumstances,"adv. 从不, 决不, 不曾\n[法] 永不, 决不, 从来没有",,5,1,zk gk,157,138,
new,nju:,a. not of long duration; having just (or relatively recently) come into being or been made or acquired or discovered\ns. having no previous example or precedent or parallel\ns. other than the former one(s); different\na. unaffected by use or exposure,"a. 新的, 陌生的, 最近的, 不熟悉的\n[法] 新发现的, 新的, 重新开始的",,5,1,zk gk,81,88,r:newer/t:newest
news,nju:z,n. information about recent and important events\nn. information reported in a newspaper or news magazine\nn. informal information of any kind that is not previously known to someone,"n. 新闻, 消息, 报导\n[法] 新闻, 消息, 新闻报导",,5,1,zk gk,692,574,
newspaper,'nju:z.peipә,n. a daily or weekly publication on folded sheets; contains news and articles and advertisements\nn. a business firm that publishes newspapers\nn. the physical object that is the product of a newspaper publisher\nn. cheap paper made from wood pulp and used for printing newspapers,n. 报纸,,4,1,zk gk ielts,1164,1064,s:newspapers
next,'nekst,r. at the time or occasion immediately following,"n. 下一个\na. 下一个的, 其次的, 贴近的\nadv. 然后, 下次, 次于\n[计] 近邻干扰",,5,1,zk gk,199,217,
nice,nais,n. a city in southeastern France on the Mediterranean; the leading resort on the French Riviera\na. pleasant or pleasing or agreeable in nature or appearance\ns. done with delicacy and skill,"a. 美好的, 和蔼的, 正派的, 做得好的, 精密的, 细微的, 挑剔的, 谨慎的",,4,1,zk gk gre,750,897,r:nicer/t:nicest
niece,ni:s,n. a daughter of your brother or sister,"n. 侄女, 甥女",,1,1,gk cet4 cet6 ky,7967,7475,s:nieces
night,nait,n. the time after sunset and before sunrise while it is dark outside\nn. a period of ignorance or backwardness or gloom\nn. the period spent sleeping\nn. the dark part of the diurnal cycle considered a time unit,"n. 夜, 夜晚, 晚上, 黑暗, 夜晚的工作\n[法] 夜, 黑夜, 黑暗",,5,1,zk gk ielts,216,209,s:nights
nine,nain,n. the cardinal number that is the sum of eight and one\ns. denoting a quantity consisting of one more than eight and one less than ten,"num. 九, 九个",,5,,zk gk,737,1154,
nineteen,.nain'ti:n,n. the cardinal number that is the sum of eighteen and one\ns. being one more than eighteen,"num. 十九, 十九个",,5,,zk gk cet4 ky,1907,7818,
ninety,'nainti,n. the cardinal number that is the product of ten and nine\ns. being ten more than eighty,"num. 九十, 九十个",,5,,zk gk,1948,8279,
ninth,nainθ,n. position nine in a countable series of things\ns. coming next after the eighth and just before the tenth in position,"num. 第九, 九分之一",,4,,zk gk,5636,5059,
no,nәu,n. a negative\na. quantifier; used with either mass nouns or plural count nouns for indicating a complete or almost complete lack or zero quantity of\nr. referring to the degree to which a certain quality is present\nr. not in any degree or manner; not at all,"n. 不, 拒绝, 否决票\na. 没有, 不是, 绝非\nadv. 不",,5,1,zk gk,68,93,
no.,'nʌmbә,n the number designating place in an ordered sequence,"n. 号码, 编号\n[医] 数目, 号码",,1,,gk,0,0,
noble,'nәubl,a. of or belonging to or constituting the hereditary aristocracy especially as derived from feudal times\na. having or showing or indicative of high or elevated character\ns. inert especially toward oxygen,"n. 贵族\na. 高贵的, 高尚的, 贵族的, 辉煌的",,2,,gk cet4 cet6 ky ielts,4808,5553,s:nobles
nobody,'nәubɒdi,n a person of no influence,"n. 小人物, 无名小卒\npron. 无人, 没有人",,4,1,zk gk,1529,1151,s:nobodies
nod,nɒd,"n. a sign of assent or salutation or command\nn. the act of nodding the head\nv. express or signify by nodding\nv. lower and raise the head, as to indicate assent or agreement or confirmation","n. 点头, 打盹, 晃动\nvi. 点头, 打盹\nvt. 点头表示, 点(头)",,3,,zk gk cet4 cet6 ky toefl,1573,1557,p:nodded/i:nodding/3:nods/s:nods/d:nodded
noise,nɒiz,n. sound of any kind (especially unintelligible or dissonant sound)\nn. the auditory experience of sound that lacks musical quality; sound that is a disagreeable auditory experience\nn. electrical or acoustic activity that can disturb communication\nn. a loud outcry of protest or complaint,"n. 噪音, 杂音, 响声, 喧闹\nvt. 谣传\nvi. 喧闹\n[计] 噪声",,3,1,zk gk ielts,1667,2012,s:noises/i:noising/p:noised/3:noises/d:noised
noisily,'nɒizili,r. with much noise or loud and unpleasant sound,adv. 吵闹地,,,1,gk,12642,16141,
noisy,'nɒizi,a. full of or characterized by loud and nonmusical sounds\ns. attracting attention by showiness or bright colors,"a. 嘈杂的, 喧闹的\n[机] 噪声的, 嘈杂的",,2,1,gk cet4 cet6 ky toefl ielts,5244,6565,r:noisier/t:noisiest
none,nʌn,n. a canonical hour that is the ninth hour of the day counting from sunrise\nn. a service in the Roman Catholic Church formerly read or chanted at 3 PM (the ninth hour counting from sunrise) but now somewhat earlier\ns. not any\nr. not at all or in no way,"adv. 一点也不, 毫不\npron. 没有人, 无一物, 并无一个\na. 没有的",,4,1,zk gk,1182,1086,
noodle,'nu:dl,n. a ribbonlike strip of pasta,"n. 面条, 笨蛋",,1,,zk gk ky,21573,7939,s:noodles/3:noodles/i:noodling/p:noodled
noon,nu:n,n. the middle of the day,"n. 正午, 中午, 全盛期",,2,,zk gk,6907,3820,s:noons
nor,nɒ:,"conj. A negative connective or particle, introducing the second\n   member or clause of a negative proposition, following neither, or not,\n   in the first member or clause (as or in affirmative propositions\n   follows either). Nor is also used sometimes in the first member for\n   neither, and sometimes the neither is omitted and implied by the use of\n   nor.","conj. 也不, 也没有\n[计] 或非",,4,1,zk gk,810,1062,
normal,'nɒ:ml,a. conforming with or constituting a norm or standard or level or type or social norm; not abnormal\na. in accordance with scientific laws\na. being approximately average or within certain limits in e.g. intelligence and development\ns. forming a right angle,"n. 常态, 标准, 正常, 普通\na. 正常的, 正规的, 标准的, 师范的, 正态的\n[计] 标准, 普通",,4,1,zk gk cet4 cet6 ky toefl ielts,811,1217,s:normals
North,nɒ:θ,"n. the region of the United States lying to the north of the Mason-Dixon line\nn. the cardinal compass point that is at 0 or 360 degrees\nn. a location in the northern part of a country, region, or city\nn. the direction corresponding to the northward cardinal compass point","n. 北方, 北\na. 北的, 北方的\nadv. 向北方, 在北方",,4,1,zk gk,1746,578,
northeast,.nɒ:θ'i:st,n. the compass point midway between north and east; at 45 degrees\nn. the northeastern region of the United States\nn. the direction corresponding to the northeastward compass point,"n. 东北\na. 东北的, 向东北的, 来自东北的\nadv. 向东北, 来自东北",,,,gk cet4 cet6 ky,16006,4122,
northern,'nɒ:ðәn,n. a dialect of Middle English that developed into Scottish Lallans\na. in or characteristic of a region of the United States north of (approximately) the Mason-Dixon line\na. situated in or coming from regions of the north,"n. 北方人\na. 北方的, 向北的, 自北方来的",,,1,zk gk cet4 cet6 ky,1445,1556,
northwards,'nɔ:θwәdz,n the cardinal compass point that is at 0 or 360 degrees\nr in a northern direction,adv. 向北方,,,,gk cet6,11689,43874,
northwest,.nɒ:θ'west,n. the northwestern region of the United States\nn. the direction corresponding to the northwestward compass point\nn. the compass point midway between north and west; at 315 degrees,"n. 西北, 西北方\na. 西北的, 在西北的, 来自西北的\nadv. 向西北",,,,gk cet4 cet6 ky,14975,3403,
nose,nәuz,n. the organ of smell and entrance to the respiratory tract; the prominent part of the face of man or other mammals\nn. a front that resembles a human nose (especially the front of an aircraft)\nn. the front or forward projection of a tool or weapon\nn. a small distance,"n. 鼻子, 突出部分, 嗅觉\nvt. 嗅到, 探出, 用鼻子触\nvi. 闻, 嗅, 探听, 告密",,3,1,zk gk,1887,1735,s:noses/i:nosing/p:nosed/d:nosed/3:noses
not,nɒt,r. negation of a word or group of words,"adv. 不, 非, 未\n[计] 非",,5,1,zk gk,13,28,
note,nәut,n. a brief written record\nn. a short personal letter\nn. a notation representing the pitch and duration of a musical sound\nn. a tone of voice that shows what the speaker is feeling,"n. 笔记, 记录, 注解, 票据, 符号, 显要, 注重, 便笺, 照会\nvt. 记录, 注解, 注意",,4,1,zk gk toefl,799,703,s:notes/d:noted/p:noted/i:noting/3:notes
notebook,'nәutbuk,n. a book with blank pages for recording notes or memoranda\nn. a small compact portable computer,"n. 笔记本, 手册, 期票簿",,2,,zk gk cet4 cet6 ky ielts,5410,4427,s:notebooks
nothing,'nʌθiŋ,n. a quantity of no importance\nr. in no respect; to no degree,"n. 无, 不关紧要之事, 零\nadv. 毫不, 决不\ninterj. 什么也没有, 无",,5,1,zk gk ielts,258,315,
notice,'nәutis,n. an announcement containing information about an event\nn. the act of noticing or paying attention\nn. advance notification (usually written) of the intention to withdraw from an arrangement of contract\nn. polite or favorable attention,"n. 注意, 布告, 通知, 预告, 短评\nvt. 注意, 通知, 评论, 提及, 关注\nvi. 注意",,4,1,zk gk cet4 cet6 ky toefl ielts,1034,1044,p:noticed/d:noticed/i:noticing/s:notices/3:notices
novel,'nɒvl,n. an extended fictional work in prose; usually in the form of a story\nn. a printed and bound book that is an extended work of fiction\ns. pleasantly new or different,"n. 小说, 长篇故事\na. 新奇的, 异常的",,4,1,gk cet4 cet6 ky toefl ielts,2109,1647,s:novels
novelist,'nɒvәlist,n. one who writes novels,n. 小说家,,2,,gk,6213,6348,s:novelists
November,nәu'vembә,n. the month following October and preceding December,n. 十一月,,4,1,zk gk ielts,1059,0,
now,nau,n. the momentary present\nr. in the historical present; at this point in the narration of a series of past events\nr. used to preface a command or reproof or request\nr. at the present moment,"adv. 现在, 刚才, 目前\nn. 现在\na. 现在的\nconj. 由于",,5,1,zk gk,67,72,
nowadays,'nauәdeiz,r. in these times,"n. 现在, 现时, 当今\nadv. 时下, 现今",,2,,gk cet4 cet6 ky toefl,4094,6788,
nowhere,'nәuhwєә,n. an insignificant place\nr. not anywhere; in or at or to no place,"adv. 无处, 到处都无",,3,1,gk cet4 cet6 ky ielts,3107,2924,
nuclear,'nju:kliә,a. (weapons) deriving destructive energy from the release of atomic energy\na. of or relating to or constituting the nucleus of an atom\na. of or relating to or constituting the nucleus of a cell\ns. constituting or like a nucleus,"a. 核子的, 原子能的, 核的, 中心的\n[医] 核的",,4,1,gk cet4 cet6 ky toefl,1221,1176,
numb,nʌm,v. make numb or insensitive\ns. so frightened as to be unable to move; stunned or paralyzed with terror; petrified,"a. 麻木的, 失去知觉的\nvt. 使麻木, 使昏迷, 使失去知觉",,1,,gk ky toefl ielts gre,12639,9317,d:numbed/i:numbing/3:numbs/p:numbed/r:number
number,'nʌmbә,n. the property possessed by a sum or total or indefinite quantity of units or individuals\nn. a concept of quantity involving zero and units\nn. a select company of people\nn. a numeral or string of numerals that is used for identification,"n. 数, 数字, 数目, 号码\nvt. 数, 计算, 共计\nvi. 计算, 报数\n[计] 数字",,5,1,zk gk,143,204,s:numbers/d:numbered/p:numbered/i:numbering/0:numb/1:r/3:numbs
nurse,nә:s,"n. one skilled in caring for young children or the sick (usually under the supervision of a physician)\nv. try to cure by special care of treatment, of an illness or injury\nv. serve as a nurse; care for sick or handicapped people\nv. treat carefully","n. 护士, 保姆, 奶妈\nvt. 看护, 照顾, 培养\nvi. 喂奶, 看护病人",,3,1,zk gk toefl ielts,1650,1875,s:nurses/i:nursing/p:nursed/d:nursed/3:nurses
nursery,'nә:sәri,n. a child's room for a baby,"n. 托儿所, 苗圃, 温床\n[医] 婴儿室, 托儿所",,2,,gk cet4 cet6 ky ielts,3383,5632,s:nurseries
nursing,'nә:siŋ,n. the work of caring for the sick or injured or infirm\nn. the profession of a nurse\nn. nourishing at the breast,"n. 看护, 养育\n[医] 护理[法], 喂乳[法]",,,,gk ielts,4715,5250,0:nurse/1:i/i:nursing
nut,nʌt,n. usually large hard-shelled seed\nn. Egyptian goddess of the sky\nn. a small (usually square or hexagonal) metal block with internal screw thread to be fitted onto a bolt\nv. gather nuts,"n. 坚果, 核心, 螺帽\n[计] Novell NetWare服务器实用程序",,2,1,gk cet4 cet6 ky,4276,3188,s:nuts/i:nutting/3:nuts/p:nutted/d:nutted
nutrition,nju:'triʃәn,n. (physiology) the organic process of nourishing or being nourished; the processes by which an organism assimilates food and uses it for growth and maintenance\nn. the scientific study of food and drink (especially in humans),"n. 营养, 营养学\n[医] 营养, 营养品",,2,,gk cet6 ky toefl ielts gre,8940,5563,
nylon,'nailɒn,n. a thermoplastic polyamide; a family of strong resilient synthetic fibers\nn. a synthetic fabric,n. 尼龙\n[化] 尼龙; 聚酰胺纤维,,1,,gk cet4 cet6 ky ielts,7129,8449,s:nylons
obey,ә'bei,v. be obedient to,"vt. 服从, 遵从, 顺从\nvi. 服从",,2,1,gk cet4 cet6 ky,4952,5672,p:obeyed/d:obeyed/i:obeying/3:obeys
object,'ɒbdʒekt,n. a tangible and visible entity; an entity that can cast a shadow\nn. (grammar) a constituent that is acted upon\nn. the focus of cognitions or feelings\nn. (computing) a discrete item that provides a description of virtually anything known to a computer,"n. 物体, 目标, 目的, 对象, 宾语, 客体\nvi. 反对, 抱反感\nvt. 提出...来反对\n[计] 对象",,4,1,zk gk cet4 cet6 ky ielts,1028,1153,s:objects/p:objected/d:objected/i:objecting/3:objects
observe,әb'zә:v,v. watch attentively\nv. behave as expected during of holidays or rites\nv. stick to correctly or closely\nv. conform one's action or practice to,"vt. 觉察到, 遵守, 注意到, 庆祝\nvi. 注意, 评论",,3,1,gk cet4 cet6 ky toefl ielts,1288,1294,d:observed/p:observed/i:observing/3:observes
obtain,әb'tein,v. come into possession of,"vt. 获得, 达到\nvi. 流行, 得到公认",,3,1,gk cet4 cet6 ky toefl,793,1595,d:obtained/i:obtaining/p:obtained/3:obtains
obvious,'ɒbviәs,a. easily perceived by the senses or grasped by the mind,"a. 明显的, 明白的, 显然的, 平淡无奇的",,4,1,gk cet4 cet6 ky toefl ielts gre,1173,1689,
occupation,.ɒkju'peiʃәn,n. the principal activity in your life that you do to earn money\nn. the control of a country by military forces of a foreign power\nn. any activity that occupies a person's attention\nn. the act of occupying or taking possession of a building,"n. 职业, 占有, 占有期, 占领, 占领军\n[经] 占有, 占用, 职业",,3,,gk cet4 cet6 ky toefl ielts gre,2591,3334,s:occupations
occur,ә'kә:,v. come to one's mind; suggest itself\nv. to be found to exist,"vi. 发生, 被想到, 存在",,4,1,gk cet4 cet6 ky toefl ielts,634,756,3:occurs/p:occurred/d:occurred/i:occurring
ocean,'әuʃәn,n. a large body of water constituting a principal part of the hydrosphere\nn. anything apparently limitless in quantity or volume,"n. 海洋, 广阔, 许多, 一大片\n[法] 海洋, 海",,3,1,zk gk cet4 ky ielts,3015,1842,s:oceans
Oceania,.әuʃi'æniә,n. a large group of islands in the south Pacific including Melanesia and Micronesia and Polynesia (and sometimes Australasia and the Malay Archipelago),n. 大洋洲,,,,gk cet4 cet6,42429,0,
October,ɒk'tәubә,n. the month following September and preceding November,n. 十月,,4,1,zk gk ielts,940,0,
of,ɒv,"prep. In a general sense, from, or out from; proceeding from;\n   belonging to; relating to; concerning; -- used in a variety of\n   applications; as:\nprep. Denoting that from which anything proceeds; indicating\n   origin, source, descent, and the like; as, he is of a race of kings; he\n   is of noble blood.\nprep. Denoting possession or ownership, or the relation of subject\n   to attribute; as, the apartment of the consul: the power of the king; a\n   man of courage; the gate of heaven.\nprep. Denoting the material of which anything is composed, or that\n   which it contains; as, a throne of gold; a sword of steel; a wreath of\n   mist; a cup of water.\nprep. Denoting part of an aggregate or whole; belonging to a\n   number or quantity mentioned; out of; from amongst; as, of this little\n   he had some to spare; some of the mines were unproductive; most of the\n   company.\nprep. Denoting that by which a person or thing is actuated or\n   impelled; also, the source of a purpose or action; as, they went of\n   their own will; no body can move of itself; he did it of necessity.\nprep. Denoting reference to a thing; about; concerning; relating\n   to; as, to boast of one's achievements.\nprep. Denoting nearness or distance, either in space or time;\n   from; as, within a league of the town; within an hour of the appointed\n   time.\nprep. Denoting identity or equivalence; -- used with a name or\n   appellation, and equivalent to the relation of apposition; as, the\n   continent of America; the city of Rome; the Island of Cuba.\nprep. Denoting the agent, or person by whom, or thing by which,\n   anything is, or is done; by.\nprep. Denoting relation to place or time; belonging to, or\n   connected with; as, men of Athens; the people of the Middle Ages; in\n   the days of Herod.\nprep. Denoting passage from one state to another; from.\nprep. During; in the course of.","prep. 的, 属于",,5,1,zk gk,3,4,
off,ɒf,a. not in operation or operational\ns. below a satisfactory level\na. (of events) no longer planned or scheduled\ns. in an unpalatable state,"a. 关着的, 不再生效的, 处于...境况的, 休假的, 空闲的\nadv. 走开, ...掉, ...下, 休息, 出发, 隔断\nprep. 离开, 脱落, 不在从事......, 在...之外\nvi. 离开, 滚开\nvt. 杀死\nn. 关闭状态\n[计] 关闭, 清屏命令",,5,1,zk gk,174,205,i:offing/p:offed/3:offs/d:offed
offence,ә'fens,n the action of attacking an enemy\nn the team that has the ball (or puck) and is trying to score\nn a feeling of anger caused by being offended\nn a lack of politeness; a failure to show regard for others; wounding the feelings or others\nn (criminal law) an act punishable by law; usually considered an evil act,"n. 犯罪, 冒犯, 违反, 罪过, 过错, 攻击\n[法] 犯法, 罪过, 过错",,3,1,gk cet6 ky ielts,1550,22003,s:offences
offer,'ɒfә,"n. the verbal act of offering\nn. something offered (as a proposal or bid)\nv. make available or accessible, provide or furnish\nv. present for acceptance or rejection","n. 给予(物), 出价, 提议, 意图, 报价\nvt. 提供, 出价, 奉献, 试图, 使出现, 演出\nvi. 出现, 献祭, 提议, 求婚",,5,1,zk gk cet4 cet6 ky toefl ielts,307,373,d:offered/3:offers/i:offering/p:offered/s:offers
office,'ɒfis,n. place of business where professional or clerical duties are performed\nn. (of a government or government official) holding an office means being in power\nn. professional or clerical workers in an office\nn. a religious rite or service prescribed by ecclesiastical authorities,"n. 办公室, 部, 公职, 职责\n[化] 办公室",,5,1,zk gk ielts,303,341,s:offices
officer,'ɒfisә,n. a person authorized to serve in a position of authority on a vessel\nv. direct or command as an officer,"n. 军官, 主管, 官员, 公务员\nvt. 指挥",,5,1,zk gk cet4 cet6 ky ielts,556,671,s:officers/i:officering/p:officered/3:officers/d:officered
official,ә'fiʃәl,n. a worker who holds or is invested with an office\nn. someone who administers the rules of a game or sport\na. having official authority or sanction\na. of or relating to an office,"n. 官员, 公务员, 职员\na. 公务的, 官方的, 正式的",,5,1,gk cet4 cet6 ky toefl,1199,526,s:officials
offshore,ɒ:f'ʃɒ:,a. (of winds) coming from the land\ns. at some distance from the shore\nr. away from shore; away from land,"a. 海面的, 吹向海面的, 近海的\nadv. 向海面",,2,,gk toefl ielts,7349,7765,
often,'ɒ:fn,r. in many cases or instances,"adv. 时常, 常常",,5,1,zk gk,230,274,
oh,әu,n a midwestern state in north central United States in the Great Lakes region,interj. (表示惊讶、恐怖、赞叹)哦,,5,1,gk,120,411,
oil,ɒil,"n. a slippery or viscous liquid or liquefiable substance not miscible with water\nn. oil paint containing pigment that is used by an artist\nv. cover with oil, as if by rubbing","n. 油, 石油, 油画颜料\nvt. 涂油于, 使融化成油状, 加油于\nvi. 加燃油, 融化",,5,1,zk gk cet4 ky ielts,906,546,s:oils/p:oiled/i:oiling/d:oiled/3:oils
oilfield,ˈɔɪlfi:ld,n. a region rich in petroleum deposits (especially one with producing oil wells),n. 油田,,1,,gk,26075,0,s:oilfields
OK,'әu'kei,n a state in south central United States\nk an endorsement\ns being satisfactory or in satisfactory condition\nr an expression of agreement normally occurring at the beginning of a sentence,"a. 好, 不错, 可以\nadv. 好, 不错, 可以\nn. 批准, 认可\n[计] 确定",,,1,zk gk,3743,830,
old,әuld,n. past times (especially in the phrase `in days of old')\na. (used especially of persons) having lived for a relatively long time or attained a specific age\na. of long duration; not new\ns. (used for emphasis) very familiar,"n. 以前, 往昔\na. 老的, 旧的, 古老的, 年长的, 老练的",,5,1,zk gk,126,152,r:older/t:oldest/s:olds
Olympic,әu'limpik,a. of or relating to the Olympic Games,"a. 奥林匹亚的, 奥林匹斯山的, 强有力的, 巨大的",,,,gk ielts,4877,2736,s:olympics
omelette,'ɒmlit,n beaten eggs or an egg mixture cooked until just set; may be folded around e.g. ham or cheese or jelly,"n. 煎蛋卷, 炒蛋",,1,,gk,15720,22503,s:omelettes
on,ɒn,a. in operation or operational\na. (of events) planned or scheduled\nr. indicates continuity or persistence or concentration\nr. in a state required for something to function or be effective,prep. 在...之上\nadv. ...上去\na. 正起作用的\n[计] 打开,,5,1,zk gk ielts,17,17,
once,wʌns,r. on one occasion\nr. as soon as\nr. at a previous time;,"adv. 一次, 曾经, 一旦\nconj. 一旦, 一经\nn. 一次\na. 从前的",,5,1,zk gk ielts,548,300,
one,wʌn,n. the smallest whole number or a numeral representing this number\nn. a single person or thing\ns. used of a single unit or thing; not two or more\ns. having the indivisible character of a unit,"n. 一(个)\npron. 一, 任何人\nnum. 一, 一个\na. 一致的, 完整的",,5,1,zk gk ielts,46,51,s:ones
oneself,wʌn'self,"pron. A reflexive form of the indefinite pronoun one.\n   Commonly writen as two words, one's self.","pron. 自己, 亲自",,1,,zk gk cet4 ky,7141,7598,
onion,'ʌnjәn,n. the bulb of an onion plant\nn. bulbous plant having hollow leaves cultivated worldwide for its rounded edible bulb\nn. an aromatic flavorful vegetable,n. 洋葱\nvt. 因洋葱使掉泪,,2,1,gk cet4 cet6 ky,5108,2567,s:onions
only,'әunli,"r. with nevertheless the final result\nr. in the final outcome\nr. except that; only this time she came out better""\nr. never except when","a. 唯一的, 仅有的, 最佳的\nadv. 只有, 仅仅, 只能\nconj. 但是, 不过",,5,1,zk gk,70,101,
onto,'ɒntu:,"prep. On the top of; upon; on. See On to, under On, prep.",prep. 在...之上,,3,1,gk cet4 ky,1535,926,s:ontos
open,'әupәn,n. a clear or unobstructed space or expanse of land or water\nn. a tournament in which both professionals and amateurs may play\nn. information that has become public\nv. cause to open or to become open,"n. 公开, 户外, 空旷\na. 开着的, 开放的, 开阔的, 营业着的, 公开的, 悬而未决的\nvt. 打开, 公开, 开放\nvi. 展开, 开始, 展现\n[计] 打开指令; 打开语句",,5,1,zk gk,403,355,p:opened/d:opened/i:opening/3:opens
opener,'әupәnә,n. the first event in a series\nn. a hand tool used for opening sealed containers (bottles or cans),"n. 开...的人, 开局人, 开创人, 开具, 开启工具, 首项\n[经] 申请开证人",,1,,gk,10456,7761,s:openers
opening,'әupәniŋ,n. an open or empty space in or between things\nn. a ceremony accompanying the start of some enterprise\nn. becoming open or being made open\nn. the first performance (as of a theatrical production),"n. 开始, 口子, 穴, 揭幕\na. 开始的",,3,1,gk cet4 cet6 ky ielts,1730,1940,0:open/1:i/i:opening/s:openings
opera,'ɒpәrә,n. a drama set to music; consists of singing with orchestral accompaniment and an orchestral overture and interludes\nn. a commercial browser\nn. a building where musical dramas are performed,n. 歌剧,,3,,gk cet4 cet6 ky toefl,2984,3851,s:operas
operate,'ɒpәreit,"v. direct or control; projects, businesses, etc.\nv. handle and cause to function\nv. happen","v. 操作, 运转, 动手术, 活动",,5,1,gk cet4 cet6 ky toefl,970,1309,i:operating/d:operated/3:operates/p:operated
operation,.ɒpә'reiʃәn,n. the state of being in effect or being operative\nn. a business especially one run on a large scale\nn. a planned activity involving many people performing various actions\nn. (computer science) data processing in which the result is completely specified by a rule (especially the processing that results from a single instruction),"n. 操作, 动作, 手术, 运算, 作用, 业务\n[计] 运算",,5,1,zk gk cet4 cet6 ky,619,826,s:operations
operator,'ɒpәreitә,n. (mathematics) a symbol or function representing a mathematical operation\nn. an agent that operates some apparatus or machine\nn. someone who owns or operates a business\nn. a speculator who trades aggressively on stock or commodity markets,"n. 操作员, 行家, 经纪人, 算子, 运算符\n[计] 运算符",,3,,gk cet4 cet6 ky toefl,2700,3210,s:operators
opinion,ә'pinjәn,n. a personal belief or judgment that is not founded on proof or certainty\nn. a message expressing a belief about something; the expression of a belief that is held with confidence but not substantiated by positive knowledge or proof\nn. the legal document stating the reasons for a judicial decision\nn. the reason for a court's judgment (as opposed to the decision itself),"n. 意见, 评价, 主张\n[经] 意见",,4,1,gk cet4 cet6 ky toefl ielts,1067,1124,s:opinions
oppose,ә'pәuz,v. be against; express opposition to\nv. contrast with equal weight or force\nv. be resistant to,"vt. 反对, 以...对抗, 抗争\nvi. 反对",,3,1,gk cet4 cet6 ky toefl ielts gre,2559,1945,d:opposed/p:opposed/i:opposing/3:opposes
opposite,'ɒpәzit,s. being directly across from each other; facing\na. of leaves etc; growing in pairs on either side of a stem\ns. moving or facing away from each other\ns. the other one of a complementary pair,"a. 相对的, 相反的, 对面的\nprep. 对面\nn. 对立面",,3,1,gk cet4 cet6 ky toefl ielts,2574,2222,s:opposites
optimistic,.ɒpti'mistik,a. expecting the best in this best of all possible worlds,"a. 乐观的, 乐观主义的, 乐天的",,1,,gk cet4 cet6 ky toefl,4963,4141,
optional,'ɒpʃәnl,a. possible but not necessary; left to personal choice,"a. 可选择的, 随意的\n[化] 选购的",,1,,gk cet4 cet6 ky toefl ielts gre,5815,5692,
or,ɒ:,n a state in northwestern United States on the Pacific\nn a room in a hospital equipped for the performance of surgical operations,"conj. 或, 或者\n[计] 或",,5,1,zk gk,29,32,
oral,'ɒ:rәl,n. an examination conducted by spoken communication\ns. using speech rather than writing\na. of or relating to or affecting or for use in the mouth\na. of or involving the mouth or mouth region or the surface on which the mouth is located,"n. 口试\na. 口头的, 口述的, 口部的",,2,,gk cet4 cet6 ky toefl ielts,3468,3875,s:orals
orange,'ɒ:rindʒ,n. round yellow to orange fruit of any of several citrus trees\nn. orange color or pigment; any of a range of colors between red and yellow\nn. any citrus tree bearing oranges\nn. any pigment producing the orange color,"n. 柑橘, 桔子, 橘色\na. 橘色的",,3,1,zk gk,3959,3145,s:oranges
orbit,'ɒ:bit,n. the (usually elliptical) path described by one celestial body in its revolution about another\nn. the path of an electron around the nucleus of an atom,"n. 轨道, 常轨, 眼眶\nvt. 绕...轨道而行\nvi. 进入轨道, 盘旋",,2,,gk cet4 cet6 ky toefl ielts,6177,4178,s:orbits/i:orbiting/p:orbited/3:orbits/d:orbited
order,'ɒ:dә,"n. (often plural) a command given by a superior (e.g., a military or law enforcement officer) that must be obeyed\nn. a degree in a continuum of size or quantity\nn. established customary state (especially of society)\nn. a commercial document used to request someone to supply something in return for payment and providing specifications and quantities","n. 次序, 规则, 命令\nvi. 命令, 定货\nvt. 整理, 命令, 定购\nn. 顺序, 阶数\n[计] 顺序, 阶数",,4,1,zk gk ielts,368,684,s:orders/d:ordered/p:ordered/i:ordering/3:orders
ordinary,'ɒ:dinәri,n. a judge of a probate court\nn. the expected or commonplace condition or situation\nn. a clergyman appointed to prepare condemned prisoners for death\nn. an early bicycle with a very large front wheel and small back wheel,"a. 平常的, 普通的, 平凡的\nn. 平常的人(或事)",,3,1,gk cet4 cet6 ky ielts,1387,2268,s:ordinaries
organ,'ɒ:gәn,n. a fully differentiated structural and functional unit in an animal that is specialized for some particular function\nn. a government agency or instrument devoted to the performance of some specific function\nn. a periodical that is published by a special interest group\nn. wind instrument whose sound is produced by means of pipes arranged in sets supplied with air from a bellows and controlled from a large complex musical keyboard,"n. 风琴, 器官, 元件, 机构, 机关\n[电] 风琴",,2,1,gk cet4 cet6 ky ielts,3101,3394,s:organs
organise,'ɒ:gәnaiz,v bring order and organization to\nv create (as an entity)\nv form or join a union\nv cause to be structured or ordered or operating according to some principle or idea\nv arrange by systematic planning and united effort\nv plan and direct (a complex undertaking),"vt. 组织, 有机化, 给予生机",,,,gk,1672,0,d:organised/i:organising/p:organised/3:organises
organiser,,n someone who enlists workers to join a union\nn a person who brings order and organization to an enterprise\nn a lightweight consumer electronic device that looks like a hand-held computer but instead performs specific tasks; can serve as a diary or a personal database or a telephone or an alarm clock etc.,"[经] 组织者, 创立人, 发起人",,,,gk,4049,46049,s:organisers
organization,.ɒ:gәnai'zeiʃәn,n. a group of people who work together\nn. the act of organizing a business or an activity related to a business\nn. an ordered manner; orderliness by virtue of being methodical and well organized\nn. the activity or result of distributing or disposing persons or things properly or methodically,"n. 组织, 结构, 团体, 体制\n[医] 组织, 机构, 机化(血栓或坏死组织)",,4,1,gk cet4 cet6 ky ielts,1079,595,s:organizations
origin,'ɒridʒin,n. properties attributable to your ancestry\nn. an event that is a beginning; a first part or stage of subsequent events\nn. the point of intersection of coordinate axes; where the values of the coordinates are all zero\nn. the source of something's existence or from which it derives or is derived,"n. 起源, 起因, 出身, 开端\n[计] 原点; 起始地址; 信件来源的相关数据",,3,1,gk cet4 cet6 ky toefl ielts,1898,2547,s:origins
other,'ʌðә,a. not the same one or ones already mentioned or implied\ns. recently past\ns. very unusual; different in character or quality from the normal or expected,"a. 其他的, 另外的, 从前的\npron. 其他的, 他人, 另外一个",,5,1,zk gk,69,75,s:others
otherwise,'ʌðәwaiz,s. other than as supposed or expected\nr. in other respects or ways,"adv. 否则, 不同地, 别的方式",,4,1,gk cet4 cet6 ky ielts,1133,1527,
Ottawa,'ɔtәwә,n. a member of the Algonquian people of southern Ontario\nn. the capital of Canada (located in southeastern Ontario across the Ottawa river from Quebec),n. 渥太华,,,,gk,21083,0,
ouch,autʃ,"n. A socket or bezel holding a precious stone; hence, a jewel or\n   ornament worn on the person.","interj. 哎唷(表剧痛)\nn. 扣环, 胸针, 珠宝饰物",,,,gk,22197,15065,s:ouches
ought,ɒ:t,"n. & adv. See Aught.\nimp., p. p., or auxi Was or were under obligation to pay;\n   owed.\nimp., p. p., or auxi Owned; possessed.\nimp., p. p., or auxi To be bound in duty or by moral\n   obligation.\nimp., p. p., or auxi To be necessary, fit, becoming, or\n   expedient; to behoove; -- in this sense formerly sometimes used\n   impersonally or without a subject expressed.\n of Owe","aux. 应该, 大概\nn. 责任",,3,,gk cet4 cet6 ky,1546,1755,
our,'auә,"pl.  of I\npossessive pron. Of or pertaining to us; belonging to us; as, our\n   country; our rights; our troops; our endeavors. See I.",pron. 我们的,,5,1,zk gk,93,79,
ours,'auәz,pl.  of I\npossessive pron. See Note under Our.,pron. 我们的,,2,1,zk gk,3947,4099,
ourselves,.auә'selvz,"pl.  of Myself\npron. ; sing. Ourself (/). An emphasized form of the\n   pronoun of the first person plural; -- used as a subject, usually with\n   we; also, alone in the predicate, in the nominative or the objective\n   case.",pron. 我们自己,,3,1,zk gk,1994,1766,
out,aut,n. (baseball) a failure by a batter or runner to reach a base safely in baseball\nv. reveal (something) about somebody's identity or lifestyle\nv. be made known; be disclosed or revealed\na. not allowed to continue to bat or run,"a. 外面的, 熄灭的, 结束的\nadv. 在外, 熄灭, 出现\nprep. 出自, 离去, 向",,5,1,zk gk,62,64,i:outing/p:outed/3:outs/d:outed
outcome,'autkʌm,n something that results\nn a phenomenon that follows and is caused by some previous phenomenon,"n. 结果, 出口",,3,,gk cet4 cet6 ky toefl ielts,1957,1747,s:outcomes
outdoors,'aut'dɒ:z,n. where the air is unconfined,"n. 户外, 野外活动\nadv. 在户外, 在野外",,1,1,gk cet4 cet6 toefl,15004,7559,
outer,'autә,a. being on the outside or further from a center\ns. located outside\ns. being on or toward the outside of the body,"a. 外部的, 外面的, 在外的, 远离中心的\n[机] 外部的, 外面的, 外侧的",,2,1,gk cet4 cet6 ky,3097,3698,s:outers
outgoing,'autgәuiŋ,a. leaving a place or a position\na. retiring from a position or office,"n. 外出, 开支, 流出\na. 喜欢外出的, 即将离职的, 乐于助人的",,1,,gk toefl gre,7704,9020,s:outgoings/i:outgoing/0:outgoing/1:i
outing,'autiŋ,n a journey taken for pleasure\nn a day devoted to an outdoor social gathering\nv to state openly and publicly one's homosexuality\nv reveal (something) about somebody's identity or lifestyle\nv be made known; be disclosed or revealed,"n. 郊游, 远足\na. 远足适用的",,2,,gk ky toefl,6382,7723,1:i/0:out/s:outings
outline,'autlain,n. the line that appears to bound an object\nn. a sketchy summary of the main points of an argument or theory\nn. a schematic or preliminary plan,"n. 大纲, 轮廓, 概要\nvt. 描画轮廓, 描述要点\nn. 大纲, 分级, 轮廓\n[计] 大纲, 分级, 轮廓",,3,1,gk cet4 cet6 ky toefl ielts gre,2838,4429,d:outlined/s:outlines/p:outlined/i:outlining/3:outlines
output,'autput,n. production of a certain amount\nn. the quantity of something (as a commodity) that is created (usually within a given period of time)\nn. what is produced in a given time period\nv. to create or manufacture a specific amount,"n. 输出, 产品, 产量\n[计] 输出",,3,1,gk cet4 cet6 ky toefl ielts,1540,4085,s:outputs/d:output/0:output/1:d/3:outputs/i:outputting
outside,'aut'said,"n. the region that is outside of something\nn. the outer side or surface of something\na. relating to or being on or near the outer side or limit\ns. originating or belonging beyond some bounds:""the outside world""","n. 外面, 外表, 外界\na. 外面的, 外表的, 外界的\nadv. 外面, 外表, 外界",,5,1,zk gk,857,809,
outspoken,.aut'spәukәn,s. given to expressing yourself freely or insistently,"a. 直言无讳的, 坦率的, 坦白无隐的",,1,,gk toefl ielts gre,11487,8801,
outstanding,.aut'stændiŋ,s. distinguished from others in excellence\ns. having a quality that thrusts itself into attention\ns. owed as a debt,"a. 杰出的, 突出的, 未偿付的, 未决定的\n[经] 未解决的, 未偿付",,3,1,gk cet4 cet6 ky toefl,2714,4000,
outward,'autwәd,a. relating to physical reality rather than with thoughts or the mind\nr. toward the outside,"a. 向外的, 表面的, 外服的\nadv. 向外, 在外, 表面",,1,,gk cet4 cet6 ky toefl,8743,8599,
oval,'әuvәl,n a closed plane curve resulting from the intersection of a circular cone and a plane cutting completely through it\ns rounded like an egg,"n. 椭圆形\na. 卵形的, 椭圆形的",,2,,gk cet4 cet6 ky toefl ielts,9791,6604,s:ovals
over,'әuvә,n. (cricket) the division of play during which six balls are bowled at the batsman by one player from the other team from the same end of the pitch\nr. at or to a point across intervening space etc.\nr. throughout an area\nr. throughout a period of time,"adv. 结束, 越过, 从头到尾\nprep. 在...之上, 遍于...之上, 越过\na. 上面的\nvt. 越过",,5,1,zk gk,110,124,s:overs
overcoat,'әuvәkәut,n. an additional protective coating (as of paint or varnish),n. 外套大衣,,1,,zk gk cet4 cet6 ky,10596,12679,s:overcoats/d:overcoated/p:overcoated
overcome,.әuvә'kʌm,v. get on top of; deal with successfully,"vt. 战胜, 克服, 胜过\nvi. 得胜",,3,1,gk cet4 cet6 ky toefl ielts,2462,2707,d:overcome/0:overcome/1:d/i:overcoming/p:overcame/3:overcomes
overhead,'әuvәhed,n. (nautical) the top surface of an enclosed space on a ship\nn. a hard return hitting the tennis ball above your head\na. located or originating from above\nr. above your head; in the sky,"n. 经常开支, 普通用费, 天花板\na. 在头上的, 高架的\nadv. 在头顶上, 在空中, 在高处, 从头到脚全部没入地\n[计] 总开销; 额外开销",,2,,gk cet4 cet6 ky ielts,7523,5527,s:overheads
overlook,.әuvә'luk,"n. a high place affording a good view\nv. look past, fail to notice\nv. watch over","vt. 俯瞰, 远眺, 没注意到\nn. 眺望, 俯瞰到的景色",,2,,gk cet4 cet6 ky toefl ielts gre,3391,3139,i:overlooking/d:overlooked/3:overlooks/p:overlooked
overweight,'әuvә'weit,n the property of excessive fatness\ns usually describes a large person who is fat but has a large frame to carry it,"n. 超过重量, 过重, 优势\na. 超过重量的, 超重的\nvt. 使超重, 重于, 过于重视",,1,,gk,10207,6628,3:overweights/d:overweighted
owe,әu,"v. be obliged to pay or repay\nv. be indebted to, in an abstract or intellectual sense\nv. be in debt","vt. 亏欠, 负...债, 归功于, 怀有, 应给予, 感恩\nvi. 欠钱",,3,1,gk cet4 cet6 ky ielts,2323,2979,i:owing/p:owed/3:owes/d:owed
own,әun,v. have ownership or possession of\ns. belonging to or on behalf of a specified person (especially yourself); preceded by a possessive,"n. 自己的\na. 自己的, 嫡亲的, 同胞的\nvt. 拥有, 支配, 自认, 承认, 顺从于\nvi. 承认, 供认",,5,1,zk gk,118,148,d:owned/3:owns/p:owned/i:owning
owner,'әunә,n. (law) someone who owns (is legal possessor of) a business\nn. a person who owns something,"n. 拥有者, 物主, 所有人\n[经] 所有者, 物主, 业主",,4,1,zk gk cet4 cet6 ky,1153,1021,s:owners
ownership,'әunәʃip,n. the relation of an owner to the thing possessed; possession with the right to transfer possession to others\nn. the state or fact of being an owner,"n. 所有权, 物主身份\n[经] 所有权, 所有制",,3,,gk cet4 cet6 ky ielts,2672,3585,s:ownerships
ox,ɒks,n. an adult castrated bull of the genus Bos; especially Bos taurus\nn. any of various wild bovines especially of the genera Bos or closely related Bibos,n. 牛,,1,,gk cet4 cet6 ky,11804,0,s:oxen/r:oxer
oxygen,'ɒksәdʒәn,n. a nonmetallic bivalent element that is normally a colorless odorless tasteless nonflammable diatomic gas; constitutes 21 percent of the atmosphere by volume; the most abundant element in the earth's crust,n. 氧\n[化] 氧O-2,,2,,gk cet4 ky toefl,3719,3839,s:oxygens
pace,peis,n. the rate of moving (especially walking or running)\nn. the relative speed of progress or change\nn. a step in walking or running\nv. walk with slow or fast paces,"n. 速度, 步调, 步法\nvi. 踱步, 缓慢走\nvt. 用步测, 踱步于",,3,1,gk cet4 cet6 ky toefl ielts,2461,2533,s:paces/i:pacing/p:paced/3:paces/d:paced
pacific,pә'sifik,n. the largest ocean in the world\na. relating to or bordering the Pacific Ocean\ns. disposed to peace or of a peaceful nature,"n. 太平洋\na. 太平洋的, 太平洋沿岸的, 爱好和平的, 安静的, 平息的",,,,zk gk cet4 cet6 ielts,2913,26607,
pack,pæk,n. a complete collection of similar things\nn. a convenient package or parcel (as of cigarettes or film)\nn. a group of hunting animals\nn. a cream that cleanses and tones the skin,"n. 包裹, 一伙, 一副, 背包, 包装\nvt. 包装, 捆扎, 塞满, 压紧, 挑选\nvi. 包装货物, 挤, 群集, 被包装\n[计] 压缩",,4,1,gk cet4 ky toefl gre,2523,2273,d:packed/s:packs/p:packed/i:packing/3:packs
package,'pækidʒ,n. a collection of things wrapped or boxed together\nn. a wrapped container,"n. 包裹, 套装软件, 包, 包装用物, 程序包\nvt. 包装, 打包\na. 一揽子的\n[计] 包, 软件包, 包装",,4,1,zk gk cet4 cet6 ky toefl ielts,1336,1685,s:packages/d:packaged/i:packaging/p:packaged/3:packages
packet,'pækit,n. (computer science) a message or message fragment\nn. a small package or bundle,"n. 小包, 一批信件, 大量, 信息包\nvt. 打包, 装进小包\n[计] 分组, 分组报文, 数据分组",,2,1,gk cet4 cet6 ky,3805,6240,s:packets
paddle,'pædl,n. small wooden bat with a flat surface; used for hitting balls in various games\nn. a blade of a paddle wheel or water wheel\nn. an instrument of punishment consisting of a flat board\nn. a short light oar used without an oarlock to propel a canoe or small boat,"n. 桨, 划桨, 明轮翼\nvi. 划桨, 戏水, 涉水\nvt. 用桨划, 划船运送, 搅, 拌",,1,,gk ky toefl ielts,10365,9187,i:paddling/p:paddled/s:paddles/d:paddled/3:paddles
page,peidʒ,n. one side of one leaf (of a book or magazine or newspaper or letter etc.) or the written or pictorial matter it contains\nn. English industrialist who pioneered in the design and manufacture of aircraft (1885-1962)\nn. United States diplomat and writer about the Old South (1853-1922)\nn. a boy who is employed to run errands,"n. 页, 记录, 事件, 专栏, 男侍\nvt. 标明...的页数, 翻...的书页, 分页排版, 呼叫, 侍候\nvi. 翻书页, 侍侯\n[计] 页; 页面",,5,1,zk gk,658,708,s:pages/i:paging/p:paged/3:pages/d:paged
pain,pein,n. a symptom of some physical hurt or disorder\nn. emotional distress; a fundamental feeling that people try to avoid\nn. a somatic sensation of acute discomfort\nn. a bothersome annoying person,"n. 痛苦, 疼痛, 辛苦\nvt. 使痛苦, 痛苦\nvi. 作痛, 疼",,4,1,gk cet4 cet6 ky,1184,937,s:pains/p:pained/i:paining/3:pains/d:pained
painful,'peinful,a. causing physical or psychological pain,"a. 痛苦的, 困难的, 令人烦恼的\n[医] 疼痛的",,3,1,gk cet4 cet6 ky,3638,3034,
paint,peint,n. a substance used as a coating to protect or decorate a surface (especially a mixture of pigment suspended in a liquid); dries to form a hard coating\nv. make a painting\nv. apply paint to; coat with paint\nv. make a painting of,"n. 油漆, 颜料, 绘画作品, 涂漆\nvt. 油漆, 绘, 画, 描绘, 装饰, 点缀\nvi. 绘画, 涂漆",,4,1,zk gk cet4 ky,2040,1555,d:painted/p:painted/i:painting/s:paints/3:paints
painter,'peintә,n. an artist who paints\nn. a worker who is employed to cover objects with paint\nn. a line that is attached to the bow of a boat and used for tying up (as when docking or towing),"n. 画家, 油漆匠\n[机] 油漆匠, 喷漆匠",,2,1,gk cet4 ky,3579,3322,s:painters
painting,'peintiŋ,n. graphic art consisting of an artistic composition made by applying paints to a surface\nn. creating a picture with paints\nn. the act of applying paint to a surface\nn. the occupation of a house painter,"n. 画, 绘画, 油漆\n[化] 涂漆",,4,1,gk cet4 cet6 ky toefl ielts,1348,1056,s:paintings/i:painting/0:painting/1:i
pair,pєә,n. a set of two similar things considered as a unit\nn. two people considered as a unit\nn. a poker hand with 2 cards of the same value\nv. form a pair or pairs,"n. 一双, 一对, 一副\nv. (使)成对",,4,1,zk gk ielts,1213,1485,s:pairs/d:paired/p:paired/i:pairing/3:pairs
palace,'pælis,n. a large and stately mansion\nn. the governing group of a kingdom\nn. a large ornate exhibition hall\nn. official residence of an exalted person (as a sovereign),"n. 宫, 宫殿, 华丽大厦",,3,1,zk gk ielts,1935,4678,s:palaces
pale,peil,"v. turn pale, as if in fear\ns. very light colored; highly diluted with white\ns. (of light) lacking in intensity or brightness; dim or feeble\ns. lacking in vitality or interest or effectiveness","n. 栅栏, 界线, 范围\na. 苍白的, 暗淡的, 无力的\nvi. 变苍白, 变暗, 失色\nvt. 使变苍白, 使失色, 用栅栏围",,3,1,zk gk cet4 cet6 ky toefl,2315,2935,r:paler/p:paled/t:palest/3:pales/i:paling/d:paled/s:pales
pan,pæn,n. cooking utensil consisting of a wide metal vessel\nn. (Greek mythology) god of fields and woods and shepherds and flocks; represented as a man with goat's legs and horns and ears; identified with Roman Sylvanus or Faunus\nn. shallow container made of metal\nn. chimpanzees; more closely related to Australopithecus than to other pongids,"n. 平锅, 浅盘, 盆地, 硬土层, 拍摄全景\nv. 上下左右移动, 摇镜头, 淘洗, 淘金",,3,1,gk cet4 cet6 ky gre,4319,2479,s:pans/d:panned/i:panning/p:panned/3:pans
pancake,'pænkeik,n. a flat cake of thin batter fried on both sides on a griddle,"n. 薄烤饼, 薄煎饼, 烙饼",,1,,zk gk,15188,7331,s:pancakes/d:pancaked
panda,'pændә,n large black-and-white herbivorous mammal of bamboo forests of China and Tibet; in some classifications considered a member of the bear family or of a separate family Ailuropodidae\nn reddish-brown Old World raccoon-like carnivore; in some classifications considered unrelated to the giant pandas,"n. 大熊猫, 小熊猫",,1,,zk gk cet4 ky,15519,14691,s:pandas
panic,'pænik,n. an overwhelming feeling of fear and anxiety\nn. sudden mass fear and anxiety over anticipated events\nv. be overcome by a sudden fear\nv. cause sudden fear in or fill with sudden panic,"n. 恐慌, 惊慌\na. 惊慌的, 没有理由的, 恐慌的\nvt. 使惊慌, 使狂热\nvi. 惊慌",,3,,gk cet6 ky toefl ielts gre,3777,4310,i:panicking/s:panics/3:panics/p:panicked/d:panicked
paper,'peipә,n. a material made of cellulose pulp derived mainly from wood or rags or certain grasses\nn. a medium for written communication\nn. a scholarly article describing the results of observations or stating hypotheses\nv. cover with paper,"n. 纸, 文件, 文章, 报纸, 证券, 证件\nvt. 用纸糊, 贴壁纸于, 用纸包装\nvi. 贴壁纸\na. 纸做的, 纸上的",,5,1,zk gk ielts,395,519,s:papers/d:papered/i:papering/p:papered/3:papers
paperwork,'peipәwә:k,n. work that involves handling papers: forms or letters or reports etc.,n. 文书工作,,1,,gk,8494,6838,s:paperworks
paragraph,'pærәgrɑ:f,"n. one of several distinct subdivisions of a text intended to separate ideas; the beginning is usually marked by a new indented line\nv. divide into paragraphs, as of text\nv. write about in a paragraph\nv. write paragraphs; work as a paragrapher","n. 段落, 短评\nvt. 将...分段, 分段落\nvi. 写短讯\n[计] 段落",,2,,gk cet4 cet6 ky,2495,5897,s:paragraphs/i:paragraphing/p:paragraphed/3:paragraphs/d:paragraphed
parallel,'pærәlel,n. (mathematics) one of a set of parallel geometric figures (parallel lines or planes)\nv. be parallel to\nv. make or place parallel to something\na. being everywhere equidistant and not intersecting,"n. 平行, 对比, 相匹敌之物\na. 平行的, 相似的\nvt. 与...平行, 与...相似, 相比, 使平行\n[计] 并联; 并行",,2,1,gk cet4 cet6 ky toefl ielts gre,3869,5840,s:parallels/3:parallels/i:paralleling/p:parallelled/d:parallelled
parcel,'pɑ:sl,n. the allotment of some amount by dividing something\nv. divide into parts\nv. cover with strips of canvas\nv. make into a wrapped container,"n. 包裹, 部分, 片\nvt. 分配, 打包\na. 部分的\nadv. 局部地",,2,,gk cet4 cet6 ky ielts,4933,7729,s:parcels/d:parcelled/i:parcelling/3:parcels/p:parcelled
pardon,'pɑ:dn,n. a warrant granting release from punishment for an offense\nv. grant a pardon to,"n. 原谅, 赦免\nvt. 宽恕, 原谅",,2,,zk gk,4052,7831,d:pardoned/s:pardons/p:pardoned/i:pardoning/3:pardons
parent,'perәnt,n. a father or mother; one who begets or one who gives birth to or nurtures and raises a child; a relative who plays the role of guardian\nn. an organism (plant or animal) from which younger ones are obtained,"n. 父母, 父母亲, 根源\n[法] 父亲, 母亲, 根源",,5,1,zk gk ielts,494,327,s:parents
Paris,'pæris,n. the capital and largest city of France; and international center of culture and commerce\nn. sometimes placed in subfamily Trilliaceae\nn. (Greek mythology) the prince of Troy who abducted Helen from her husband Menelaus and provoked the Trojan War,n. 巴黎\n[医] 重楼属,,,,gk,1548,0,
park,pɑ:k,n. a large area of land preserved in its natural state as public property\nn. a piece of open land for recreational use in an urban area\nn. Scottish explorer in Africa (1771-1806)\nn. a gear position that acts as a parking brake,"n. 公园, 停车处\nvt. 停车, 置于\nvi. 停车",,4,1,zk gk ielts,853,3467,s:parks/d:parked/p:parked/i:parking/3:parks
parking,'pɑ:kiŋ,n. space in which vehicles can be parked\nn. the act of maneuvering a vehicle into a location where it can be left temporarily,n. 停车\na. 停车的,,2,,gk ielts,4375,2322,0:park/1:i/i:parking
parrot,'pærәt,n. usually brightly colored zygodactyl tropical birds with short hooked beaks and the ability to mimic sounds\nn. a copycat who does not understand the words or acts being imitated\nv. repeat mindlessly,"n. 鹦鹉, 应声虫\nvt. 学舌, 机械地模仿",,1,,gk toefl,8676,9988,s:parrots/i:parroting/p:parroted/3:parrots/d:parroted
part,pɑ:t,n. something determined in relation to something that includes it\nn. something less than the whole of a human artifact\nn. a portion of a natural object\nn. that which concerns a person with regard to a particular role or situation,"n. 部分, 局部, 零件, 要素, 等分, 职责, 角色, 部位\nvt. 分开, 分离, 断绝, 区别, 分配\nvi. 分开, 断裂, 分手\na. 部分的, 局部的\nadv. 部分地, 有些",,3,1,zk gk cet4 ky ielts,140,178,s:parts/d:parted/p:parted/i:parting/3:parts
participate,pɑ:'tisipeit,v. share in something,"vi. 参加, 分享, 参与, 带有\nvt. 分享, 分担",,3,,gk cet4 cet6 ky toefl ielts,2783,1482,i:participating/p:participated/d:participated/3:participates
particular,pә'tikjulә,n. a fact about some part (as opposed to general)\nn. (logic) a proposition that asserts something about some (but not all) members of a class\ns. unique or specific to a person or thing or category\ns. separate and distinct from others of the same group or category,"n. 一项(或条、点), 个别项目, 详细说明\na. 特别的, 独有的, 挑剔的, 详尽的",,4,1,gk cet4 cet6 ky gre,431,948,
partly,'pɑ:tli,r in part; in some degree; not wholly,"adv. 部分地, 在一定程度上",,3,1,gk cet4 cet6 ky,1638,2824,
partner,'pɑ:tnә,n. a person who is a member of a partnership\nv. provide with a partner\nv. act as a partner,"n. 合伙人, 股东, 伙伴, 伴侣\nvt. 与...合伙, 组成一对\nvi. 做伙伴, 当助手",,4,1,gk cet4 cet6 ky,1144,1048,s:partners/i:partnering/d:partnered/p:partnered/3:partners
party,'pɑ:ti,n. an organization to gain political power\nn. a group of people gathered together for pleasure\nn. a band of people associated temporarily in some activity\nn. an occasion on which people can assemble for social interaction and entertainment,"n. 宴会, 党, 政党, 团体, 当事人, 聚会\nv. 举办聚会",,5,1,zk gk toefl ielts,166,351,s:parties/i:partying/p:partied/3:parties/d:partied
pass,pæs,n. (military) a written leave of absence\nn. (American football) a play that involves one player throwing the ball to a teammate\nn. the location in a range of mountains of a geological formation that is lower than the surrounding peaks\nn. any authorization to pass or go somewhere,"n. 经过, 要隘, 途径, 通行, 护照, 及格\nvt. 经过, 越过, 通过, 批准, 度过, 传递, 忽略\nvi. 经过, 变化, 流通, 及格, 宣判, 终止, 消逝, 被忽略, 不叫牌, 传递\n[计] 遍",,5,1,zk gk ielts,480,441,d:passed/p:passed/i:passing/3:passes/s:passes
passage,'pæsidʒ,n. the act of passing from one state or place to the next\nn. a section of text; particularly a section of medium length\nn. a way through or along which someone or something may pass\nn. a journey usually by ship,"n. 通道, 通过, 移居, 航行, 一段, 走廊\nvi. 通过, 经过, 航行, 横渡, 争吵\nvt. (使)马以斜横步前进, 使传代",,3,1,zk gk toefl ielts,1783,2210,s:passages
passenger,'pæsindʒә,n. a traveler riding in a vehicle (a boat or bus or car or plane or train etc) who is not operating it,"n. 乘客, 旅客\n[经] 乘客, 旅客",,3,1,zk gk cet4 cet6 ky,2001,2080,s:passengers
passive,'pæsiv,a. lacking in energy or will\ns. peacefully resistant in response to injustice\na. expressing that the subject of the sentence is the patient of the action denoted by the verb,"a. 消极的, 被动的, 冷漠的, 顺从的, 无源的\n[医] 被动的",,2,,gk cet4 cet6 ky toefl ielts gre,4512,5680,s:passives
passport,'pæspɒ:t,n. a document issued by a country to a citizen allowing that person to travel abroad and re-enter the home country,"n. 护照, 手段, 通行证\n[法] 通行证, 护照",,2,1,zk gk ielts,5283,6239,s:passports
past,pɑ:st,n. the time that has elapsed\nn. a earlier period in someone's life (especially one that they have reason to keep secret)\nn. a verb tense that expresses actions or states in the past\na. earlier than the present time; no longer current,"n. 过去, 昔时, 往事, 早年经历, 过去时\na. 过去的, 结束的, 卸任的, 过去时的\nprep. 越过, 晚于, 超越, 超出...的可能性(能力、范围等)\npass的过去分词",,5,1,zk gk,1116,680,
patent,'pætnt. 'peitnt,n. a document granting an inventor sole rights to an invention\nn. an official document granting a right or privilege\nv. obtain a patent for\nv. grant rights to; grant a patent for,"n. 专利权, 许可证, 执照, 专利品, 素质\na. 专利的, 特许的, 显著的, 新奇的\nvt. 取得...的专利权, 请准专利",,2,,gk cet6 ky toefl ielts gre,4835,4405,s:patents/d:patented/p:patented/i:patenting/3:patents
path,pɑ:θ,n. a way especially designed for a particular use\nn. an established line of travel or access\nn. a line or route along which something travels or moves,"n. 路径, 小路, 道路, 途径, 路线, 轨道\n[计] 路径; DOS内部命令:设定DOS读取程序的路径",,3,1,zk gk cet4 cet6 ky toefl,1266,1336,s:paths
patience,'peiʃәns,n. good-natured tolerance of delay or incompetence,"n. 耐性, 忍耐",,2,1,gk cet4 cet6 ky toefl,4928,4177,
patient,'peiʃәnt,n. a person who requires medical care\na. enduring trying circumstances with even temper or characterized by such endurance,"n. 病人, 承受者\na. 忍耐的, 容忍的, 有耐性的, 坚忍的",,4,1,zk gk cet4 cet6 ky,384,572,s:patients
pattern,'pætәn,n. a model considered worthy of imitation\nv. form a pattern,"n. 模范, 典型, 式样, 样品, 图案, 格调, 模式\nvt. 模仿, 仿造, 以图案装饰\nvi. 形成图案\n[计] 模式, 图案",,4,1,gk cet4 cet6 ky ielts,676,1017,s:patterns/i:patterning/p:patterned/3:patterns/d:patterned
pause,pɒ:z,n. a time interval during which there is a temporary cessation of something\nn. temporary inactivity\nv. cease an action temporarily,"n. 暂停, 中止, 停顿, 间歇, 踌躇, 休止符\nvi. 暂停, 中止, 停顿, 踌躇\n[计] DOS内部命令:暂时停止批处理文件的执行",,3,1,gk cet4 cet6 ky,2566,2777,p:paused/i:pausing/s:pauses/3:pauses/d:paused
pay,pei,"v. give money, usually in exchange for goods or services\nv. do or give something to somebody in return\nv. be worth it\nv. render","n. 薪资, 付款, 补偿\nvt. 支付, 付清, 补偿, 偿还, 对...有利, 为...涂防水物\nvi. 付款, 付出代价, 偿还, 得到报应, 获得好处",,5,1,zk gk ielts,227,286,d:paid/i:paying/p:paid/3:pays
pea,pi:,n. seed of a pea plant used for food\nn. the fruit or seed of a pea plant\nn. a leguminous plant of the genus Pisum with small white flowers and long green pods containing edible green seeds,"n. 豌豆, 似豌豆的东西",,2,,gk cet4 cet6 ky,6504,5226,s:peas
peace,pi:s,n. the state prevailing during the absence of war\nn. harmonious relations; freedom from disputes\nn. the absence of mental stress or anxiety\nn. the general security of public places,"n. 和平, 和约, 治安, 和睦, 安宁, 静寂\nvi. 安静下来, 不作声",,5,1,zk gk cet4 ky,1123,933,
peaceful,'pi:sful,a. not disturbed by strife or turmoil or war,"a. 平静的, 和平的, 和平时期的, 爱好和平的, 喜爱安静的\n[法] 和平的, 爱好和平的, 和平时期的",,3,1,gk cet4 cet6 ky,3937,3655,
peach,pi:tʃ,n. cultivated in temperate regions\nn. downy juicy fruit with sweet yellowish or whitish flesh,"n. 桃子, 桃树, 桃色, 美人儿, 极好的事物\nvt. 告发\nvi. 告密, 检举",,2,,gk cet4 cet6 ky,6592,5531,s:peaches/i:peaching/p:peached/3:peaches/d:peached
pear,pєә,n. sweet juicy gritty-textured fruit available in many varieties\nn. Old World tree having sweet gritty-textured juicy fruit; widely cultivated in many varieties,"n. 梨子, 梨树, 梨木\n[机] 梨木",,1,,zk gk cet4 cet6 ky,8976,6857,s:pears
peasant,'peznt,n. a country person\nn. one of a (chiefly European) class of agricultural laborers\nn. a crude uncouth ill-bred person lacking culture or refinement,"n. 农夫, 乡下人",,2,,gk cet4 cet6 ky,2564,4680,s:peasants
pedestrian,pә'destriәn,n. a person who travels by foot\ns. lacking wit or imagination,"n. 行人, 步行者\na. 人行的, 徒步的, 呆板的, 通俗的, 平淡无奇的",,1,,gk cet6 ky ielts gre,5992,7573,s:pedestrians
pen,pen,n. a writing implement with a point from which ink flows\nn. an enclosure for confining livestock\nn. female swan,"n. 钢笔, 笔, 笔调, 笔杆子, 作家, 围栏, 栅栏, 禽畜\nvt. 写, 关入栏中, 囚禁\nvi. 动笔, 写作",,3,1,zk gk gre,3020,3583,s:pens/p:penned/d:penned/i:penning/3:pens
pencil,'pensl,n. a thin cylindrical pointed writing implement; a rod of marking substance encased in wood\nn. graphite (or a similar substance) used in such a way as to be a medium of communication\nn. a figure formed by a set of straight lines or light rays meeting at a point\nn. a cosmetic in a long thin stick; designed to be applied to a particular part of the face,"n. 铅笔, 色笔, 眉笔, 画笔, 光线束\nvt. 用铅笔写或涂, 草拟",,2,1,zk gk,4530,4410,s:pencils/d:pencilled/p:pencilled/i:pencilling/3:pencils
penny,'peni,n. a fractional monetary unit of Ireland and the United Kingdom; equal to one hundredth of a pound\nn. a coin worth one-hundredth of the value of the basic unit,"n. 便士, 一分, 小钱, 点滴\n[经] 便士",,3,1,zk gk cet4 cet6 ky ielts,4306,0,s:pennies
pension,'penʃәn,n. a regular payment to a person that is intended to allow them to subsist without working\nv. grant a pension to,"n. 养老金, 退休金, 津贴, 年金, 抚恤金, 膳宿学校, 膳宿费\nvt. 发给退休金, 用津贴拉拢",,3,1,gk cet4 cet6 ky ielts gre,1490,3785,s:pensions/d:pensioned/i:pensioning/p:pensioned/3:pensions
people,'pi:pl,n. (plural) any group of human beings (men or women or children) collectively\nn. members of a family line\nv. fill with people\nv. furnish with people,"n. 人, 人民, 民族, 平民\nvt. 使住满人, 居住于",,5,1,zk gk,75,62,s:peoples/i:peopling/p:peopled/3:peoples/d:peopled
pepper,'pepә,n. climber having dark red berries (peppercorns) when fully ripe; southern India and Sri Lanka; naturalized in northern Burma and Assam\nn. pungent seasoning from the berry of the common pepper plant of East India; use whole or ground\nn. sweet and hot varieties of fruits of plants of the genus Capsicum\nv. add pepper to,"n. 胡椒粉, 胡椒, 辣椒\n[化] 胡椒; 辣椒; 花椒",,3,1,gk cet4 cet6 ky,5443,1923,s:peppers/d:peppered/p:peppered/i:peppering/3:peppers
per,pә:,"prep. Through; by means of; through the agency of; by; for; for\n   each; as, per annum; per capita, by heads, or according to individuals;\n   per curiam, by the court; per se, by itself, of itself. Per is also\n   sometimes used with English words.","prep. 每一, 通过, 经, 按照\n[经] 每, 按照",,,1,gk ielts,743,669,s:pers
percent,pә'sent,n a proportion in relation to a whole (which is usually the amount per hundred),"n. 百分比, 百分数, 部分\n[机] 百分率",,5,,zk gk cet4 cet6 ky ielts,2802,0,
percentage,pә'sentidʒ,n. a proportion in relation to a whole (which is usually the amount per hundred),"n. 百分比, 比率, 部分, 可能性\n[计] 百分比",,3,,gk cet4 cet6 ky toefl ielts,2610,1787,s:percentages
perfect,'pә:fikt,v. make perfect or complete\na. being complete of its kind and without defect or blemish\ns. precisely accurate or exact,"n. 完成时\na. 完美的, 完好的, 理想的, 熟练的, 精确的, 完成式的\nvt. 使完美, 修改, 使精通, 改善, 使熟练",,4,1,zk gk toefl ielts,1685,1160,d:perfected/i:perfecting/p:perfected/3:perfects
perform,pә'fɒ:m,v. carry out or perform an action\nv. perform a function\nv. give a performance (of something),"vt. 进行, 履行, 完成, 执行, 表演\nvi. 行动, 工作, 执行, 演出",,4,1,gk cet4 cet6 ky toefl,1138,953,d:performed/i:performing/p:performed/3:performs
performance,pә'fɒ:mәns,n. a dramatic or musical entertainment\nn. the act of presenting a play or a piece of music or other entertainment\nn. the act of performing; of doing something successfully; using knowledge as distinguished from merely possessing it\nn. any recognized accomplishment,"n. 施行, 工作情况, 成绩, 行为, 表现, 演出\n[电] 绩效, 性能",,4,1,gk cet4 cet6 ky toefl ielts,688,675,s:performances
performer,pә'fɒ:mә,n. an entertainer who performs a dramatic or musical work for an audience,"n. 表演者, 执行者, 完成者\n[法] 执行者, 履行者, 实行者",,,1,gk toefl,5369,3962,s:performers
perfume,'pә:fju:m,n. a toiletry that emits and diffuses a fragrant odor\nv. fill or impregnate with an odor\nv. apply perfume to,"n. 香水, 香气, (悦人的)气氛, 美名\nvt. 洒香水于, 薰香, 使充满香气",,2,,gk cet4 cet6 ky toefl ielts,7033,6592,s:perfumes/d:perfumed/i:perfuming/3:perfumes/p:perfumed
perhaps,pә'hæps,r by chance,"adv. 也许, 大概",,5,1,zk gk cet4 cet6 ky,249,435,
period,'piәriәd,n. the interval taken to complete one cycle of a regularly repeating phenomenon\nn. (ice hockey) one of three divisions into which play is divided in hockey games\nn. a unit of geological time during which a system of rocks formed\nn. the end or completion of something,"n. 时期, 节段, 节, 句点, 学时, 周期\na. 当时特有的, 过去某段时期的\ninterj. 就是这话, 就是这么回事",,4,1,zk gk cet4 cet6 ky toefl ielts,324,617,s:periods
permanent,'pә:mәnәnt,a. continuing or enduring without marked change in status or condition or place\ns. not capable of being reversed or returned to the original condition,"a. 永久的, 不变的, 固定的, 持久的\nn. 烫发\n[计] 永久的",,3,1,gk cet4 cet6 ky toefl ielts gre,1993,2464,
permission,pә'miʃәn,n. approval to do something,"n. 许可, 允许\n[计] 许可, 认可",,3,1,gk cet4 cet6 ky toefl,2468,3233,s:permissions
permit,pә'mit,"n. large game fish; found in waters of the West Indies\nv. consent to, give permission","n. 许可证, 许可, 执照, 通行证\nvt. 允许, 容许, 可能, 使放手做\nvi. 容许, 给以机会, 提供可能",,3,1,gk cet4 cet6 ky toefl ielts,2022,2109,d:permitted/3:permits/i:permitting/p:permitted/s:permits
person,'pә:sn,"n. a human being\nn. a human body (usually including the clothing)\nn. a grammatical category used in the classification of pronouns, possessive determiners, and verb forms according to whether they indicate the speaker, the addressee, or a third party","n. 人, 人身, 人称\n[法] 人, 法人, 人身",,5,1,zk gk ielts,308,345,s:persons
personal,'pә:snl,n. a short newspaper article about a particular person or group\na. concerning or affecting a particular person or his or her private life and personality\ns. particular to a given individual\na. of or arising from personality,"a. 私人的, 涉及隐私的, 有人性的, 人称的, 亲自的, 身体的\n[医] 人的; 个人的, 自身的",,4,1,zk gk cet4 cet6 ky ielts,574,580,
personally,'pә:sәnli,r. as yourself\nr. as a person\nr. in a personal way\nr. in the flesh; without involving anyone else,"adv. 亲自地, 个别地, 当面, 就本人而言, 针对个人地",,3,1,gk,2866,2633,
personnel,.pә:sә'nel,n group of people willing to obey orders\nn the department responsible for hiring and training and placing employees and for setting policies for personnel management,"n. 人员, 人事部门, 人事科(处)\n[经] 人事, 全体人员, 职工",,3,,gk cet4 cet6 ky toefl ielts gre,2556,2425,s:personnel/0:personnel/1:s
persuade,pә'sweid,"v. cause somebody to adopt a certain position, belief, or course of action; twist somebody's arm","vt. 劝, 使相信, 恳求, 敦促, 说服\nvi. 劝服, 被说服",,3,1,gk cet4 cet6 ky toefl,1776,3265,d:persuaded/p:persuaded/i:persuading/3:persuades
pest,pest,n. a persistently annoying person\nn. any unwanted and destructive insect or other animal that attacks food or crops or livestock etc.,"n. 令人讨厌之物, 有害之物, 害虫, 瘟疫\n[医] 鼠疫, 瘟疫",,2,,gk cet6 ky toefl gre,6622,6842,s:pests
pet,pet,"n. a domesticated animal kept for companionship or amusement\nn. a fit of petulance or sulkiness (especially at what is felt to be a slight)\nv. stroke or caress gently\nv. stroke or caress in an erotic manner, as during lovemaking","n. 宠物, 受宠爱的人, 宠坏的孩子, 不悦, 生气\na. 宠爱的, 表示亲昵的, 养着观赏的, 特别珍爱的, 格外的\nvt. 宠爱, 溺爱, 抚摸\nvi. 拥抱, 爱抚, 生气, 发脾气",,3,1,zk gk cet4 cet6 ky toefl ielts,3686,3278,s:pets/i:petting/p:petted/d:petted/3:pets
petrol,'petrәl,n a volatile flammable mixture of hydrocarbons (hexane and heptane and octane etc.) derived from petroleum; used mainly as a fuel in internal-combustion engines,"n. 汽油\n[经] 汽油, 挥发油, 石油",,2,1,gk cet4 cet6 ky ielts,3100,22027,s:petrols
phenomenon,fi'nɒminәn,n. any state or process known through the senses rather than by intuition or reasoning\nn. a remarkable development,"n. 现象, 迹象, 表现, 奇迹, 奇才\n[化] 现象",,2,,gk cet4 cet6 ky toefl ielts,2392,2466,s:phenomena
photograph,'fәutәgrɑ:f,n. a representation of a person or scene in the form of a print or transparent slide; recorded by a camera on light-sensitive material\nv. record on photographic film\nv. undergo being photographed in a certain way,"n. 相片, 照片, 逼真的描绘\nv. 照相, 摄影",,4,1,zk gk cet4 cet6 toefl ielts,1611,1481,s:photographs/d:photographed/p:photographed/i:photographing/3:photographs
photographer,fә'tɔ^rәfә,n. someone who takes photographs professionally,"n. 摄影师, 摄影者",,,1,gk,3984,3098,s:photographers
phrase,freiz,"n. an expression consisting of one or more words forming a grammatical constituent of a sentence\nn. a short musical passage\nn. dance movements that are linked in a single choreographic sequence\nv. divide, combine, or mark into phrases","n. 惯用语, 词组, 成语, 措词, 乐句\nvt. 用短语表达, 把(乐曲)分成短句\n[计] 短语",,3,1,gk cet4 cet6 ky toefl,2081,2589,s:phrases/d:phrased/p:phrased/i:phrasing/3:phrases
physical,'fizikl,a. involving the body as distinguished from the mind or spirit\na. relating to the sciences dealing with matter and energy; especially physics\ns. having substance or material existence; perceptible to the senses\ns. according with material things or natural laws (other than those peculiar to living matter),"a. 身体的, 物质的, 自然的, 物理学的, 好色的\nn. 体格检查",,4,1,gk cet4 cet6 ky ielts,1047,802,
physician,fi'ziʃәn,n a licensed medical practitioner,"n. 医师, 内科医师, 解除痛苦者\n[医] 主治医师",,2,,gk cet4 cet6 ky toefl ielts,6142,2041,s:physicians
physicist,'fizisist,n. a scientist trained in physics,"n. 物理学家, 机械唯物论者, 自然科学家\n[医] 菲西克氏手术(虹膜圆片切除)",,2,,gk cet4 cet6 ky toefl,8224,5568,s:physicists
physics,'fiziks,"n. the science of matter and energy and their interactions\nn. the physical properties, phenomena, and laws of something","n. 物理学, 物理过程, 物理现象\n[化] 物理; 物理学",,2,1,zk gk cet4 cet6 ky,3720,3417,
pianist,'piәnist,n. a person who plays the piano,"n. 钢琴家, 钢琴演奏者",,1,,gk toefl ielts,10127,8252,s:pianists
piano,pi'ɑ:nәu,n. a keyboard instrument that is played by depressing keys that cause hammers to strike tuned strings and produce sounds\nn. (music) low loudness\na. used chiefly as a direction or description in music\nr. used as a direction in music; to be played relatively softly,n. 钢琴,,2,1,zk gk ielts gre,3449,3299,s:pianos
pick,pik,n. a small thin device (of metal or plastic or ivory) used to pluck a stringed instrument\nn. a thin sharp implement used for removing unwanted material\nn. a heavy iron tool with a wooden handle and a curved head that is pointed on both ends\nn. a basketball maneuver; obstructing an opponent with one's body,"n. 精选, 选择, 掘, 精华, 牙签, 鹤嘴锄\nv. 摘, 掘, 凿, 挖, 挑选\n[计] 拾取",,3,1,zk gk ielts,664,517,p:picked/i:picking/d:picked/3:picks/s:picks
picnic,'piknik,"n. any informal meal eaten outside or on an excursion\nv. eat alfresco, in the open air","n. 野餐, 远足, 愉快的经历\nvi. 去野餐, 远足",,2,,zk gk cet4 ky ielts,6512,5619,d:picnicked/0:picnic/i:picnicking/3:picnic/1:3/p:picnicked/s:picnics
picture,'piktʃә,n. a visual representation (of an object or scene or person or abstraction) produced on a surface\nn. a situation treated as an observable object\nn. illustrations used to decorate or explain a text\nn. a typical example of some state or quality,"n. 图画, 照片, 景色, 美丽如画的人(或物), 化身, 生动的描述, 想像, 形象思维\nvt. 画, 拍摄, 用图说明, 描写, 想像\n[计] 图象; 形象; 字形",,4,1,zk gk ielts,626,562,s:pictures/d:pictured/p:pictured/i:picturing/3:pictures
pie,pai,n. dish baked in pastry-lined pan often with a pastry top,"n. 馅饼, 财富, 总额, 贪污受贿, 杂乱, 喜鹊\n[计] 饼图",,,,zk gk cet4 ky ielts,4186,3323,s:pies
piece,pi:s,n. a separate part of a whole\nn. an item that is an instance of some type; \nn. an instance of some kind\nn. an artistic or literary composition,"n. 块, 片, 篇, 碎片, 部分, 部件, 标准量\nvt. 修补, 修理, 拼合, 接线头\nvi. 吃零食",,4,1,zk gk,677,565,s:pieces/i:piecing/d:pieced/p:pieced/3:pieces
pig,pig,"n. a crude block of metal (lead or iron) poured from a smelting furnace\nv. live like a pig, in squalor","n. 猪, 猪肉, 贪婪的人, 猪一样的人\nv. 生小猪, 象猪般地生活",,2,1,zk gk cet4 ky,3014,3488,s:pigs/i:pigging/p:pigged/3:pigs/d:pigged
pile,pail,n. a collection of objects laid on top of each other\nn. a large sum of money (especially as pay or profit)\nn. a column of wood or steel or concrete that is driven into the ground to provide support for a structure\nn. the yarn (as in a rug or velvet or corduroy) that stands up from the weave,"n. 堆, 大堆, 大厦, 建筑群, 电池, 大量, 桥桩, 软毛, 痔疮\nvi. 堆起, 堆积, 积累, 挤, 猛烈攻击\nvt. 堆于, 累积, 堆叠, 打桩于, 用桩支撑",,3,1,gk cet4 cet6 ky toefl,3229,3003,s:piles/d:piled/i:piling/p:piled/3:piles
pill,pil,n. something that resembles a tablet of medicine in shape or size\nn. a dose of medicine in the form of a small pellet\nn. a unpleasant or tiresome person\nn. something unpleasant or offensive that must be tolerated or endured,"n. 药丸, 弹丸, 屈辱, 胡说\nv. 做成药丸, 形成丸状, 服药丸, 挫败, 抢劫",,3,1,gk cet4 cet6 ky toefl,4969,3425,s:pills
pillow,'pilәu,n. a cushion to support the head of a sleeping person\nv. rest on or as if on a pillow,"n. 枕头, 靠垫, 枕状岩\nvt. 作...的枕头, 垫, 枕于\nvi. 靠在枕上",,2,,gk cet4 cet6 ky toefl ielts,5447,4017,s:pillows/p:pillowed/i:pillowing/d:pillowed/3:pillows
pilot,'pailәt,n. someone who is licensed to operate an aircraft in flight\nn. a person qualified to guide ships through difficult waters going into or out of a harbor,"n. 飞行员, 领航员, 航船者, 导向器, 驾驶仪, 向导, 领导人\nvt. 领航, 驾驶, 引导, 试用\na. 引导的, 控制的, 试点的\n[计] 引导",,3,1,zk gk cet4 cet6 ky toefl ielts gre,2085,1772,s:pilots/i:piloting/p:piloted/3:pilots/d:piloted
pin,pin,n. a piece of jewelry that is pinned onto the wearer's garment\nn. informal terms for the leg\nn. cylindrical tumblers consisting of two parts that are held in place by springs; when they are aligned with a key the bolt can be thrown\nn. flagpole used to mark the position of the hole on a golf green,"n. 大头针, 针, 别针, 栓, 销子, 图钉, 插头, 管脚, 品(液量单位)\nvt. 将...用针别住, 钉住, 压住, 牵制, 使不能动, 归罪于\na. 针的, 销子的, 闩的",,3,1,gk cet4 cet6 ky ielts,4542,4347,s:pins/d:pinned/i:pinning/p:pinned/3:pins
pine,pain,n. a coniferous tree\nn. straight-grained durable and often resinous white to yellowish timber of any of numerous trees of the genus Pinus,"n. 松树, 松木\nvi. 消瘦, 憔悴, 痛苦, 怀念, 渴望\n[计] 邮件程序",,2,,gk cet4 cet6 ky toefl ielts gre,5081,3158,s:pines/i:pining/p:pined/d:pined/3:pines
pineapple,'pain.æpl,n. a tropical American plant bearing a large fleshy edible fruit with a terminal tuft of stiff leaves; widely cultivated in the tropics\nn. large sweet fleshy tropical fruit with a terminal tuft of stiff leaves; widely cultivated,"n. 凤梨, 菠萝, 失业救济金\n[医] 凤梨, 波萝",,1,,gk cet6 toefl,12015,9086,s:pineapples
pint,paint,n. a British imperial capacity measure (liquid or dry) equal to 4 gills or 568.26 cubic centimeters\nn. a United States dry unit equal to 0.5 quart or 33.6 cubic inches\nn. a United States liquid unit equal to 16 fluid ounces; two pints equal one quart,"n. 品脱(干量或液量的单位)\n[医] 量磅, 品脱",,2,1,gk cet4 cet6 ky,3977,0,s:pints
pioneer,.paiә'niә,n. someone who helps to open up a new line of research or technology or art\nn. one the first colonists or settlers in a new territory\nv. open up an area or prepare a way\nv. open up and explore a new area,"n. 先锋, 拓荒者, 创始人\nvt. 提倡, 开辟, 开创, 倡导\nvi. 作先驱, 开路\na. 最早的, 开拓的, 先驱的, 有开拓者特点的",,2,,zk gk toefl,5645,4472,s:pioneers/d:pioneered/p:pioneered/i:pioneering/3:pioneers
pipe,paip,n. a tube with a small bowl at one end; used for smoking tobacco\nn. a long tube made of metal or plastic that is used to carry water or oil or gas etc.\nn. a hollow cylindrical shape\nn. a tubular wind instrument,"n. 管, 导管, 输送管, 管状器官, 声带, 尖细的声音, 烟斗, 笛, 管乐器\nvt. 以管输送, 吹哨子, 吹奏, 尖声唱\nvi. 吹笛, 尖叫, 吹长哨发令\n[计] 管道",,3,1,gk cet4 cet6 ky,2438,2980,s:pipes/d:piped/p:piped/i:piping/3:pipes
pity,'piti,n. an unfortunate development,"n. 遗憾, 同情, 怜悯, 憾事, 可惜\nvt. 同情, 怜悯\nvi. 觉得可怜, 有同情心",,2,1,zk gk,3803,6927,p:pitied/d:pitied/i:pitying/3:pities/s:pities
place,pleis,n. any area set aside for a particular purpose\nn. an abstract mental location\nn. a general vicinity\nn. a particular situation,"n. 地方, 地点, 位置, 住所, 座位, 地位, 处境, 特权, 空间, 余地, 职务, 位\nvt. 放置, 寄予, 认出, 评定, 任命\nvi. 名次列前",,2,1,zk gk ielts,162,181,s:places/d:placed/i:placing/p:placed/3:places
plain,plein,n. extensive tract of level open land\na. not elaborate or elaborated; simple\na. lacking patterns especially in color\ns. not mixed with extraneous elements,"n. 平原, 草原, 朴实无华的东西, 无格式\na. 简单的, 明白的, 平常的, 不好看的, 朴素的, 清晰的, 普通的, 平坦的, 十足的\nadv. 清楚地, 显然地\n[计] 无格式",,3,1,zk gk cet4 cet6 ky toefl gre,2762,3549,s:plains/r:plainer/t:plainest/i:plaining/p:plained/3:plains/d:plained
plan,plæn,n. a series of steps to be carried out or goals to be accomplished\nn. scale drawing of a structure\nv. have the will and intention to carry out some action\nv. make plans for something,"n. 计划, 方案, 策略, 方法, 进度表, 程序表, 平面图, 设计图, 轮廓, 示意图\nvt. 计划, 设计, 意欲\nvi. 订计划",,5,1,zk gk ielts,442,413,s:plans/i:planning/d:planned/3:plans/p:planned
plane,plein,n. (mathematics) an unbounded two-dimensional shape\nn. a level of existence or development\nn. a power tool for smoothing or shaping wood\nn. a carpenter's hand tool with an adjustable blade for smoothing or shaping wood,"n. 平面, 扁平物, 机翼, 飞机, 水准, 地位\na. 平的, 平面的\nvt. 将...刨平, 刨平, 掠过水面\nvi. 翱翔, 乘飞机旅行, 刨掉",,4,1,zk gk gre,2000,1150,s:planes/i:planing/p:planed/d:planed/3:planes
planet,'plænit,"n. (astronomy) any of the nine large celestial bodies in the solar system that revolve around the sun and shine by reflected light; Mercury, Venus, Earth, Mars, Jupiter, Saturn, Uranus, Neptune, and Pluto in order of their proximity to the sun; viewed from the constellation Hercules, all the planets rotate around the sun in a counterclockwise direction\nn. any celestial body (other than comets or satellites) that revolves around a star","n. 行星, 命运星辰, 杰出的人, 重大影响的事",,3,1,zk gk cet4 cet6 ky toefl gre,3115,1592,s:planets
plant,plænt. plɑ:nt,n. buildings for carrying on industrial labor\nn. (botany) a living organism lacking the power of locomotion\nn. an actor situated in the audience whose acting is rehearsed but seems spontaneous to the audience\nn. something planted secretly for discovery by another,"n. 植物, 作物, 工厂, 树枝, 生长, 设施, 成套设备\nvt. 种植, 栽培, 播种, 培养, 安置, 殖民于, 使位于\nvi. 种植",,5,1,zk gk ielts,690,623,s:plants/d:planted/i:planting/p:planted/3:plants
plastic,'plæstik,n. generic name for certain synthetic or semisynthetic materials that can be molded or extruded into objects or films or filaments or used for making e.g. coatings and adhesives\ns. capable of being influenced or formed,"n. 塑料, 可塑体, 可塑性物质\na. 塑料的, 塑造的, 有可塑性的, 造型的, 易受影响的, 有创造力的",,3,1,zk gk cet4 cet6 ky toefl ielts,1999,1523,s:plastics
plate,pleit,n. a sheet of metal or wood or glass or plastic\nn. a full-page illustration (usually on slick paper)\nn. dish on which food is served or from which food is eaten\nn. the quantity contained in a plate,"n. 碟, 盘子, 盆中物, 金属板, 图版, 金银餐具, 印版, 金属牌(照)\nvt. 镀金, 电镀, 用金属板固定, 给...装钢板, 为...制印版",,3,1,zk gk toefl,1494,1525,s:plates/d:plated/i:plating/p:plated/3:plates
platform,'plætfɒ:m,n. a raised horizontal surface\nn. a document stating the aims and principles of a political party\nn. the combination of a particular computer and a particular operating system\nn. any military structure or vehicle bearing weapons,"n. 站台, 月台, 讲台, 论坛, 平台\n[计] 平台",,3,1,gk cet4 cet6 ky toefl ielts,2491,2806,s:platforms
play,plei,n. a dramatic work intended for performance by actors on a stage\nn. a theatrical performance of a drama\nn. a preset plan of action in team sports\nn. a state in which action is feasible,"n. 游戏, 游玩, 玩笑, 运动, 比赛, 赌博, 跳动, 表演, 剧本\nv. 玩, 游戏, 假装, 开玩笑, 比赛, 扮演, 演奏, 演戏, 传摇曳, (使)跳动\n[计] 播放",,5,1,zk gk,224,200,i:playing/p:played/d:played/3:plays/s:plays
player,'pleiә,n. a person who participates in or is skilled at some game\nn. a person who pursues a number of different social and sexual partners simultaneously\nn. an important participant (as in a business deal),"n. 竞赛者, 上场队员, 游戏者, 演员\n[经] 交易者",,5,1,gk cet4 cet6 ielts,732,513,s:players
playground,'pleigraund,n. yard consisting of an outdoor area for children's play,"n. 运动场, 操场, 度假胜地, 活动场所",,1,,zk gk cet4 cet6 ky ielts,6458,5793,s:playgrounds
playmate,'pleimeit,n. a companion at play,"n. 玩伴, 游伴",,,,gk,21857,14534,s:playmates
playroom,'pleiru:m,n a recreation room for noisy activities (parties or children's play etc),"n. 游戏室, 娱乐室",,,,gk,23028,20588,s:playrooms
pleasant,'pleznt,a. affording pleasure; being in harmony with your taste or likings\ns. (of persons) having pleasing manners or behavior,"a. 愉快的, 可爱的, 活泼的, 亲切的",,3,1,zk gk cet4 cet6 ky ielts,2880,3772,r:pleasanter/t:pleasantest
please,pli:z,v. give pleasure to or be pleasing to\nv. be the will of or have the will (to)\nv. give satisfaction\nr. used in polite request,"adv. 请\nvt. 使高兴, 合...的心意, 取悦\nvi. 使人满意, 讨好, 愿意, 敬请",,4,1,zk gk,758,1167,p:pleased/3:pleases/d:pleased/i:pleasing
pleased,pli:zd,a. experiencing or manifesting pleasure\ns. feeling pleasurable satisfaction over something by which you measures your self-worth,"a. 高兴的, 喜欢的, 满足的",,3,1,gk,1916,3448,0:please/1:pd/d:pleased/p:pleased
pleasure,'pleʒә,n. a fundamental feeling that is hard to define but that people desire to experience\nn. a formal expression\nn. an activity that affords enjoyment\nn. sexual gratification,"n. 快乐, 愉快, 令人高兴的事, 娱乐, 希望\nv. (使)高兴",,3,1,zk gk toefl ielts,1613,1882,s:pleasures/i:pleasuring
plenty,'plenti,n. a full supply,"n. 充分, 很多, 丰富\na. 很多的, 足够的, 丰富的",,3,1,zk gk cet4 cet6 ky,1977,2044,
plot,plɒt,n. a secret scheme to do something (especially something underhand or illegal)\nn. a small area of ground covered by specific vegetation\nn. the story that is told in a novel or play or movie etc.\nn. a chart or map showing the movements or progress of an object,"n. 小块土地, 地区图, 图, 阴谋, 情节\nvt. 划分, 绘图, 密谋\nvi. 密谋, 策划\n[计] 绘制",,3,1,gk cet4 cet6 ky toefl ielts gre,3096,2967,s:plots/i:plotting/d:plotted/p:plotted/3:plots
plug,plʌg,n. blockage consisting of an object designed to fill a hole tightly\nn. an electrical device with two or three pins that is inserted in a socket to make an electrical connection\nv. fill or close tightly with or as if with a plug\nv. persist in working hard,"n. 塞子, 栓, 插头\nvt. 插入, 塞住, 接插头\nvi. 被塞住",,2,1,gk cet4 cet6 ky ielts,5970,5586,d:plugged/s:plugs/i:plugging/3:plugs/p:plugged
plus,plʌs,a. on the positive side or higher end of a scale\ns. involving advantage or good,"prep. 加上, 加, 外加\na. 正的, 附加的\nn. 正号, 加号, 附加额, 正数, 增益\n[计] 正差",,4,1,gk cet4 ky ielts,1357,2066,s:pluses
pocket,'pɒkit,n. a small pouch inside a garment for carrying small articles\nn. a supply of money\nn. (bowling) the space between the headpin and the pins behind it on the right or left\nn. a small isolated group of people,"n. 口袋, 钱袋, 钱, 容器\nvt. 装...在口袋里, 隐藏, 抑制, 私吞, 搁置, 击...入袋\na. 袖珍的, 小型的, 压缩的, 金钱上的",,3,1,zk gk cet4 cet6 ky ielts,1786,1620,s:pockets/i:pocketing/p:pocketed/3:pockets/d:pocketed
poem,'pәuim,n. a composition written in metrical feet forming rhythmical lines,"n. 诗, 诗般美的事物",,3,1,zk gk cet4 cet6 ky,2181,2494,s:poems
poet,'pәuit,n. a writer of poems (the term is usually reserved for writers of good poetry),n. 诗人,,3,,gk cet4 cet6 ky toefl,2613,2923,s:poets
point,pɒint,n. a geometric element that has position but no extension\nn. the precise location of something; a spatially limited location\nn. a brief version of the essential meaning of something\nn. an instant of time,"n. 点, 小数点, 标点, 地点, 要点, 特点, 尖端, 分数, 得分, 穴位\nvt. 弄尖, 强调, 指出, 加标点于, 瞄准\nvi. 指, 指向, 表明",,5,1,zk gk cet4 cet6 ky ielts,176,211,s:points/p:pointed/i:pointing/3:points/d:pointed
poison,'pɒizn,n. any substance that causes injury or illness or death of a living organism\nn. anything that harms or destroys\nv. spoil as if by poison\nv. kill with poison,"n. 毒药, 毒, 毒物, 有毒害的事物\nvt. 毒害, 毒杀, 使中毒\nvi. 放毒, 下毒",,2,1,gk cet4 cet6 ky toefl,5601,5542,s:poisons/d:poisoned/i:poisoning/p:poisoned/3:poisons
poisonous,'pɒizәnәs,s. having the qualities or effects of a poison\ns. not safe to eat\ns. marked by deep ill will; deliberately harmful,"a. 有毒的, 恶毒的, 讨厌的\n[医] 有毒的",,1,1,gk cet4 cet6 ky gre,9555,10074,
Pole,pәul,n. a long (usually round) rod of wood or metal or plastic\nn. a native or inhabitant of Poland\nn. one of two divergent or mutually exclusive opinions\nn. one of two points of intersection of the Earth's axis and the celestial sphere,"n. 波兰人, 极点, 磁极, 电极, 杆, 竿, 相反的极端\nvt. 用竿支撑\nvi. 撑篙",,3,1,gk cet4 cet6 ky toefl ielts,2946,2789,s:poles/i:poling/p:poled/d:poled/3:poles
police,pә'li:s,n. the force of policemen and officers,"n. 警察, 警察当局, 治安\nvt. 维持治安, 管辖",,5,1,zk gk cet4 ky ielts,328,468,s:police/0:police/1:s/i:policing/d:policed/p:policed/3:polices
policeman,pә'li:smәn,n. a member of a police force,n. 警察\n[化] 淀帚,,3,,zk gk,2490,4754,s:policemen
policy,'pɒlisi,n. a plan of action adopted by an individual or social group\nn. a line of argument rationalizing the course of action of a government\nn. written contract or certificate of insurance,"n. 政策, 方针, 策略, 保险单\n[医] 凭单, 保险单",,5,1,zk gk cet4 cet6 ky ielts,250,388,s:policies
Polish,'pɒliʃ,n. the property of being smooth and shiny\nn. a highly developed state of perfection; having a flawless or impeccable quality\nn. a preparation used in polishing\nn. the Slavic language of Poland,"a. 波兰的\nn. 波兰人, 上光剂, 光泽, 优雅\nvt. 擦亮, 擦去, 使完美\nvi. 擦亮, 变得光亮",,2,1,gk cet4 cet6 ky toefl ielts gre,4344,5749,d:polished/i:polishing/p:polished/s:polishes/3:polishes
polite,pә'lait,"a. showing regard for others in manners, speech, behavior, etc.","a. 有礼貌的, 文雅的, 客气的, 有教养的",,2,1,zk gk,4976,5492,t:politest/r:politer
political,pә'litikl,a. involving or characteristic of politics or parties or politicians\na. of or relating to your views about social relationships involving authority or power\na. of or relating to the profession of governing,"a. 政治的, 政治上的, 政党的, 从事政治的\n[法] 政治的, 政治上的, 党派政治的",,5,1,gk cet4 cet6 ky ielts,292,277,
politician,.pɒli'tiʃәn,n. a leader engaged in civil administration\nn. a person active in party politics\nn. a schemer who tries to gain advantage in an organization in sly or underhanded ways,"n. 政客, 政治家, 从事党派政治的人\n[法] 政客, 政治家",,4,1,gk cet4 cet6 ky,2049,1783,s:politicians
politics,'pɒlitiks,n. social relations involving intrigue to gain authority or power\nn. the study of government of states and other political units\nn. the profession devoted to governing and to political affairs\nn. the opinion you hold with respect to political questions,"n. 政治, 政治学, 政见, 政治活动\n[法] 政治, 政治学, 政纲",,4,1,gk cet4 cet6 ky toefl,1285,951,
pollute,pә'lu:t,v. make impure,"vt. 污染, 弄脏, 玷污\n[化] 污染",,2,,gk cet4 cet6 ky toefl,8769,9208,i:polluting/d:polluted/3:pollutes/p:polluted
pollution,pә'lu:ʃәn,n. undesirable state of the natural environment being contaminated with harmful substances as a consequence of human activities,"n. 污染, 玷污\n[化] 污染",,3,1,gk cet4 cet6 ky toefl ielts,2147,2913,s:pollutions
pond,pɒnd,n. a small lake,n. 池塘\nv. 筑成池塘,,2,,zk gk cet4 cet6 ky,3344,3626,s:ponds
pool,pu:l,n. an excavation that is (usually) filled with water\nn. an organization of people or resources that can be shared\nn. any communal combination of funds\nn. a small body of standing water (rainwater) or other liquid,"n. 池, 水塘, 石油层, 联营\nvt. 合伙经营, 共享, 采掘, 汇聚成\nvi. 汇合成塘, 淤积, 联营",,3,1,zk gk cet4 cet6 ky,1678,1565,s:pools/i:pooling/d:pooled/p:pooled/3:pools
poor,puә. pɒ:,"a. having little money or few possessions\na. characterized by or indicating poverty\na. lacking in specific resources, qualities or substances\ns. unsatisfactory","a. 贫穷的, 贫乏的, 不幸的, 可怜的, 拙劣的, 卑鄙的\n[经] 低劣的, 不良的",,4,1,zk gk,598,713,r:poorer/t:poorest
popcorn,'pɒpkɒ:n,n. corn having small ears and kernels that burst when exposed to dry heat\nn. small kernels of corn exploded by heat,n. 爆米花,,1,,gk toefl,25500,8839,
popular,'pɒpjulә,"a. regarded with great favor, approval, or affection especially by the general public\ns. carried on by or for the people (or citizens) at large\ns. (of music or art) new and of general appeal (especially among young people)","a. 通俗的, 流行的, 受欢迎的, 大众的, 人民的, 普及的\n[经] 大众的, 通俗的, 普及的",,4,1,zk gk cet4 cet6 ky toefl ielts,938,924,s:populars
population,.pɒpju'leiʃәn,n. the people who inhabit a territory or state\nn. a group of organisms of the same species inhabiting a given area\nn. (statistics) the entire aggregation of items from which samples can be drawn\nn. the number of inhabitants (either the total number or the number of a particular race or class) in a given place (country or city etc.),"n. 人口, 人口数\n[化] 群体; 总体",,4,1,zk gk cet4 cet6 ky ielts,683,642,s:populations
pork,pɒ:k,n. meat from a domestic hog or pig,n. 猪肉\n[医] 猪肉,,2,,zk gk,7722,4267,i:porking
porridge,'pɒ:ridʒ,n. soft food made by boiling oatmeal or other meal or legumes in water or milk until thick,"n. 粥, 糊",,1,,gk cet4 cet6 gre,11936,18724,s:porridges
port,pɒ:t,"n. a place (seaport or airport) where people and merchandise can enter or leave a country\nn. sweet dark-red dessert wine originally from Portugal\nn. an opening (in a wall or ship or armored vehicle) for firing through\nv. put or turn on the left side, of a ship","n. 港口, 埠, 舱门, 避风港, 左舷, 炮眼, 姿势, 意义\nvt. 左转舵, 持(枪)\nvi. 左转舵\n[计] 端口, 移植",,3,1,gk cet4 cet6 ky ielts,2165,2717,s:ports/d:ported/i:porting/p:ported/3:ports
portable,'pɒ:tәbl,n. a small light typewriter; usually with a case in which it can be carried\na. easily or conveniently transported\ns. of a motor designed to be attached to the outside of a boat's hull,"a. 可携带的, 可搬运的, 可移动的\n[计] 可移植的",,2,,gk cet4 cet6 ky toefl ielts gre,6014,5441,s:portables
porter,'pɒ:tә,n. a person employed to carry luggage and supplies\nn. United States writer of novels and short stories (1890-1980)\nn. United States composer and lyricist of musical comedies (1891-1946)\nn. United States writer of short stories whose pen name was O. Henry (1862-1910),"n. 大楼管理员, 门房, 搬运工人, 侍者, 服务员\n[化] 搬运车; 搬运工人",,2,,gk cet4 cet6 ky,6464,11418,s:porters
position,pә'ziʃәn,n. the particular portion of space occupied by something\nn. a way of regarding situations or topics etc.\nn. the arrangement of the body and its limbs\nn. a job in an organization,"n. 位置, 地位, 身分, 形势, 姿势, 立场, 职位, 状态, 阵地\nvt. 安置, 决定...的位置\n[计] 位置",,5,1,zk gk cet4 cet6 ky ielts,345,512,s:positions/d:positioned/i:positioning/3:positions/p:positioned
possess,pә'zes,"v. have as an attribute, knowledge, or skill\nv. enter into and control, as of emotions or ideas","vt. 持有, 占有, 拥有, 克制, 支配, 迷住\n[法] 持有, 占有, 具有",,2,1,gk cet4 cet6 ky toefl,2129,2842,p:possessed/d:possessed/3:possesses/i:possessing
possession,pә'zeʃәn,n. the act of having and controlling property\nn. anything owned or possessed\nn. being controlled by passion or the supernatural\nn. a territory that is controlled by a ruling state,"n. 拥有, 占有, 所有, 财产, 领土, 领地, 自制, 着迷\n[经] 占有, 持有",,2,1,gk cet4 cet6 ky toefl ielts,2337,3593,s:possessions
possibility,.pɒsә'biliti,n. a future prospect or potential\nn. capability of existing or happening or being true\nn. a possible alternative,"n. 可能性, 可能的事\n[法] 可能性, 可能发生的事, 不确定权",,4,1,gk cet4 cet6 ky,1030,1195,s:possibilities
possible,'pɒsәbl,n. something that can be done\nn. an applicant who might be suitable\na. capable of happening or existing,"a. 可能的, 潜在的, 合适的\nn. 可能性, 可能的事物",,5,1,zk gk,256,459,
post,pәust,n. the position where someone (as a guard or sentry) stands or is assigned to stand\nn. an upright consisting of a piece of timber or metal fixed firmly in an upright position\nn. United States aviator who in 1933 made the first solo flight around the world (1899-1935)\nn. United States female author who wrote a book and a syndicated newspaper column on etiquette (1872-1960),"n. 柱, 杆, 准星, 邮件, 邮政, 标竿, 职位, 岗位, 哨所, 兵营\nvt. 张帖, 邮递, 公布, 登入帐, 使熟悉, 布置\nvi. 快速行进\nadv. 急速地\n[计] 记入; 登记, 上电自检",,2,1,zk gk toefl ielts,895,2148,s:posts/d:posted/p:posted/i:posting/3:posts
postage,'pәustidʒ,n. the charge for mailing something\nn. a small adhesive token stuck on a letter or package to indicate that that postal fees have been paid,"n. 邮资\n[经] 邮费, 邮资",,1,,gk cet4 cet6 ky toefl ielts,9763,13293,s:postages
postbox,'pәustbɒks,n. public box for deposit of mail,n. 邮筒,,,,gk,40238,0,s:postboxes
postcard,'pәustkɑ:d,n. a card for sending messages by post without an envelope,n. 明信片,,2,,zk gk ky toefl,5965,6924,s:postcards
postcode,'pәustkәud,n a code of letters and digits added to a postal address to aid in the sorting of mail,n. 邮政编码,,,,gk ielts,22564,0,s:postcodes/d:postcoded/3:postcodes/i:postcoding
poster,'pәustә,n. a sign posted in a public place as an advertisement,"n. 海报, 招贴, 驿马",,2,,gk cet6 ky toefl ielts gre,3930,3834,s:posters
postman,'pәustmәn,n a man who delivers the mail,"n. 邮递员\n[法] 邮递员, 理财法庭的高级律师",,1,,zk gk cet4 cet6 ky,11573,20141,s:postmen
postpone,pәust'pәun,v. hold back to a later time,"vt. 延迟, 使延期, 缓办, 搁延\nvi. 延缓, 延缓发作",,2,,gk cet4 cet6 ky toefl ielts gre,5320,6545,d:postponed/p:postponed/3:postpones/i:postponing
pot,pɒt,n. metal or earthenware cooking vessel that is usually round and deep; often has a handle and lid\nn. the quantity contained in a pot\nn. a container in which plants are cultivated\nn. the cumulative amount involved in a game (such as poker),"n. 盆, 罐, 壶, 坩埚, 奖杯\nvt. 装入盆中, 在锅中煮, 随手射击\nvi. 随手射击",,3,1,gk cet4 cet6 ky toefl,2782,2235,s:pots/i:potting/d:potted/p:potted/3:pots
potato,pә'teitәu,n. an edible tuber native to South America; a staple food of Ireland\nn. annual native to South America having underground stolons bearing edible starchy tubers; widely cultivated as a garden vegetable; vines are poisonous,n. 马铃薯,,3,1,zk gk,3013,2253,s:potatoes
potential,pә'tenʃәl,n. the inherent capacity for coming into being\na. existing in possibility,"n. 潜在性, 可能性, 潜力, 潜能, 势, 位\na. 有潜力的, 可能的, 潜在的",,4,1,gk cet4 cet6 ky toefl ielts gre,1438,1260,s:potentials
pound,paund,n. 16 ounces avoirdupois\nn. a unit of apothecary weight equal to 12 ounces troy\nn. a nontechnical unit of force equal to the mass of 1 pound with an acceleration of free fall equal to 32 feet/sec/sec\nn. United States writer who lived in Europe; strongly influenced the development of modern literature (1885-1972),"n. 磅, 英镑, 重击, 鱼塘, 拘留所, 兽栏\nvt. 强烈打击, 捣烂, 监禁, 关入栏内\nvi. 连续重击, 苦干",,5,1,zk gk cet4 cet6 ky toefl,546,1306,s:pounds/p:pounded/i:pounding/d:pounded/3:pounds
pour,pɒ:,v. cause to run\nv. move in large numbers\nv. flow in a spurt\nv. supply in large amounts or quantities,"n. 流出, 倾泻, 骤雨\nvt. 倒, 灌, 注, 倾泻, 诉说, 倾吐\nvi. 倾泻, 蜂涌而来, 下大雨",,3,1,gk cet4 cet6 ky ielts,2331,1898,p:poured/i:pouring/d:poured/3:pours
powder,'paudә,n. a solid substance in the form of tiny loose particles; a solid that has been pulverized\nn. any of various cosmetic or medical preparations dispensed in the form of a pulverized powder\nv. apply powder to,"n. 粉, 粉末, 火药\nvt. 搽粉于, 搽粉, 撒粉, 使成粉末\nvi. 搽粉, 变成粉末",,2,1,gk cet4 cet6 ky toefl,4272,3260,s:powders/i:powdering/d:powdered/p:powdered/3:powders
power,'pauә,n. possession of controlling influence\nn. (physics) the rate of doing work; measured in watts (= joules/second)\nn. one possessing or exercising power or influence or authority\nv. supply the force or power for the functioning of,"n. 力, 体力, 力量, 势力, 动力, 权力, 强国, 乘方, 强度, 幂, 功率\nvt. 使...有力量, 供以动力, 激励\n[计] 乘幂; DOS外部命令:能控制许多电池电源计算机上的电源管理特性",,5,1,gk cet4 ky ielts,225,271,s:powers/d:powered/p:powered/3:powers/i:powering
powerful,'pauәful,a. having great power or force or potency or effect,"a. 有力的, 有权力的, 强大的\n[机] 强力的",,4,1,gk cet4 cet6 ky,1326,1159,
practical,'præktikl,a. concerned with actual use or practice\ns. having or put to a practical purpose or use,"a. 实际的, 现实的, 实用性的\n[法] 事实上的, 实际上的, 接近...的",,3,1,gk cet4 cet6 ky toefl ielts,1259,2281,s:practicals
practice,'præktis,n. a customary way of operation or behavior\nn. translating an idea into action\nn. the exercise of a profession\nn. knowledge of how something is usually done,"n. 实践, 练习, 实行, 惯例, 习惯, 开业\nv. 实践, 实行, 练习, 实习, 业务",,4,1,zk gk ielts,453,564,s:practices/3:practices/i:practicing/p:practiced/d:practiced
prairie,'prєәri,n. a treeless grassy plain,"n. 大草原, 草甸",,1,,gk cet6 toefl,20980,6846,
praise,preiz,n. an expression of approval and commendation\nn. offering words of homage as an act of worship\nv. express approval of,"n. 赞美, 称赞, 崇拜\nvt. 称赞, 赞美\nvi. 赞扬, 表扬",,3,1,zk gk cet4 cet6 ky toefl,4285,3719,d:praised/p:praised/i:praising/s:praises/3:praises
pray,prei,"v. address a deity, a prophet, a saint or an object of worship; say a prayer","v. 祈祷, 恳求, 请",,2,,gk cet4 cet6 ky,3042,2399,i:praying/p:prayed/d:prayed/3:prays
prayer,prєә. 'preiә,n. the act of communicating with a deity (especially as a petition or in adoration or contrition or thanksgiving)\nn. reverent petition to a deity\nn. a fixed text used in praying\nn. someone who prays to God,"n. 祈祷, 恳求, 祷辞, 祈祷者",,2,1,gk cet4 cet6 ky,2644,2098,s:prayers
precious,'preʃәs,s. of high worth or cost\nr. extremely,"a. 宝贵的, 珍贵的, 过于精致的, 珍爱的",,2,,gk cet4 cet6 ky toefl ielts,4109,3989,
precise,pri'sais,a. sharply exact or accurate or delimited,"a. 精确的, 严谨的, 明确的\n[机] 精密的, 正确的",,2,1,gk cet4 cet6 ky toefl ielts gre,2761,3826,
predict,pri'dikt,v. make a prediction about; tell in advance,"v. 预知, 预言, 预报",,3,1,gk cet4 cet6 ky toefl,2288,1613,d:predicted/p:predicted/i:predicting/3:predicts
prefer,pri'fә:,v. like better; value more highly\nv. promote over another\nv. give preference to one creditor over another,"vt. 宁可, 较喜欢, 提出\n[法] 给予优先权, 优先偿还, 提出",,4,1,gk cet4 cet6 ky,1386,1716,p:preferred/d:preferred/i:preferring/3:prefers
preference,'prefәrәns,"n. a strong liking\nn. the right or chance to choose\nn. grant of favor or advantage to one over another (especially to a country or countries in matters of international trade, such as levying duties)","n. 偏爱, 优先, 喜爱物\n[计] 首选项",,2,1,gk cet4 cet6 ky toefl ielts,2642,3022,s:preferences
pregnant,'pregnәnt,a. carrying developing offspring within the body or being about to produce new life,"a. 怀孕的, 充满的, 思想丰富的, 成果丰硕的\n[医] 妊娠的, 有孕的",,3,1,gk cet6 ky toefl ielts gre,3276,2629,
prejudice,'predʒudis,v. disadvantage by prejudice\nv. influence (somebody's) opinion in advance,"n. 偏见, 成见, 侵害\nvt. 使存偏见, 使有成见, 侵害",,2,,gk cet4 cet6 ky toefl ielts gre,4112,5235,s:prejudices/d:prejudiced/i:prejudicing/p:prejudiced/3:prejudices
premier,'pri:mjә,v. be performed for the first time\nv. perform a work for the first time\ns. first in rank or degree\ns. preceding all others in time,"n. 总理, 首相\na. 首位的, 最初的",,3,,gk cet4 cet6 ky,4066,7616,s:premiers/d:premiered/p:premiered/i:premiering/3:premiers
preparation,.prepә'reiʃәn,n. the activity of putting or setting in order in advance of some act or purpose\nn. (music) a note that produces a dissonant chord is first heard in a consonant chord,"n. 准备, 预备, 预习\n[化] 制剂",,3,1,gk cet4 cet6 ky,2091,2513,s:preparations
prepare,pri'pєә,"v. to prepare verbally, either for written or spoken delivery\nv. educate for a future role or function\nv. lead up to and soften by sounding the dissonant note in it as a consonant note in the preceding chord","vt. 准备, 筹备, 使在思想上有准备, 制造, 调制\nvi. 预备",,4,1,zk gk cet4 cet6 ky ielts,893,774,d:prepared/i:preparing/p:prepared/3:prepares
prescription,pri'skripʃәn,n. directions prescribed beforehand; the action of prescribing authoritative rules or directions\nn. written instructions for an optician on the lenses for a given person\nn. written instructions from a physician or dentist to a druggist concerning the form and dosage of a drug to be issued to a given patient\na. available only with a doctor's written prescription,"n. 处方, 命令, 指定\n[医] 处方, 药方",,2,,gk cet6 ky toefl ielts gre,5595,3311,s:prescriptions
present,'preznt,n. the period of time that is happening now; any continuous stretch of time including the moment of speech\nn. something presented as a gift\nn. a verb tense that expresses actions or states at the time of speaking\nv. bring forward and present to the mind,"n. 现在, 礼品, 瞄准\na. 现在的, 出席的\nvt. 介绍, 引见, 赠送, 提出, 呈现, 上演\nvi. 举枪瞄准",,2,1,zk gk ielts,678,817,d:presented/p:presented/3:presents/i:presenting/s:presents
presentation,.prezәn'teiʃәn,n. the activity of formally presenting something (as a prize or reward)\nn. a show or display; the act of presenting something to sight or view\nn. the act of making something publicly available; presenting news or other information by broadcasting or printing it\nn. the act of presenting a proposal,"n. 赠与, 描述, 介绍\n[计] 简报",,2,1,gk cet6 ielts gre,2313,2898,s:presentations
preserve,pri'zә:v,"n. a domain that seems to be specially reserved for someone\nn. a reservation where animals are protected\nv. prevent (food) from rotting\nv. keep undisturbed for personal or private use for hunting, shooting, or fishing","vt. 保护, 保持, 保存, 维持, 腌, 禁猎\nvi. 加工食品, 禁猎\nn. 加工成的食品, 禁猎地, 保护区, 防护物",,3,1,gk cet4 cet6 ky toefl ielts,2287,2209,d:preserved/i:preserving/3:preserves/p:preserved/s:preserves
president,'prezidәnt,n. an executive officer of a firm or corporation\nn. the chief executive of a republic\nn. the officer who presides at the meetings of an organization\nn. the head administrative officer of a college or university,"n. 总统, 总裁, 董事长, (学院)院长, (大学)校长, 主管人, 主持人\n[经] 总经理, 董事长, 总裁",,5,1,zk gk cet4 cet6 ky,589,303,s:presidents
press,pres,n. the print media responsible for gathering and publishing news in the form of newspapers or magazines\nn. a machine used for printing\nn. clamp to prevent wooden rackets from warping when not in use\nn. any machine that exerts pressure to form or shape or cut materials or extract liquids or compress solids,"n. 压, 揿, 按, 人群, 印刷机, 压力, 出版社, 记者, 报刊, 新闻舆论, 紧迫\nvt. 压, 压榨, 紧抱, 逼迫, 推进, 强迫征募, 催逼\nvi. 压, 重压, 催促, 拥挤, 奋力前进, 受压",,5,1,gk cet4 cet6 ky gre,961,1178,p:pressed/d:pressed/i:pressing/s:presses/3:presses
pressure,'preʃә,n. the force applied to a unit area of surface; measured in pascals (SI unit) or in dynes (cgs unit)\nn. a force that compels\nn. the somatic sensation that results from applying force to an area of skin\nn. an oppressive condition of physical or mental or social or economic distress,"n. 压, 榨, 按, 强制, 压力, 压迫, 压强\nvt. 迫使, 使增压, 密封",,5,1,gk cet4 cet6 ky toefl ielts,687,765,s:pressures/d:pressured/p:pressured/i:pressuring/3:pressures
pretend,pri'tend,v. put forward a claim and assert right or possession of,"v. 假装, 伪称, 自命, 自称",,2,1,gk cet4 cet6 ky toefl gre,2885,2905,i:pretending/p:pretended/3:pretends/d:pretended
pretty,'priti,s. pleasing by delicacy or grace; not imposing\ns. (used ironically) unexpectedly bad,"a. 漂亮的, 优美的, 机灵的, 狡猾的, 恰当的\nadv. 相当, 颇",,4,1,zk gk cet4 cet6 ky,1782,797,t:prettiest/r:prettier
prevent,pri'vent,v. keep from happening or arising; make impossible\nv. stop (someone or something) from doing something or being in a certain state,"v. 预防, 防止, 阻止, 妨碍",,4,1,zk gk cet4 cet6 ky toefl,937,1083,i:preventing/d:prevented/3:prevents/p:prevented
preview,'pri:vju:,n. an advertisement consisting of short scenes from a motion picture that will appear in the near future\nn. a screening for a select audience in advance of release for the general public\nv. watch (a movie or play) before it is released to the general public,"n. 事先查看, 预览\nvt. 事先查看, 预演\n[计] 预览",,2,,gk gre,11861,7529,s:previews/d:previewed/i:previewing/p:previewed/3:previews
price,prais,n. the amount of money needed to purchase something\nn. value measured by what must be given or done or undergone to obtain something\nn. the high value or worth of something\nn. a monetary reward for helping to catch a criminal,"n. 价格, 代价, 价值\nvt. 定...的价格",,5,1,zk gk ielts,338,475,s:prices/d:priced/i:pricing/p:priced/3:prices
pride,praid,n. a feeling of self-respect and personal worth\nn. satisfaction with your (or another's) achievements\nn. the trait of being spurred on by a dislike of falling below your standards\nn. a group of lions,"n. 骄傲, 自尊心, 自豪, 精华, 勇气\nvt. 以...自豪",,3,1,zk gk cet4 cet6 ky toefl,2878,2801,3:prides/p:prided/d:prided/s:prides/i:priding
primary,'praimәri,n. a preliminary election where delegates or nominees are chosen\nn. one of the main flight feathers projecting along the outer edge of a bird's wing\nn. (astronomy) a celestial body (especially a star) relative to other objects in orbit around it\na. of first rank or importance or value; direct and immediate rather than secondary,"n. 最主要者, 原色\na. 主要的, 初期的, 根本的, 原始的, 首要的, 基本的\n[计] 初等量; 主要的; 一次的",,3,1,zk gk cet4 cet6 ky toefl ielts,1172,1504,s:primaries
primitive,'primitiv,n. a person who belongs to an early stage of civilization\nn. a mathematical expression from which another expression is derived\nn. a word serving as the basis for inflected or derived forms\ns. used of preliterate or tribal or nonindustrial societies,"n. 原始人, 早期艺术家\na. 原始的, 上古的\n[计] 图元; 原语; 基元",,2,,gk cet4 cet6 ky toefl ielts,4019,5798,s:primitives
principle,'prinsipl,n. a basic generalization that is accepted as true and that can be used as a basis for reasoning or conduct\nn. a rule or standard especially of good behavior\nn. a basic truth or law or assumption\nn. a rule or law concerning a natural phenomenon or the function of a complex system,"n. 原则, 原理, 主义\n[化] 原理",,4,1,gk cet4 cet6 ky gre,722,1341,s:principles
print,print,"n. the text appearing in a book, newspaper, or other printed publication\nn. a picture or design printed from an engraving\nn. availability in printed form\nn. a copy of a movie on film (especially a particular version of it)","n. 打印, 版, 印刷物, 痕迹, 印刷业, 印刷字体, 图片, 印花布, 印章\nv. 打印, 印刷, 铭记, 留印记于, 用印刷体写\n[计] DOS外部命令:在打印机上打印文件, 可一边打印文件一边执行其他工作",,4,1,zk gk cet4 ky,2432,2207,d:printed/s:prints/i:printing/p:printed/3:prints
printer,'printә,n. someone whose occupation is printing\nn. (computer science) an output device that prints the results of data processing\nn. a machine that prints,"n. 印刷工, 打印机\n[计] 打印机",,2,1,gk cet6,3066,5875,s:printers
printing,'printiŋ,n. text handwritten in the style of printed matter\nn. the business of producing printed material for sale or distribution\nn. reproduction by applying ink to paper as for publication,"n. 印刷, 印刷术, 印花\n[计] 打印; 印刷",,,1,gk ielts,4804,7217,0:print/1:i/i:printing/s:printings
prison,'prizn,n. a correctional institution where persons are confined while on trial or for punishment\nn. a prisonlike situation; a place of seeming confinement,"n. 监狱, 监禁, 拘留所\nvt. 监禁",,4,1,zk gk cet4 cet6 ky toefl,1307,1282,s:prisons
prisoner,'priznә,n. a person who is confined; especially a prisoner of war,"n. 囚犯, 犯人, 战俘\n[法] 犯人, 囚犯, 扣押犯",,4,1,zk gk cet4 cet6 ky,1932,2419,s:prisoners
private,'praivit,n. an enlisted man of the lowest rank in the Army or Marines\na. confined to particular persons or groups or providing privacy\ns. concerning things deeply private and personal,"a. 私人的, 秘密的, 私立的, 隐蔽的\nn. 士兵, 隐士, 阴部\n[计] 私人的",,4,1,zk gk cet4 cet6 ky toefl ielts,581,672,s:privates
privilege,'privilidʒ,n. a special advantage or immunity or benefit not enjoyed by all\nn. (law) the right to refuse to divulge information obtained in a confidential relationship\nv. bestow a privilege upon,"n. 特权, 特别恩典, 基本权利, 特免\nvt. 给与...特权, 特免",,2,,gk cet4 cet6 ky toefl ielts gre,3017,3612,s:privileges/i:privileging/d:privileged/p:privileged/3:privileges
prize,praiz,n. something given for victory or superiority in a contest or competition or for winning a lottery\nv. hold dear,"n. 奖赏, 奖金, 奖品, 战利品, 捕获\na. 得奖的\nvt. 珍视, 估价, 捕获, 撬, 撬动",,4,1,zk gk cet4 cet6 ky,2125,3686,s:prizes/d:prized/p:prized/3:prizes/i:prizing
probable,'prɒbәbl,n. an applicant likely to be chosen\na. likely but not certain to be or become true or real\ns. apparently destined,"a. 很可能的, 大概的, 可信的\nn. 很有希望的候选人, 很可能的事情",,1,1,gk cet4 cet6 ky,5016,6767,s:probables
probably,'prɒbәbli,r. with considerable certainty; without much doubt,"adv. 大概, 或许",,5,1,zk gk cet4 cet6,333,398,
problem,'prɒblәm,n. a state of difficulty that needs to be resolved\nn. a question raised for consideration or solution,"n. 问题, 难题\na. 成问题的, 难处理的",,5,1,zk gk,154,171,s:problems
procedure,prә'si:dʒә,n. a particular course of action intended to achieve a result\nn. a mode of conducting legal and parliamentary proceedings,"n. 程序, 过程, 手续\n[计] 规程; 过程",,3,1,gk cet4 cet6 ky toefl ielts,897,1369,s:procedures
process,'prɒses,n. (psychology) the performance of some composite cognitive activity; an operation that affects mental contents\nn. a mental process that you are not directly aware of\nn. a natural prolongation or projection from a part of an organism either animal or plant\nn. a sustained phenomenon or one marked by gradual changes through a series of states,"n. 程序, 进行, 过程\nvt. 加工, 使...接受处理, 对...处置, 对...起诉\na. 经加工的, 有特殊光效的\n[计] 进程",,5,1,gk cet4 cet6 ky toefl ielts,343,391,s:processes/d:processed/i:processing/p:processed/3:processes
produce,prә'dju:s,"n. fresh fruits and vegetable grown for the market\nv. bring forth or yield\nv. create or manufacture a man-made product\nv. cause to happen, occur or exist","n. 生产品, 物产, 后代\nvt. 产生, 生产, 提出, 出示\nvi. 生产, 制造",,5,1,zk gk cet4 cet6 ky toefl gre,296,542,d:produced/p:produced/i:producing/3:produces
product,'prɒdʌkt,n. an artifact that has been created by someone or some process\nn. a quantity obtained by multiplication\nn. a chemical substance formed as a result of a chemical reaction\nn. a consequence of someone's efforts or of a particular set of circumstances,"n. 产品, 结果, 乘积\n[化] 生产物",,5,1,gk cet4 cet6 ky ielts,451,569,s:products
production,prә'dʌkʃәn,n. the act or process of producing something\nn. a presentation for the stage or screen or radio or television\nn. (law) the act of exhibiting in a court of law\nn. a display that is exaggerated or unduly complicated,"n. 制造, 生产, 产物\n[医] 产生, 生成",,4,1,gk cet4 cet6 ky ielts,610,959,s:productions
profession,prә'feʃәn,n. the body of people in a learned occupation\nn. an occupation requiring special education (especially in the liberal arts or sciences)\nn. an open avowal (true or false) of some belief or opinion\nn. affirmation of acceptance of some religion or faith,"n. 职业, 表白, 声明\n[化] 工种; 职业",,3,1,gk cet4 cet6 ky toefl ielts,2211,2886,s:professions
professor,prә'fesә,n. someone who is a member of the faculty at a college or university,n. 教授,,4,1,gk cet4 cet6 ky ielts,1711,825,s:professors
profit,'prɒfit,n. the advantageous quality of being beneficial\nv. derive a benefit from\nv. make a profit; gain money or materially,"n. 利润, 赢利, 利益\nvi. 有益, 获利, 赚钱\nvt. 有益于",,4,1,gk cet4 cet6 ky toefl ielts,884,1704,s:profits/i:profiting/p:profited/d:profited/3:profits
programme,'prәugræm,n an announcement of the events that will occur as part of a theatrical or sporting event\nn an integrated course of academic studies\nn a radio or television show\nn (computer science) a sequence of instructions that a computer can interpret and execute\nn a system of projects or services intended to meet a public need\nn a series of steps to be carried out or goals to be accomplished\nn a performance (or series of performances) at a public presentation\nv write a computer program\nv arrange a program of or for,"n. 节目, 节目单, 程序, 纲要, 大纲, 计划\nvt. 规划, 拟...计划\nvi. 安排节目, 编程序",,5,1,zk gk ky,360,0,s:programmes/d:programmed/p:programmed/i:programming/3:programs
progress,'prәugres,n. the act of moving forward (as toward a goal)\nn. a movement forward\nv. develop in a positive way,"n. 进步, 发展, 前进\nvi. 进步, 进行",,4,1,zk gk cet4 cet6 ky toefl,1265,1508,i:progressing/d:progressed/3:progresses/p:progressed
prohibit,prә'hibit,v command against,"vt. 禁止, 阻止\n[经] 禁止",,2,,gk cet4 cet6 ky toefl ielts,5809,3990,d:prohibited/i:prohibiting/3:prohibits/p:prohibited
project,'prɒdʒekt,n. a planned undertaking\nv. communicate vividly\nv. transfer (ideas or principles) from one domain into another\nv. project on a screen,"n. 计划, 设计, 事业\nvt. 计划, 设计, 投掷, 发射, 使凸出, 放映\nvi. 凸出",,4,1,gk cet4 cet6 ky toefl ielts,509,534,s:projects/d:projected/i:projecting/3:projects/p:projected
promise,'prɒmis,n. a verbal commitment by one person to another agreeing to do (or not to do) something in the future\nn. grounds for feeling hopeful about the future\nv. make a promise or commitment\nv. promise to undertake or give,"n. 诺言, 约定的事情, 有指望\nvt. 允诺, 约定, 预示\nvi. 允诺, 有前途, 有指望",,4,1,zk gk cet4 cet6 ky toefl ielts,1478,1438,p:promised/d:promised/s:promises/3:promises/i:promising
promote,prәu'mәut,"v. contribute to the progress or growth of\nv. give a promotion to or assign to a higher position\nv. be changed for a superior chess or checker piece\nv. change a pawn for a better piece by advancing it to the eighth row, or change a checker piece for a more valuable piece by moving it to the row closest to your opponent","vt. 促进, 晋升, 创办, 推销\n[经] 促进, 推广, 推销",,4,1,gk cet4 cet6 ky toefl ielts gre,1433,1328,d:promoted/i:promoting/3:promotes/p:promoted
pronounce,prә'nauns,"v. speak, pronounce, or utter in a certain way\nv. pronounce judgment on","v. 发音, 宣告, 断言",,2,1,zk gk cet4 cet6 ky,4948,5332,p:pronounced/d:pronounced/i:pronouncing/3:pronounces
pronunciation,prәu.nʌnsi'eiʃәn,n. the manner in which someone utters a word\nn. the way a word or a language is customarily spoken,"n. 发音, 读法",,1,1,zk gk cet4 cet6 ky,8187,15375,s:pronunciations
proper,'prɒpә,"a. marked by suitability or rightness or appropriateness\ns. having all the qualities typical of the thing specified; not just a snack""\ns. limited to the thing specified\ns. appropriate for a condition or purpose or occasion or a person's character, needs","a. 适当的, 固有的, 高尚的, 专属的\nadv. 完全地, 彻底地",,4,1,zk gk cet4 cet6 ky toefl,1458,2058,
properly,'prɒpәli,r. in the right manner,"adv. 适当地, 相当地",,,1,gk cet4 cet6,1634,2880,
protect,prә'tekt,"v. shield from danger, injury, destruction, or damage\nv. use tariffs to favor domestic industry","vt. 防卫, 保护, 警戒\n[法] 庇护, 保护, 警戒",,4,1,zk gk cet4 cet6 ky,1151,749,d:protected/i:protecting/3:protects/p:protected
protection,prә'tekʃәn,n. the activity of protecting someone or something\nn. the condition of being protected\nn. the imposition of duties or quotas on imports in order to protect domestic industry against foreign competition\nn. payment extorted by gangsters on threat of violence,"n. 保护, 防卫, 贸易保护制度\n[计] 保护",,4,1,gk cet4 cet6 toefl,1220,1315,s:protections
proud,praud,a. feeling self-respect or pleasure in something by which you measure your self-worth; or being a reason for pride,"a. 骄傲的, 自大的, 自豪的, 辉煌的, 壮丽的",,3,1,zk gk cet4 cet6 ky,2579,1983,t:proudest/r:prouder
prove,pru:v,"v. be shown or be found to be\nv. establish the validity of something, as by an example, explanation or experiment\nv. prove formally; demonstrate by a mathematical, formal proof\nv. take a trial impression of","vt. 证明, 查验, 检验, 勘探, 显示\nvi. 证明是",,4,1,zk gk cet4 cet6 ky,671,866,d:proved/p:proved/i:proving/3:proves
provide,prә'vaid,"v. give what is desired or needed, especially support, food or sustenance\nv. determine (what is to happen in certain contingencies), especially by including a proviso condition or stipulation\nv. supply means of subsistence; earn a living\nv. take measures in preparation for","vt. 提供, 供应, 规定, 预备\nvi. 作准备, 抚养, 规定",,5,1,zk gk cet4 cet6 ky toefl,172,262,d:provided/3:provides/i:providing/p:provided
province,'prɒvins,n. the proper sphere or extent of your activities,"n. 省, 地方, 职权, 领域\n[法] 省, 地方, 领域",,3,,gk cet4 cet6 ky toefl,2565,3228,s:provinces
psychology,sai'kɒlәdʒi,n. the science of mental life,"n. 心理学, 心理状态\n[医] 心理学",,3,,gk cet6 ky toefl ielts gre,2980,2972,s:psychologies
pub,pʌb,n tavern consisting of a building with a bar and public rooms; often provides light meals,"n. 酒馆, 客栈",,3,1,gk ky,1817,7430,s:pubs
public,'pʌblik,n. a body of people sharing some common interest\na. not private; open to or concerning the people as a whole\ns. affecting the people or community as a whole,"n. 公众, 民众\na. 公众的, 公共的, 公立的, 公用的",,5,1,zk gk cet4 cet6 ky ielts,319,333,
publicly,'pʌblikli,r. in a manner accessible to or observable by the public; openly\nr. by the public or the people generally,"adv. 公然地, 以公众名义",,,1,gk,4133,3027,
publish,'pʌbliʃ,v. prepare and issue for public distribution or sale\nv. have (one's written work) issued for publication,"vt. 出版, 发行, 公开, 发表, 宣传, 公布\nvi. 出版, 发行",,4,1,gk cet4 cet6 ky,828,1116,d:published/p:published/i:publishing/3:publishes
pull,pul,n. the act of pulling; applying force to move something toward or with you\nn. the force used in pulling\nn. special advantage or influence\nn. a device used for pulling something,"vt. 拉, 拖, 拔, 牵, 撕开, 吸引\nvi. 拉, 拖, 拔, 有吸引力\nn. 拉, 拖, 拔, 拉力, 牵引力, 划船, 吸引",,4,1,zk gk toefl ielts,718,471,p:pulled/i:pulling/d:pulled/3:pulls/s:pulls
pulse,pʌls,n. the rhythmic contraction and expansion of the arteries with each beat of the heart\nn. the rate at which the heart beats; usually measured to obtain a quick evaluation of a person's health\nn. edible seeds of various pod-bearing plants (peas or beans or lentils etc.)\nv. produce or modulate (as electromagnetic waves) in the form of short bursts or pulses or cause an apparatus to produce pulses,"n. 脉冲, 脉搏, 情绪, 意向, 拍子, 豆类\nvi. 跳动, 脉跳\nvt. 使跳动, 用脉冲调制\n[计] 脉冲",,2,,gk cet4 cet6 ky toefl gre,4379,4331,s:pulses/p:pulsed/i:pulsing/d:pulsed/3:pulses
pump,pʌmp,"n. a mechanical device that moves fluid or gas by pressure or suction\nn. a low-cut shoe without fastenings\nv. operate like a pump; move up and down, like a handle or a pedal\nv. deliver forth","n. 抽水机, 打气筒, 泵, 抽吸\nvt. 用唧筒抽水, 打气, 盘问, 倾注, 使疲惫\nvi. 抽水, 上下(或往复)运动",,3,,gk cet4 cet6 ky toefl ielts,4317,3444,s:pumps/d:pumped/i:pumping/p:pumped/3:pumps
punctual,'pәŋktʃuәl,a. acting or arriving or performed exactly at the time appointed,"a. 准时的, 守时的, 点状的, 中肯的\n[经] 准时的, 不误期的, 准时",,1,,gk cet4 cet6 ky toefl ielts,20448,25334,
punctuate,'pʌŋktjueit,v. insert punctuation marks into\nv. interrupt periodically,"vt.vi. 给文章加标点, 加标点符号\nvt. 强调, 加强, (常用被动)不时打断\nn. 标点, 标点法, 标点符号",,1,,gk,11199,9198,d:punctuated/i:punctuating/p:punctuated/3:punctuates
punctuation,.pʌŋktʃu'eiʃәn,n. something that makes repeated and regular interruptions or divisions\nn. the marks used to clarify meaning by indicating separation of words into sentences and clauses and phrases\nn. the use of certain marks to clarify meaning of written material by grouping words grammatically into sentences and clauses and phrases,"n. 标点, 标点符号\n[计] 标点符号",,,,gk,12610,15876,s:punctuations
punish,'pʌniʃ,v. impose a penalty on; inflict punishment on,"vt. 处罚, 惩罚, 严厉对待\nvi. 惩罚",,2,1,zk gk cet4 cet6 ky,4686,3862,d:punished/i:punishing/p:punished/3:punishes
punishment,'pʌniʃmәnt,n. the act of punishing,"n. 处罚, 刑罚, 惩罚\n[法] 罚, 处罚, 刑罚",,2,1,gk cet4 cet6,3031,3110,s:punishments
pupil,'pju:pl,n. the contractile aperture in the center of the iris of the eye; resembles a large black dot,"n. 学生, 门生, 未成年人, 瞳孔\n[医] 瞳孔",,3,1,zk gk toefl ielts,952,5057,s:pupils
purchase,'pә:tʃәs,n. the acquisition of something for payment\nn. something acquired by purchase\nn. a means of exerting influence or gaining advantage,"n. 购买, 购买品, 紧握, 绞辘\nvt. 购买, 赢得, 努力取得, 用滑轮起(锚等)",,4,1,gk cet4 cet6 ky toefl gre,2257,2149,d:purchased/s:purchases/p:purchased/i:purchasing/3:purchases
pure,pjuә,a. free of extraneous elements of any kind\ns. free from discordant qualities\ns. concerned with theory and data rather than practice; opposed to applied\na. (used of persons or behaviors) having no faults; sinless,"a. 纯的, 纯净的, 纯洁的, 清白的, 完美的, 无瑕的, 抽象的\n[医] 的, 纯净的",,3,1,gk cet4 cet6 ky toefl ielts,2387,2416,t:purest/r:purer
purple,'pә:pl,n. a purple color or pigment\nn. of imperial status\nv. become purple\nv. color purple,"n. 紫色, 帝位\na. 紫色的, 帝王的, 华而不实的\nv. (使)成紫色",,2,1,zk gk cet4 cet6 ky toefl,5326,3894,s:purples/d:purpled/i:purpling/p:purpled/3:purples/r:purpler/t:purplest
purpose,'pә:pәs,n. an anticipated outcome that is intended or that guides your planned actions\nv. reach a decision,"n. 目的, 意向, 决心, 用途, 效果, 论题\nvt. 意欲, 企图, 计划",,4,1,zk gk cet4 cet6 ky ielts,655,1014,s:purposes/i:purposing/p:purposed/3:purposes/d:purposed
purse,pә:s,n. a sum of money spoken of as the contents of a money purse\nn. a small bag for carrying money\nn. a sum of money offered as a prize\nv. contract one's lips into a rounded shape,"n. 钱包, 小钱袋, 金钱, 募捐款, 囊状物\nv. 缩拢, 皱起",,2,,zk gk cet4 cet6 ky ielts gre,6387,4358,p:pursed/s:purses/d:pursed/i:pursing/3:purses
push,puʃ,"n. the act of applying force in order to move something away\nn. the force used in pushing\nn. an effort to advance\nv. move with force, ""He pushed the table into a corner""","n. 推, 推动, 奋斗, 攻击, 进取心\nvt. 推, 推动, 使伸出, 推行, 逼迫, 增加\nvi. 推, 推进, 增加, 努力争取",,4,1,zk gk,926,695,p:pushed/i:pushing/d:pushed/3:pushes
put,put,v. put into a certain place or abstract location\nv. cause to be in a certain state; cause to be in a certain relation\nv. attribute or give\nv. cause (someone) to undergo something,"vt. 放, 摆, 安置, 移动, 发射, 投掷, 写上, 表达, 使从事, 使受到, 驱使, 赋予\nvi. 出发, 航行, 发芽\nn. 掷, 股票出售权, 笨蛋\na. 固定不动的\n[计] 发送文件",,5,1,zk gk ielts,116,151,d:put/0:put/1:dp/p:put/i:putting/3:puts
puzzle,'pʌzl,n. a particularly baffling problem that is said to have a correct solution\nn. a game that tests your ingenuity\nv. be uncertain about; think about without fully understanding or being able to decide,"n. 难题, 迷惑\nvt. 使困惑, 使为难\nvi. 迷惑, 苦思",,2,,gk cet4 cet6 ky toefl ielts,6964,4255,s:puzzles/i:puzzling/p:puzzled/d:puzzled/3:puzzles
puzzled,,v be a mystery or bewildering to\nv be uncertain about; think about without fully understanding or being able to decide\ns filled with bewilderment,"a. 困惑的, 迷惑的",,,,gk,5694,7319,0:puzzle/1:pd/p:puzzled/d:puzzled
pyramid,'pirәmid,n. a polyhedron having a polygonal base and triangular sides with a common vertex\nn. (stock market) a series of transactions in which the speculator increases his holdings by using the rising market value of those holdings as margin for further purchases\nn. a massive monument with a square base and four triangular sides; begun by Cheops around 2700 BC as royal tombs in ancient Egypt\nv. enlarge one's holdings on an exchange on a continued rise by using paper profits as margin to buy additional amounts,"n. 角锥, 金字塔\nv. (使)成金字塔状, (使)渐增, (使)上涨",,1,,gk ky toefl,7071,6129,s:pyramids/i:pyramiding/p:pyramided/3:pyramids/d:pyramided
quake,kweik,"n shaking and vibration at the surface of the earth resulting from underground movement along a fault plane of from volcanic activity\nv shake with fast, tremulous movements\nv shake with seismic vibrations","vi. 颤抖, 地震\nn. 颤抖, 地震",,1,,gk,23257,8561,i:quaking/s:quakes/p:quaked/3:quakes/d:quaked
qualification,.kwɒlifi'keiʃәn,n. an attribute that must be met or complied with and that fits a person for something\nn. the act of modifying or changing the strength of some idea,"n. 资格, 条件, 限制\n[计] 限定",,2,1,gk cet6 ky toefl ielts,2396,6828,s:qualifications
quality,'kwɒlәti,n. an essential and distinguishing attribute of something or someone\nn. a degree or grade of excellence or worth\nn. a characteristic property that defines the apparent individual nature of something\nn. high social status,"n. 品质, 特性, 才能, 质量\na. 优质的\n[计] 品质",,4,1,gk cet4 cet6 ky toefl ielts,536,764,s:qualities
quantity,'kwɒntәti,n. an adequate or large amount\nn. the concept that something has a magnitude and can be represented in mathematical expressions by a constant or a variable,"n. 量, 数量, 总量\n[计] 数量; 量",,3,1,gk cet4 cet6 ky toefl,2082,4057,s:quantities
quarrel,'kwɒrәl,n. an angry dispute\nn. an arrow that is shot from a crossbow; has a head with four edges\nv. have a disagreement over something,"n. 吵架, 反目, 怨言, 方头凿\nvi. 吵架, 争论, 挑剔",,2,,gk cet4 cet6 ky,7746,11177,s:quarrels/p:quarrelled/i:quarrelling/d:quarrelled/3:quarrels
quarter,'kwɒ:tә,"n. a district of a city having some distinguishing character\nn. (football, professional basketball) one of four divisions into which some games are divided\nn. a unit of time equal to 15 minutes or a quarter of an hour\nn. one of four periods into which the school year is divided","n. 四分之一, 一刻钟, 季度, 地区\nvt. 四等分, 肢解\nvi. 驻扎, 住宿",,4,1,zk gk toefl ielts,1085,1401,s:quarters/d:quartered/i:quartering/p:quartered/3:quarters
queen,'kwi:n,n. the only fertile female in a colony of social insects such as bees and ants and termites; its function is to lay eggs\nn. a female sovereign ruler\nn. the wife or widow of a king\nn. something personified as a woman who is considered the best or most important of her kind,"n. 王后, 女王\nvt. 立为女王\nvi. 做女王",,4,1,zk gk cet4 cet6 ky,1223,43081,s:queens/i:queening/p:queened/3:queens/d:queened
question,'kwestʃәn,n. an instance of questioning\nn. the subject matter at issue\nn. a sentence of inquiry that asks for a reply\nn. an informal reference to a marriage proposal,"n. 问题, 询问\nv. 询问, 审问, 怀疑\n[计] 询问",,5,1,zk gk,221,197,s:questions/d:questioned/p:questioned/i:questioning/3:questions
questionnaire,kwestʃә'nєә,n. a form containing a set of questions; submitted to people to gain statistical information,"n. 调查表, 问卷\n[经] 调查表",,1,,gk cet6 ky toefl ielts,4043,3606,s:questionnaires
queue,kju:,n. a line of people or vehicles waiting for something\nn. (information processing) an ordered list of tasks to be performed or messages to be transmitted\nn. a braid of hair at the back of the head,"n. 辫子, 一队人, 队列\nvt. 使排队, 将...梳成辫子\nvi. 排队\n[计] 队列",,2,,gk cet4 cet6 ky gre,4960,15489,s:queues/i:queuing/p:queued/d:queued/3:queues
quick,kwik,n. any area of the body that is highly sensitive to pain (as the flesh underneath the skin or a fingernail or toenail)\ns. accomplished rapidly and without delay\ns. apprehending and responding with speed and sensitivity\ns. easily aroused or excited,"a. 快的, 迅速的, 敏捷的, 灵敏的, 急速的\nadv. 快\nn. 新长出的肉, 要害, 核心, 感觉敏锐部位",,5,1,zk gk,1431,1303,r:quicker/t:quickest
quiet,'kwaiәt,a. characterized by an absence or near absence of agitation or activity\na. free of noise or uproar; or making little if any sound\ns. not showy or obtrusive\na. of the sun characterized by a low level of surface phenomena like sunspots e.g.,"n. 安静, 闲适, 平静\na. 安静的, 静止的, 寂静的, 朴素的, 从容的, 暗中的\nvi. 平静下来\nvt. 使平静, 使平息, 使安心, 安慰",,4,1,zk gk,1437,1435,r:quieter/t:quietest/p:quieted/i:quieting/3:quiets/d:quieted
quilt,kwilt,n. bedding made of two layers of cloth filled with stuffing and stitched together\nv. stitch or sew together\nv. create by stitching together,"n. 棉被\nvt. 加软衬料后缝制, 东拼西凑地编\nvi. 缝被子",,1,,gk cet4 cet6 ky toefl,12326,6124,s:quilts/i:quilting/d:quilted/p:quilted/3:quilts
quit,kwit,v put an end to a state or an activity\nv give up or retire from a position\nv go away or leave\nv turn away from; give up\nv give up in the face of defeat of lacking hope; admit defeat,"vi. 离开, 辞职, 停止\nvt. 离开, 放弃, 使解除, 停止\nn. 离开\n[计] 结束, 退出",,2,1,gk cet4 cet6 ky ielts,5298,2522,p:quit/0:quit/1:pd/i:quitting/d:quit/3:quits
quite,kwait,r. to a degree (not used with a negative)\nr. to the greatest extent; completely\nr. of an unusually noticeable or exceptional or remarkable kind (not used with a negative)\nr. actually or truly or to an extreme,"adv. 相当, 完全, 十分",,5,1,zk gk,206,561,
quiz,kwiz,n. an examination consisting of a few short questions\nv. examine someone's knowledge of something,"n. 考查, 课堂测验, 恶作剧, 智力测验\nvt. 戏弄, 考查, 恶作剧",,1,,gk cet4 cet6 ky,9113,8784,d:quizzed/p:quizzed/i:quizzing/3:quizzes
rabbit,'ræbit,n. any of various burrowing animals of the family Leporidae having long ears and short tails; some domesticated and raised for pets or food\nn. flesh of any of various rabbits or hares (wild or domesticated) eaten as food\nv. hunt rabbits,n. 兔子\nvi. 猎兔\nvt. 让...见鬼去,,2,,zk gk cet4 cet6 ky,3037,4373,s:rabbits/i:rabbiting/p:rabbited/3:rabbits/d:rabbited
race,reis,n. any competition\nn. a contest of speed\nn. people who are believed to belong to the same genetic stock\nv. compete in a race,"n. 种族, 人种, 赛跑, 比赛, 急流, 人类, 同道, 姜根\nvi. 赛跑, 竞赛, 疾走\nvt. 与...赛跑, 使疾走, 使猛转\n[计] 竞争; 追赶; 欧州高级通信研究开发计划",,5,1,zk gk cet4 cet6 ky toefl,1107,716,s:races/i:racing/p:raced/d:raced/3:races
racial,'reiʃәl,a. of or related to genetically distinguished groups of people\na. of or characteristic of race or races or arising from differences among groups,"a. 人种的, 种族的\n[医] 种族的",,3,,gk cet4 cet6 ky,4592,2243,
radiation,.reidi'eiʃәn,n. energy that is radiated or transmitted in the form of rays or waves or particles\nn. the act of spreading outward from a central source\nn. the spontaneous emission of a stream of particles or electromagnetic rays in nuclear decay\nn. the spread of a group of organisms into new habitats,n. 辐射\n[化] 放射,,2,,gk cet4 cet6 ky toefl,3892,3652,s:radiations
radio,'reidiәu,n. medium for communication\nn. a communication system based on broadcasting electromagnetic waves\nv. transmit messages via radio waves\na. indicating radiation or radioactivity,"n. 无线电, 收音机, 无线电报, 无线电广播, 无线电台\nv. 用无线电发送",,5,1,zk gk ielts,1093,904,s:radios/i:radioing/p:radioed/3:radios/d:radioed
radioactive,.reidiәu'æktiv,a. exhibiting or caused by radioactivity,"a. 放射性的, 有放射能的\n[医] 放射性的, 放射的",,2,,gk cet4 cet6 ky,6732,7890,
radium,'reidiәm,n. an intensely radioactive metallic element that occurs in minute amounts in uranium ores,n. 镭\n[化] 镭Ra,,,,gk cet4 cet6,45531,30174,
rag,ræg,n. a small piece of cloth or paper\nn. a week at British universities during which side-shows and processions of floats are organized to raise money for charities\nn. a boisterous practical joke (especially by college students)\nv. play in ragtime,"n. 碎布, 抹布, 碎片, 碎屑, 少量, 破旧衣服\nvt. 责骂, 揶揄, 戏弄\nvi. 喧闹",,2,,gk cet4 cet6 ky gre,5984,6662,s:rags/d:ragged/i:ragging/p:ragged/3:rags
rail,reil,n. short for railway\nn. a horizontal bar (usually of wood or metal)\nn. any of numerous widely distributed small wading birds of the family Rallidae having short wings and very long toes for running on soft mud\nv. complain bitterly,"n. 横杆, 围栏, 栏杆, 铁轨, 扶手, 秧鸡\nvt. 以横木围栏, 给...铺铁轨\nvi. 责骂, 抱怨",,3,1,gk cet4 cet6 ky toefl ielts gre,1961,3373,s:rails/p:railed/d:railed/i:railing/3:rails
railway,'reilwei,n. line that is the commercial organization responsible for operating a system of transportation for trains that pull passengers or freight,"n. 铁路, 轨道\n[经] 铁路",,3,1,zk gk ielts,1099,8369,s:railways
rain,rein,n. water falling in drops from vapor condensed in the atmosphere\nn. drops of fresh water that fall as precipitation from clouds\nn. anything happening rapidly or in quick successive\nv. precipitate as rain,"n. 雨, 下雨, 雨天\nvi. 下雨\nvt. 使大量落下",,4,1,zk gk,1491,1550,i:raining/3:rains/s:rains/p:rained/d:rained
rainbow,'reinbәu,n. an arc of colored light in the sky caused by refraction of the sun's rays by rain\nn. an illusory hope,n. 彩虹\na. 五彩缤纷的,,2,,gk cet4 cet6 ky toefl,5699,7427,s:rainbows
raincoat,'reinkәut,n. a water-resistant coat,n. 雨衣,,1,,zk gk ielts,12667,15201,s:raincoats/p:raincoated
rainfall,'reinfɒ:l,n water falling in drops from vapor condensed in the atmosphere,"n. 降雨, 降雨量\n[经] 降雨量",,1,,gk toefl ielts,10343,9169,s:rainfalls
rainy,'reini,s (of weather) wet by periods of rain,"a. 下雨的, 多雨的",,1,,zk gk cet4 cet6,13732,7477,t:rainiest
raise,reiz,n. the amount a salary is increased\nn. increasing the size of a bet (as in poker)\nv. raise the level or amount of something\nv. raise from a lower to a higher position,"n. 上升, 高地, 增高\nvt. 升起, 举起, 唤起, 提高, 使出现, 使复活, 提出, 筹集, 饲养",,5,1,zk gk toefl,510,433,d:raised/p:raised/i:raising/3:raises
random,'rændәm,a. lacking any definite plan or order or purpose; governed by or depending on chance,"n. 随意, 随机\na. 任意的, 随便的, 胡乱的, 随机的\nadv. 胡乱地",,2,,gk cet6 ky toefl ielts gre,3811,3619,
range,'reindʒ,n. the limits within which something can be effective\nn. a large tract of grassy open land on which livestock can graze\nn. a series of hills or mountains\nn. a place for shooting (firing or driving) projectiles of various kinds,"n. 排, 行, 山脉, 范围, 行列, 射程\nvt. 排列, 归类于, 使并列, 放牧\nvi. 平行, 延伸, 漫游\n[计] 量程; 范围; 域; 距离",,4,1,gk cet4 cet6 ky toefl ielts,484,972,i:ranging/s:ranges/p:ranged/3:ranges/d:ranged
rank,ræŋk,n. a row or line of people (especially soldiers or police) standing abreast of one another\nn. relative status\nv. take or have a position relative to others\nv. take precedence or surpass others in rank,"n. 等级, 排, 横列, 队伍, 阶级\na. 茂密丛生的, 恶臭的, 十足的, 粗俗的\nvt. 排列, 归类于, 把...分等\nvi. 列为, 列队\nn. 秩\n[计] 秩",,3,1,gk cet4 cet6 ky toefl ielts,2464,2647,s:ranks/d:ranked/3:ranks/i:ranking/p:ranked
rapid,'ræpid,n. a part of a river where the current is very fast\ns. done or occurring in a brief period of time\ns. characterized by speed; moving with or capable of moving with high speed,"a. 迅速的, 飞快的, 急促的, 陡的\nn. 急流",,4,1,zk gk cet4 cet6 ky ielts,2402,3029,s:rapids
rare,rєә,s. not widely known; especially valued for its uncommonness\ns. recurring only at long intervals\ns. not widely distributed\ns. having low density,"a. 稀罕的, 罕有的, 珍奇的, 稀薄的, 半熟的, 非常好的\nadv. 非常",,3,1,gk cet4 cet6 ky toefl ielts,1831,1872,r:rarer/t:rarest/i:raring
rat,ræt,"n. any of various long-tailed rodents similar to but larger than a mouse\nn. a pad (usually made of hair) worn as part of a woman's coiffure\nv. desert one's party or group of friends, for example, for one's personal advantage\nv. employ scabs or strike breakers in","n. 鼠, 卑鄙的人, 破坏者, 变节者\nvi. 捕鼠, 变节\nvt. 弄蓬松",,2,,zk gk cet4 cet6 ky toefl ielts,3139,3558,s:rats/i:ratting/d:ratted/p:ratted/3:rats
rate,reit,n. a magnitude or frequency relative to a time unit\nn. amount of a charge or payment relative to some basis\nn. a quantity or amount or measure considered as a proportion of another quantity or amount or measure\nv. assign a rank or rating to,"n. 比率, 率, 速度, 价格, 费用, 等级\nvt. 估价, 认为, 鉴定等级, 责骂\nvi. 被评价, 责骂",,5,1,gk cet4 cet6 ky ielts,297,457,s:rates/d:rated/p:rated/i:rating/3:rates
rather,'ræðә,"r. on the contrary; rather (or instead), he wrote her a letter""\nr. to some (great or small) extent","adv. 宁可, 稍微, 相当",,5,1,zk gk cet4 cet6 ky,460,860,
raw,rɒ:,n. informal terms for nakedness\ns. having the surface exposed and painful\na. not treated with heat to prepare it for eating\ns. not processed or refined,"n. 擦伤处, 半成品\na. 生的, 未加工的, 生疏的, 不成熟的, 阴冷的, 刺痛的, 擦掉皮的\nvt. 擦伤\n[计] 写后读",,3,1,gk cet4 cet6 ky toefl ielts,2999,2783,t:rawest
ray,rei,n. a branch of an umbel or an umbelliform inflorescence\nn. (mathematics) a straight line extending from a point\nn. any of the stiff bony spines in the fin of a fish\nn. cartilaginous fishes having horizontally flattened bodies and enlarged winglike pectoral fins with gills on the underside; most swim by moving the pectoral fins,"n. 光线, 射线, 闪烁, 光辉\nvi. 射出光线, 浮现, 放射光线\nvt. 放射, 显出",,3,,gk cet4 cet6 ky toefl,3865,4432,s:rays/i:raying/p:rayed/3:rays/d:rayed
razor,'reizә,n. edge tool used in shaving\nv. shave with a razor,n. 剃刀\nvt. 剃,,1,,gk cet4 cet6 ky gre,8610,7444,s:razors
reach,ri:tʃ,"n. the act of physically reaching or thrusting out\nv. reach a destination, either real or abstract\nv. reach a point in time, or a certain state or level\nv. move forward or upward in order to touch; also in a metaphorical sense","n. 伸出, 延伸, 区域, 范围, 流域, 岬\nvt. 到达, 达到, 伸出, 延伸, 影响\nvi. 达到, 延伸, 伸出手, 传到",,5,1,zk gk cet4 cet6 ky,404,422,p:reached/d:reached/i:reaching/3:reaches/s:reaches
react,ri'ækt,v. show a response or a reaction to something\nv. act against or in opposition to\nv. undergo a chemical reaction; react with another substance under certain conditions,"vi. 起反应, 起作用, 反攻\n[医] 应答, 发生反应",,3,1,gk cet4 cet6 ky toefl,2923,2666,p:reacted/i:reacting/d:reacted/3:reacts
read,ri:d,"n. something that is read\nv. interpret something that is written or printed\nv. have or contain a certain wording or form\nv. look at, interpret, and say out loud something that is written or printed","v. 读, 阅读, 理解\na. 有学问的\nn. 读取, 阅读\n[计] 读取",,5,1,zk gk,322,337,d:read/0:read/1:dp/i:reading/p:read/3:reads
reading,'ri:diŋ,n. the cognitive process of understanding a written linguistic message\nn. a particular interpretation or performance\nn. a datum about some physical state that is presented to a user by a meter or similar instrument\nn. written material intended to be read,"n. 阅读, 知识, 读物\na. 阅读的",,3,1,gk cet4 cet6 ky ielts,1701,1581,0:read/1:i/i:reading/s:readings
ready,'redi,n. poised for action\na. completely prepared or in condition for immediate action or use or progress\ns. (of especially money) immediately available\ns. mentally disposed,"n. 预备好的状态, 现款\na. 准备好的, 备用的, 可以使用的\nadv. 预先, 迅速\nvt. 使准备好",,4,1,zk gk toefl gre,976,758,s:readies/i:readying/r:readier/d:readied/p:readied/3:readies
real,'riәl,"n. the basic unit of money in Brazil; equal to 100 centavos\nn. an old small silver Spanish coin\na. being or occurring in fact or actuality; having verified existence; not illusory; not ghosts""\na. no less than what is stated; worthy of the name","a. 真的, 真实的, 实际的, 实在的, 不动(产)的, 实数的\nn. 实数, 现实\nadv. 真正地",,5,1,zk gk cet4 cet6 ky,425,305,
realise,"'riәlaiz,'ri:-",v earn on some commercial or business transaction; earn as salary or wages\nv convert into cash; of goods and property\nv expand or complete (a part in a piece of baroque music) by supplying the harmonies indicated in the figured bass\nv make real or concrete; give reality or substance to\nv be fully aware or cognizant of\nv perceive (an idea or situation) mentally,"vt. 实现, 认识到, 体会到, 了解, 认清, 使显得逼真, 变卖财产为现钱",,,,zk gk ky,1018,0,p:realised/d:realised/i:realising/3:realises
reality,ri'æliti,n. the state of being actual or real\nn. the state of the world as it really is rather than as you might want it to be\nn. the quality possessed by something that is real,"n. 实在, 事实, 实体, 逼真\n[法] 现实, 实在存在的事物, 实在性",,4,1,gk cet4 cet6 ky,1299,1032,s:realities
reason,'ri:zn,n. a rational motive for a belief or action\nn. an explanation of the cause of some phenomenon\nn. the capacity for rational thought or inference or discrimination\nn. a fact that logically justifies some premise or conclusion,"n. 理由, 原因, 理智, 道理, 前提, 理性\nvt. 说服, 推论, 辩论\nvi. 推论, 劝说, 思考",,5,1,zk gk toefl ielts,310,359,s:reasons/p:reasoned/i:reasoning/3:reasons/d:reasoned
reasonable,'ri:znәbl,a. showing reason or sound judgment\ns. marked by sound judgment,"a. 合理的, 明理的, 适当的\n[法] 合理的, 公道的, 正当的",,3,1,gk cet4 cet6 ky ielts,1549,2510,
rebuild,ri'bild,v. build again,"vt. 改建, 重建, 改造\nvi. 重建",,2,,gk toefl,4709,3790,d:rebuilt/i:rebuilding/p:rebuilt/3:rebuilds/s:rebuilds
receipt,ri'si:t,n. an acknowledgment (usually tangible) that payment has been made\nv. mark or stamp as paid,"n. 收据, 收入, 收到\nvt. 开...的收据",,2,1,gk ielts gre,3633,6517,s:receipts/i:receipting/p:receipted/3:receipts/d:receipted
receive,ri'si:v,v. get something; come into possession of\nv. receive a specified treatment (abstract)\nv. express willingness to have in one's home or environs\nv. accept as true or valid,"vt. 收到, 接到, 得到, 接待, 迎接, 承受\nvi. 收到, 会客\n[计] 接收",,5,1,zk gk,372,497,d:received/p:received/i:receiving/3:receives
receiver,ri'si:vә,n. set that receives radio or tv signals\nn. the tennis player who receives the serve\nn. a football player who catches (or is supposed to catch) a forward pass,"n. 接收器；接受者；收信机；收款员, 接待者",,2,,gk cet4 cet6 toefl,3543,3401,s:receivers
recent,'ri:snt,s. new,"a. 最近的, 近代的, 最新的\n[经] 最近的, 新进的",,5,1,zk gk cet4 cet6 ky toefl,630,567,
reception,ri'sepʃәn,n. the manner in which something is greeted\nn. a formal party of people; as after a wedding\nn. quality or fidelity of a received broadcast\nn. the act of receiving,"n. 接待, 接受, 招待会\n[医] 接受, 感受",,2,1,gk cet4 cet6 ky toefl ielts,2928,3944,s:receptions
receptionist,ri'sepʃәnist,n. a secretary whose main duty is to answer the telephone and receive visitors,n. 接待员,,1,,gk toefl ielts,8900,10281,s:receptionists
recipe,'resipi,n. directions for making something,"n. 食谱, 处方, 秘诀\n[医] 取(处方头语), 处方",,2,,gk cet6 ky toefl ielts gre,3661,2509,s:recipes
recite,ri'sait,"v. repeat aloud from memory\nv. render verbally, ""recite a poem""","v. 背诵, 朗读, 叙述",,1,,zk gk cet4 cet6 ky ielts,8563,6397,i:reciting/p:recited/d:recited/3:recites
recognise,'rekә^naiz,"v show approval or appreciation of\nv grant credentials to\nv detect with the senses\nv express greetings upon meeting someone\nv express obligation, thanks, or gratitude for\nv be fully aware or cognizant of\nv perceive to be the same\nv accept (someone) to be what is claimed or accept his power and authority","vt. 认识, 辩认, 认出, 承认, 认可, 清楚地认识到, 自认, 公认, 赏识, 准许某人发言",,,,gk,1077,0,d:recognised/p:recognised/i:recognising/3:recognises
recommend,.rekә'mend,v. push for something\nv. make attractive or acceptable,"vt. 推荐, 介绍, 劝告, 使受欢迎, 托付\n[经] 建议, 推荐",,4,1,gk cet4 cet6 ky toefl,1578,1688,d:recommended/p:recommended/3:recommends/i:recommending
record,ri'kɒ:d,n. anything (such as a document or a phonograph record or a photograph) providing permanent evidence of or information about past events\nn. the number of wins versus losses and ties a team has had\nn. the sum of recognized accomplishments\nn. a compilation of the known facts regarding something or someone,"n. 记录, 履历, 档案, 审判记录, 最高纪录, 唱片\nvt. 记录, 记载, 标明, 将...录音\nvi. 记录, 录音, 可被录音\na. 创纪录的\n[计] 录制, 记录",,5,1,zk gk cet4 cet6 ky ielts,507,516,s:records/d:recorded/p:recorded/i:recording/3:records
recorder,ri'kɒ:dә,n. equipment for making records\nn. a barrister or solicitor who serves as part-time judge in towns or boroughs,"n. 记录员, 录音机\nn. 记录器\n[计] 宏录制器, 记录器",,2,,zk gk cet4 cet6 ky ielts,4975,6015,s:recorders
recover,ri'kʌvә,v. get or find back; recover the use of\nv. regain a former condition after a financial loss\nv. regain or make up for\nv. cover anew,"vt. 重新获得, 恢复, 复原, 拯救\nvi. 痊愈, 复原, 胜诉\n[计] 恢复",,3,1,gk cet4 cet6 ky toefl ielts,1804,2131,d:recovered/i:recovering/p:recovered/3:recovers
recreation,.rekri'eiʃәn,n an activity that diverts or amuses or stimulates\nn activity that refreshes and recreates; activity that renews your health and spirits by enjoyment and relaxation,"n. 娱乐, 消遣, 休息, 再创造\n[医] 娱乐, 休养",,2,,gk cet4 cet6 ky toefl ielts,5707,5867,s:recreations
rectangle,'rektæŋgl,n. a parallelogram with four right angles,"n. 长方形, 矩形\n[化] 矩形",,1,,gk cet6 ky toefl ielts gre,10208,10058,s:rectangles
recycle,.ri:'saikl,v. cause to repeat a cycle\nv. use again after processing,"vt. 使再循环, 重新利用, 再制\nn. 再循环",,2,,gk cet6 ky toefl ielts,7344,5806,i:recycling/d:recycled/3:recycles/p:recycled
red,red,n. red color or pigment; the chromatic color resembling the hue of blood\nn. a tributary of the Mississippi River that flows eastward from Texas along the southern boundary of Oklahoma and through Louisiana\ns. of a color at the end of the color spectrum (next to orange); resembling the color of blood or cherries or tomatoes or rubies,"a. 红的, 红色的, 红肿的, 流血的\nn. 红色, 红颜料, 赤字\n[计] 简化, 减少",,5,1,zk gk,796,598,s:reds/r:redder
redirect,.ri:di'rekt,v. channel into a new direction,"vt. 重新寄送, 使改道, 使改方向\n[计] 重定向, 重新引导",,1,,gk toefl gre,14745,11425,d:redirected/p:redirected/i:redirecting/3:redirects
reduce,ri'dju:s,v. cut down on; make a reduction in\nv. make less complex\nv. bring to humbler or weaker state or condition\nv. simplify the form of a mathematical equation of expression by substituting one term for another,"vt. 减少, 分解, 降低, 使衰退, 把...分解, 把...归纳\nvi. 减少, 减肥, 缩小\n[计] 缩小",,4,1,gk cet4 cet6 ky toefl,567,701,d:reduced/i:reducing/3:reduces/p:reduced
refer,ri'fә:,"v. be relevant to\nv. think of, regard, or classify under a subsuming principle or with a general group or in relation to another\nv. send or direct for treatment, information, or a decision\nv. use a name to designate","vt. 提交, 归诸于, 把...提交, 使求助于\nvi. 提到, 涉及, 查阅, 查询, 咨询",,4,,gk cet4 cet6 ky toefl,728,1156,d:referred/3:refers/i:referring/p:referred
referee,.refә'ri:,n. (sports) the chief official (as in boxing or American football) who is expected to ensure fair play\nn. an attorney appointed by a court to investigate and report on a case\nv. be a referee or umpire in a sports competition\nv. evaluate professionally a colleague's work,"n. 仲裁人, 调解人, 裁判员\nv. 仲裁, 裁判",,2,,gk cet6 ky ielts gre,4635,8516,s:referees/d:refereed/i:refereeing/p:refereed/3:referees
reference,'refәrәns,n. the most direct or specific meaning of a word or expression; the class of objects that an expression refers to\nn. the act of referring or consulting\nn. a publication (or a passage from a publication) that is referred to\nn. the relation between a word or phrase and the object or idea it refers to,"n. 参考, 索引, 参照\nvt. 给...加上参考资料\nvt. 引用\nvi. 引用\n[计] 引用",,3,1,gk cet4 cet6 ky ielts,1016,1904,s:references/p:referenced/d:referenced/i:referencing/3:references
reflect,ri'flekt,v. manifest or bring back\nv. to throw or bend back (from a surface)\nv. be bright by reflecting or casting light\nv. show an image of,"vt. 反射, 反映, 招致, 深思\nvi. 被反射, 映出, 深思, 考虑, 指责",,4,1,gk cet4 cet6 ky gre,885,1004,3:reflects/d:reflected/i:reflecting/p:reflected
reform,ri'fɒ:m,n. a change for the better as a result of correcting abuses\nn. a campaign aimed to correct abuses or malpractices\nn. self-improvement in behavior or morals by abandoning some vice\nv. make changes for improvement in order to remove abuse and injustices,"n. 改革, 改正, 改造\nvt. 改革, 改过, 革新, 重整\nvi. 革新, 改过",,4,1,gk cet4 cet6 ky toefl ielts,1211,1112,s:reforms/d:reformed/i:reforming/p:reformed/3:reforms
refresh,ri'freʃ,v. make (to feel) fresh\nv. make fresh again,"vt. 使清新, 使恢复, 使生气蓬勃\nvi. 提起精神, 恢复精神, 吃点心, 喝饮料\nvt. 刷新, 重新整理\nvi. 刷新, 重新整理\n[计] 刷新, 重新整理",,1,,gk cet4 cet6 ky toefl gre,11300,12356,p:refreshed/d:refreshed/i:refreshing/3:refreshes/s:refreshes
refreshments,,n snacks and drinks served as a light meal\nn activity that refreshes and recreates; activity that renews your health and spirits by enjoyment and relaxation,n. 茶点；点心；小吃,,,,gk ielts,0,0,0:refreshment/1:s
refrigerator,ri'fridʒәreitә,n. white goods in which food can be stored at low temperatures,"n. 电冰箱, 冷藏库\n[计] 冷冻机; 致冷器",,1,1,gk cet4 cet6 toefl,9857,4133,s:refrigerators
refusal,ri'fju:zl,n. the act of refusing\nn. a message refusing to accept something that is offered,"n. 拒绝, 推却, 优先决定权\n[法] 拒绝, 谢绝, 取舍权",,2,1,gk cet4 cet6 ky ielts,3562,5933,s:refusals
refuse,ri'fju:z,v. show unwillingness towards\nv. refuse to accept,"vt. 拒绝, 谢绝\nvi. 拒绝\nn. 废物\na. 扔掉的, 无用的",,4,1,zk gk cet4 cet6 ky toefl,936,1247,p:refused/d:refused/i:refusing/3:refuses
regard,ri'gɑ:d,n. (usually plural) a polite expression of desire for someone's welfare\nn. a feeling of friendship and esteem\nv. look at attentively,"n. 关心, 注意, 尊敬, 关系, 问候\nvt. 视为, 注意, 考虑, 和...有关, 看待\nvi. 注视, 注意",,4,1,zk gk cet4 cet6 ky toefl,945,2084,d:regarded/3:regards/p:regarded/i:regarding
regardless,ri'gɑ:dlis,r. in spite of everything; without regard to drawbacks,"a. 不管, 不注意, 不顾",,2,,gk cet4 cet6 ky toefl ielts,4283,2899,
regards,,n (usually preceded by `in') a detail or point\nn paying particular notice (as to children or helpless people)\nn (usually plural) a polite expression of desire for someone's welfare\nn a long fixed look\nn the condition of being honored (esteemed or respected or well regarded)\nn a feeling of friendship and esteem\nn an attitude of admiration or esteem\nv deem to be\nv look at attentively\nv connect closely and often incriminatingly,"n. 问候, 致意",,,,gk,25706,20654,0:regard/1:3/s:regards
register,'redʒistә,n. an official written record of names or events or transactions\nn. (music) the timbre that is characteristic of a certain range and manner of production of the human voice or of different pipe organ stops or of different musical instruments\nn. a book in which names and transactions are listed\nn. (computer science) memory device that is the part of computer memory that has a specific address and that is used to hold information of a specific kind,"n. 寄存器, 记录, 登记簿, 注册\nvt. 记录, 注册, 提示, 表达, 把...挂号\nvi. 登记, 注册, 挂号\n[计] 寄存器",,3,1,gk cet4 cet6 ky toefl ielts,2430,3173,d:registered/s:registers/p:registered/i:registering/3:registers
regret,ri'gret,v. feel sad about the loss or absence of\nv. decline formally or politely\nv. express with regret,"n. 遗憾, 后悔, 悔恨, 抱歉, 歉意\nvt. 为...感到遗憾, 后悔, 惋惜, 懊悔, 抱歉\nvi. 感到抱歉",,3,1,zk gk cet4 cet6 ky,3773,4595,p:regretted/s:regrets/i:regretting/d:regretted/3:regrets
regular,'regjulә,n. a regular patron\nn. a soldier in the regular army\nn. a dependable follower (especially in party politics)\nn. a garment size for persons of average height and weight,"a. 规则的, 常例的, 有秩序的, 整齐的, 等边的, 定期的, 经常的, 合格的, 常备军的\nn. 正规军, 正式队员\nadv. 经常地\nn. 正常体\n[计] 正常体",,4,1,gk cet4 cet6 ky toefl ielts,1276,1370,s:regulars
regulation,.regju'leiʃәn,n. an authoritative rule\nn. the state of being controlled or governed\nn. (embryology) the ability of an early embryo to continue normal development after its structure has been somehow damaged or altered\nn. the act of bringing to uniformity; making regular,"n. 规则, 管理, 调整\n[计] 调整; 规章; 规则; 调节",,3,1,gk cet4 cet6 ky toefl ielts,1400,1675,s:regulations
reject,ri'dʒekt,v. refuse to accept or acknowledge\nv. reject with contempt\nv. refuse entrance or membership,"n. 被拒之人, 被弃之物, 不合格品, 次品\nvt. 拒绝, 抵制, 否决, 驳回, 丢弃, 呕出",,4,1,gk cet4 cet6 ky toefl,1485,2029,d:rejected/p:rejected/i:rejecting/3:rejects/s:rejects
relate,ri'leit,v. give an account of\nv. be in a relationship with\nv. have or establish a relationship to,"vt. 讲, 叙述, 使互相关联\nvi. 有关, 符合, 相处得好",,3,1,gk cet4 cet6 ky gre,747,1080,i:relating/d:related/3:relates/p:related
relation,ri'leiʃәn,n. an abstraction belonging to or characteristic of two entities or parts together\nn. an act of narration\nn. (usually plural) mutual dealings or connections among persons or groups,"n. 关系, 联系, 叙述, 故事, 家属, 亲戚\n[计] 关系",,4,1,zk gk cet4 cet6 ky,719,1118,s:relations
relationship,ri'leiʃәnʃip,"n. a relation between people; (`relationship' is often used where `relation' would serve, as in `the relationship between inflation and unemployment', but the preferred usage of `relationship' is for human relations or states of relatedness)\nn. a state of connectedness between people (especially an emotional connection)\nn. a state involving mutual dealings between people or parties or countries","n. 关系, 关联\n[医] 关系",,4,1,gk cet4 cet6 ky ielts,532,486,s:relationships
relative,'relәtiv,n. a person related by blood or marriage\nn. an animal or plant that bears a relationship to another (as related by common descent or by membership in the same genus)\na. estimated by comparison; not absolute or complete,"n. 亲戚, 关系词\na. 有关系的, 相对的, 比较的",,3,1,gk cet4 cet6 ky,2255,2428,s:relatives
relax,ri'læks,"v. become less tense, rest, or take one's ease\nv. make less taut\nv. cause to feel relaxed\nv. become less tense, less formal, or less restrained, and assume a friendlier manner","vi. 放松, 松懈, 松弛, 变从容, 休息, 休养\nvt. 使松弛, 缓和, 使松懈, 使休息",,3,1,zk gk cet4 cet6 ky toefl,2535,2861,p:relaxed/i:relaxing/d:relaxed/3:relaxes
relay,'ri:lei,n. the act of passing something along from one person or group to another\nn. a crew of workers who relieve another crew\nn. a fresh team to relieve weary draft animals\nn. a race between teams; each member runs or swims part of the distance,"n. 驿马, 替班, 中继, 接力\nvt. 分程传递, 转播, 使接替\nvi. 接力传送, 转播",,2,,gk cet6 ky toefl ielts,11282,8326,d:relayed/i:relaying/p:relayed/s:relays/3:relays
relevant,'relivәnt,a. having a bearing on or connection with the subject at issue,"a. 有关联的, 有关系的, 适当的, 相应的\n[法] 有关的, 相关的",,3,1,gk cet4 cet6 ky toefl ielts,1241,2814,
reliable,ri'laiәbl,a. worthy of reliance or trust,"a. 可靠的, 可信赖的\n[法] 可靠的, 可信赖的, 确实的",,3,,gk cet4 cet6 ky toefl ielts,3271,3504,
relief,ri'li:f,n. the feeling that comes when something burdensome is removed or reduced\nn. the condition of being comfortable or relieved (especially after being relieved of distress)\nn. (law) redress awarded by a court\nn. assistance in time of difficulty,"n. 减轻, 解除, 救济, 安慰, 调剂, 浮雕, 换班, (地势的)起伏\n[医] 缓减, 减轻, 浮雕(绘画中)",,4,1,gk cet4 cet6 ky toefl ielts,1391,1812,s:reliefs
religion,ri'lidʒәn,n. a strong belief in a supernatural power or powers that control human destiny\nn. an institution to express belief in a divine power,"n. 宗教, 信仰\n[法] 宗教, 宗教信仰, 信仰",,3,1,gk cet4 cet6 ky toefl ielts gre,1819,1383,s:religions
religious,ri'lidʒәs,n. a member of a religious order who is bound by vows of poverty and chastity and obedience\ns. concerned with sacred matters or religion or the church\na. having or showing belief in and reverence for a deity\na. of or relating to clergy bound by monastic vows,"a. 宗教性的, 虔诚的, 宗教上的, 严谨的\nn. 修道士, 出家人",,4,1,gk cet4 cet6 ky toefl,1444,884,
rely,ri'lai,v have confidence or faith in,"vi. 信赖, 依赖, 信任",,3,,gk cet4 cet6 ky toefl ielts,1734,1857,i:relying/3:relies/d:relied/p:relied
remain,ri'mein,"v. be left; of persons, questions, problems, results, evidence, etc.","vi. 保持, 逗留, 剩余\n[法] 停留, 居住, 继续",,5,1,zk gk cet4 cet6 ky,344,426,3:remains/p:remained/d:remained/i:remaining/s:remains
remark,ri'mɑ:k,n. a statement that expresses a personal opinion or belief or adds information\nn. explicit notice,"n. 评论, 注意\nvt. 评论, 注意\nvi. 评论, 谈论\n[计] 注释",,3,1,gk cet4 cet6 ky toefl ielts,2581,3389,s:remarks/p:remarked/d:remarked/3:remarks/i:remarking
remember,ri'membә,v. recall knowledge from memory; have a recollection\nv. keep in mind for attention or consideration\nv. recapture the past; indulge in memories\nv. show appreciation to,"vt. 记得, 回忆起, 记住, 铭记, 纪念\nvi. 记得",,5,1,zk gk,346,379,p:remembered/d:remembered/i:remembering/3:remembers
remind,ri'maind,v. put in the mind of someone,"vt. 提醒, 使想起",,3,1,gk cet4 cet6 ky toefl ielts,1700,1458,p:reminded/d:reminded/3:reminds/i:reminding
remote,ri'mәut,n a device that can be used to control a machine or apparatus from a distance\ns located far away spatially\ns very unlikely\ns separate or apart in time\ns inaccessible and sparsely populated; \na far apart in relevance or relationship or kinship,"a. 遥远的, 偏僻的, 疏远的, 微少的\n[计] 远程, 远程访问实用程序",,3,1,gk cet4 cet6 ky toefl,2684,2778,r:remoter/t:remotest
remove,ri'mu:v,"n. degree of figurative distance or separation; \nv. remove something concrete, as by lifting, pushing, or taking off, or remove something abstract\nv. remove from a position or an office\nv. shift the position or location of, as for business, legal, educational, or military purposes","vt. 移动, 调动, 除去, 迁移, 开除, 移交\nvi. 迁移, 移动, 搬家\nn. 班级, 升级, 移动, 搬家, 间距\n[计] 删除",,4,1,gk cet4 cet6 ky toefl gre,866,876,d:removed/i:removing/p:removed/3:removes
rent,rent,"n. a payment or series of payments made by the lessee to an owner for use of some property, facility, equipment, or service\nn. the act of rending or ripping or splitting something\nv. let for money\nv. hold under a lease or rental agreement; of goods and services","n. 租金, 房租, 出租物, 裂缝, 破裂处, 分裂\nvt. 租用, 租出\nvi. 出租\na. 分裂的, 破裂的\nrend的过去式和过去分词",,3,1,gk cet4 cet6 ky toefl ielts gre,2386,3433,s:rents/i:renting/d:rented/p:rented/3:rents/0:rent/1:d
repair,ri'pєә,"n. the act of putting something in working order again\nn. a formal way of referring to the condition of something\nv. restore by replacing a part or putting together what is torn or broken\nv. move, travel, or proceed toward some place","n. 修理, 补救, 修复\nvt. 修理, 修补, 补救, 恢复, 补偿\nvi. 修理, 修补, 补救, 恢复, 去, 常去, 集合",,3,1,zk gk cet4 cet6 ky toefl ielts,2940,3874,s:repairs/i:repairing/d:repaired/p:repaired/3:repairs
repairs,,"n the act of putting something in working order again\nn a formal way of referring to the condition of something\nn a frequently visited place\nv restore by replacing a part or putting together what is torn or broken\nv make amends for; pay compensation for\nv move, travel, or proceed toward some place\nv set straight or right\nv give new life or energy to",n. 备件；修理；修理费；修理工作（repair的复数形式）,,,,gk,0,0,0:repair/1:s3
repeat,ri'pi:t,"n. an event that repeats\nv. to say, state, or perform again\nv. to say again or imitate\nv. do over","n. 重复, 反复\nvt. 重做, 重复, 复述, 使再现, 复制\nvi. 重复\n[计] 重复",,4,1,zk gk cet4 cet6 ky toefl,1398,1602,p:repeated/d:repeated/i:repeating/3:repeats/s:repeats
replace,ri'pleis,v. substitute a person or thing for (another that is broken or inefficient or lost or no longer working or yielding what is expected)\nv. put something back where it belongs,"vt. 代替, 替换, 放回, 归还\n[计] 替换; DOS外部命令:取代或更新文件",,4,1,gk cet4 cet6 ky toefl,894,1182,d:replaced/i:replacing/p:replaced/3:replaces
reply,ri'plai,n. the speech act of continuing a conversational exchange,"n. 答复, 回答, 答辩\nvi. 答复, 回答, 回击, 反响, 答辩\nvt. 回答\n[计] 答复",,4,1,zk gk cet4 cet6 ky,1286,2219,p:replied/s:replies/3:replies/i:replying/d:replied
report,ri'pɒ:t,n. a written document describing the findings of some individual or group\nn. the act of informing by verbal report\nn. a short account of the news\nn. a sharp explosive sound (especially the sound of a gun firing),"n. 报告, 报道, 传说, 案情报告, 爆炸声, 成绩单\nvt. 报告, 汇报, 转述, 报道, 揭发, 使报到\nvi. 报告, 写报道, 报到\n[计] 报告",,5,1,zk gk ielts,276,450,d:reported/s:reports/p:reported/3:reports/i:reporting
reporter,ri'pɒ:tә,n. a person who investigates and reports or edits news stories,"n. 记者, 报告者\n[化] 指示器",,4,,gk cet4 cet6 ky,3671,1286,s:reporters
represent,.repri'zent,"v. take the place of or be parallel or equivalent to\nv. be representative or typical for\nv. be a delegate or spokesperson for; represent somebody's interest or be a proxy or substitute for, as of politicians and office holders representing their constituents, or of a tenant representing other tenants in a housing dispute\nv. serve as a means of expressing something","vt. 表现, 表示, 描绘, 讲述, 代表, 象征, 回忆, 再赠送, 再上演\nvi. 提出异议",,4,1,gk cet4 cet6 ky toefl ielts,645,687,d:represented/3:represents/i:representing/p:represented
representative,.repri'zentәtiv,n. a person who represents others\ns. serving to represent or typify\na. standing for something else\ns. being or characteristic of government by representation in which citizens exercise power through elected officers and representatives,"n. 代表, 众议员, 典型\na. 描写的, 表现的, 代理的, 代表的, 代议制的, 典型的",,4,1,gk cet4 cet6 ky toefl ielts,1470,1976,s:representatives
republic,ri'pʌblik,n. a form of government whose head of state is not a monarch,"n. 共和国, 共和政体, 团体, 界",,4,,gk cet4 cet6 ky toefl,1632,3709,s:republics
reputation,.repju'teiʃәn,n. notoriety for some particular characteristic\nn. the general estimation that the public has for a person,"n. 名誉, 名声, 声望\n[法] 名声, 名誉, 公认证据",,3,1,gk cet4 cet6 ky toefl ielts gre,2235,2411,s:reputations
request,ri'kwest,n. a formal message requesting something that is submitted to an authority\nn. the verbal act of requesting\nv. express the need or desire for; ask for\nv. ask (a person) to do something,"n. 请求, 需要, 申请书\nvt. 请求, 要求, 邀请\n[计] 请求",,4,1,gk cet4 cet6 ky toefl ielts gre,1821,2116,s:requests/d:requested/i:requesting/p:requested/3:requests
require,ri'kwaiә,"v require as useful, just, or proper\nv consider obligatory; request and expect\nv make someone do something\nv have need of","vt. 需要, 命令, 要求\n[法] 需要, 要求, 命令",,4,1,zk gk cet4 cet6 ky,321,446,d:required/3:requires/i:requiring/p:required
requirement,ri'kwaiәmәnt,n. required activity,"n. 需求, 必要条件, 要求\n[化] 要求; 合同要求",,3,1,gk cet4 cet6 ky toefl ielts,1078,1885,s:requirements
rescue,'reskju:,n. recovery or preservation from loss or danger\nv. free from harm or evil\nv. take forcibly from legal custody,"n. 援救, 解救, 营救\nvt. 援救, 救出, 营救",,3,1,gk cet4 cet6 ky toefl ielts gre,3918,3815,d:rescued/p:rescued/i:rescuing/3:rescues/s:rescues
research,ri'sә:tʃ,n. systematic investigation to establish facts\nv. attempt to find out in a systematically and scientific manner\nv. inquire into,"n. 研究, 调查, 考察\nvi. 研究, 调查",,5,1,zk gk cet4 cet6 ky ielts,357,362,i:researching/d:researched/s:researches/p:researched/3:researches
resemble,ri'zembl,v. appear like; be similar or bear a likeness to,"vt. 相似, 类似",,2,,gk cet4 cet6 ky toefl ielts,3822,3058,3:resembles/i:resembling/p:resembled/d:resembled
reservation,.rezә'veiʃәn,n. a district that is reserved for particular purpose\nn. a statement that limits or restricts some claim\nn. the written record or promise of an arrangement by which accommodations are secured in advance\nn. something reserved in advance (as a hotel accommodation or a seat on a plane etc.),"n. 保留, 预定, 保留品, 保留地\n[经] 预定, 预约, 权益保留",,2,1,gk cet4 cet6 ky ielts,4139,3046,s:reservations
reserve,ri'zә:v,"n. something kept back or saved for future use or a special purpose\nn. (medicine) potential capacity to respond in order to maintain vital functions\nn. the trait of being uncommunicative; not volunteering anything more than necessary\nv. hold back or set aside, especially for future use or contingency","n. 储备品, 贮量, 后备军, 自然保护区, 保留, 拘谨, 节制, 储备金\nvt. 保留, 保存, 预订, 延期, 推迟",,4,1,gk cet4 cet6 ky toefl ielts gre,2475,3740,s:reserves/d:reserved/p:reserved/3:reserves/i:reserving
resign,ri'zain,v. accept as inevitable,"vt. 辞职, 放弃, 使顺从\nvi. 辞职, 屈从",,3,,gk cet4 cet6 ky ielts,2549,3390,p:resigned/d:resigned/i:resigning/3:resigns
resist,ri'zist,v. stand up or offer resistance to somebody or something\nv. withstand the force of something\nv. resist immunologically the introduction of some foreign tissue or organ\nv. refuse to comply,"v. 抵抗, 耐得住, 抵制, 反抗\nn. 防染材料",,3,1,gk cet4 cet6 ky toefl,2415,2470,d:resisted/p:resisted/i:resisting/3:resists
respect,ri'spekt,n. (usually preceded by `in') a detail or point\nn. an attitude of admiration or esteem\nv. regard highly; think much of\nv. show respect towards,"n. 尊敬, 尊重, 问候\nvt. 尊敬, 注意, 遵守",,4,1,gk cet4 cet6 ky toefl,1476,1554,s:respects/d:respected/p:respected/3:respects/i:respecting
respond,ri'spɒnd,v. respond favorably or as hoped,"vt. 以...回答\nvi. 回答, 响应, 回报, 有反应, 承担责任",,4,1,gk cet4 cet6 ky toefl,1313,920,i:responding/p:responded/d:responded/3:responds
responsibility,ri.spɒnsә'biliti,n. a form of trustworthiness; the trait of being answerable to someone for something or being responsible for one's conduct,"n. 责任, 职责, 负担, 可靠性\n[化] 职责",,4,1,gk cet4 cet6 ky toefl ielts,830,1067,s:responsibilities
rest,rest,n. freedom from activity (work or strain or responsibility)\nn. a state of inaction\nn. euphemisms for death (based on an analogy between lying in a bed and in a tomb)\nn. a support on which things can be put,"n. 休息, 睡眠, 安息, 稍息, 静止, 支架, 休息处, 其余者, 剩余部分\nvi. 休息, 睡, 长眠, 安心, 静止, 停止, 安置, 依赖\nvt. 使休息, 使支撑, 把...寄托于",,4,1,zk gk,703,673,i:resting/p:rested/3:rests/s:rests/d:rested
restaurant,'restәrɒŋ,n. a building where people go to eat,"n. 餐馆, 饭店",,4,1,zk gk ielts,1816,1114,s:restaurants
restrict,ri'strikt,v. place restrictions on\nv. place under restrictions; limit access to\nv. place limits on (extent or access),"vt. 限制, 限定, 约束\n[医] 限制",,2,1,gk cet4 cet6 ky toefl,2207,3539,d:restricted/i:restricting/3:restricts/p:restricted
restriction,ri'strikʃәn,n. a principle that limits the extent of something\nn. the act of keeping something within specified bounds (by force if necessary),"n. 限制, 限定, 约束\n[计] 限定",,,1,gk cet4 cet6 toefl,2226,3127,s:restrictions
result,ri'zʌlt,"n. something that results\nv. issue or terminate (in a specified way, state, etc.); end\nv. come about or follow as a consequence","n. 结果, 成绩, 答案\nvi. 产生, 结果, 致使\n[计] 结果",,5,1,zk gk cet4 cet6 ky ielts,264,354,s:results/p:resulted/i:resulting/d:resulted/3:results
retell,ri:'tel,"v render verbally, ""recite a poem""\nv make into fiction\nv to say, state, or perform again","vt. 再讲, 重复, 重说",,,,zk gk cet4 cet6,34354,19549,i:retelling/3:retells/p:retold/d:retold
retire,ri'taiә,"v. go into retirement; stop performing one's work or withdraw from one's position\nv. withdraw from active participation\nv. withdraw from circulation or from the market, as of bills, shares, and bonds\nv. make (someone) retire","n. 隐居\nvi. 引退, 退役, 退休, 退去, 撤退, 退却\nvt. 使...撤退, 辞退",,3,1,gk cet4 cet6 ky toefl,2374,2301,p:retired/d:retired/i:retiring/3:retires
return,ri'tә:n,n. a coming to or returning home\nn. the occurrence of a change in direction back in the opposite direction\nn. the act of going back to a prior location\nn. the income or profit arising from such transactions as the sale of land or other property,"n. 回来, 返回, 来回票, 归还, 报答, 利润率, 报告书\na. 返回的, 回程的, 报答的, 反向的, 重现的, 复原的\nvi. 返回, 归还, 回来\nvt. 归还, 还, 回报, 产生, 反射, 报告, 申报, 退回\n[计] 返回",,5,1,zk gk ielts,428,472,p:returned/d:returned/i:returning/s:returns/3:returns
reuse,ri:'ju:z,v use again after processing,vt. 再使用\nn. 重新使用,,,,gk,22536,12946,d:reused/p:reused/i:reusing/3:reuses
review,ri'vju:,n. an essay or article that gives a critical evaluation (as of a book or play)\nn. (accounting) a service (less exhaustive than an audit) that provides some assurance to interested parties as to the reliability of financial data\nn. a periodical that publishes critical essays on current affairs or literature or art\nn. (law) a judicial reexamination of the proceedings of a court (especially by an appellate court),"n. 检讨, 复习, 回顾, 检阅, 评论\nvt. 温习, 检讨, 评论, 再检察, 复审\nvi. 复习功课, 写评论",,4,1,zk gk cet4 cet6 ky toefl ielts,1128,1384,d:reviewed/s:reviews/i:reviewing/p:reviewed/3:reviews
reviewer,ri'vju:ә(r),n. someone who reads manuscripts and judges their suitability for publication,"n. 评论者, 书评作者, 评论家, 剧评家, 报刊评论家",,,,gk,10297,8282,s:reviewers
revision,ri'viʒәn,n. the act of revising or altering (involving reconsideration and modification)\nn. the act of rewriting something,"n. 校订, 修正, 修订本, 修订版\n[计] 修订版",,,1,gk cet6 toefl ielts,4579,5994,s:revisions
revolution,.revә'lu:ʃәn,n. a drastic and far-reaching change in ways of thinking and behaving\nn. the overthrow of a government by those who are governed,"n. 革命, 大变革, 旋转, 转数, 循环\n[化] 回转",,3,1,gk cet4 cet6 ky toefl,1858,2753,s:revolutions
reward,ri'wɒ:d,n. payment made in return for a service rendered\nn. an act performed to strengthen approved behavior\nn. the offer of money for helping to find a criminal or for returning lost property\nv. act or give recompense in recognition of someone's behavior or actions,"n. 报酬, 酬谢, 赏金\nvt. 奖赏, 酬谢, 给...应有报应",,3,1,gk cet4 cet6 ky toefl ielts gre,2819,3392,s:rewards/d:rewarded/i:rewarding/p:rewarded/3:rewards
rewind,ri:'waind,,vt. 重绕\nn. 重绕\n[计] 反绕,,,,gk,26999,20177,i:rewinding/3:rewinds/s:rewinds
rewrite,ri:'rait,n. something that has been written again\nv. write differently; alter the writing of\nv. rewrite so as to make fit to suit a new or different purpose,"vt. 重写, 改写, 改写新闻, 书面答复\nvi. 修改旧作\nn. 改写的作品\n[计] 重写",,1,,gk,9748,7628,d:rewritten/3:rewrites/i:rewriting/p:rewrote
rhyme,raim,"n. correspondence in the sounds of two or more lines (especially final sounds)\nv. compose rhymes\nv. be similar in sound, especially with respect to the last syllable","n. 韵, 押韵, 韵文\nvi. 押韵\nvt. 使押韵, 用韵诗表达",,1,,gk gre,8663,10200,s:rhymes/3:rhymes/i:rhyming/p:rhymed/d:rhymed
rice,rais,n. grains used as food either unpolished or more often polished\nn. annual or perennial rhizomatous marsh grasses; seed used for food; straw used for paper\nn. English lyricist who frequently worked with Andrew Lloyd Webber (born in 1944)\nn. United States playwright (1892-1967),"n. 米, 米饭, 稻\nvt. 将...压成米粒状",,3,1,zk gk ielts,4143,2740,s:rices/i:ricing/p:riced/3:rices/d:riced
rich,ri:tʃ,a. possessing material wealth\na. having an abundant supply of desirable qualities or substances (especially natural resources)\ns. of great worth or quality\ns. very productive,"a. 富裕的, 富饶的, 浓厚的, 贵重的",,4,1,zk gk,1229,1075,r:richer/t:richest
rid,rid,v. relieve from,"vt. 免除, 以...清除, 使获自由, 使摆脱\n[法] 免除, 清除, 摆脱",,3,1,gk cet4 cet6 ky toefl,2872,3041,d:rid/0:rid/1:dp/i:ridding/p:rid/3:rids
riddle,'ridl,n. a difficult problem\nn. a coarse sieve (as for gravel)\nv. pierce with many holes\nv. set a difficult problem or riddle,"n. 谜, 谜语, 粗筛\nvt. 解谜, 给...出谜, 筛, 寻根究底地检验, 充满于\nvi. 出谜",,1,,zk gk cet4 cet6 ky toefl gre,13883,11712,d:riddled/s:riddles/p:riddled/i:riddling/3:riddles
ride,raid,"n. a mechanical device that you ride for amusement or excitement\nv. sit and travel on the back of animal, usually while controlling its motions\nv. be carried or travel on or in a vehicle\nv. continue undisturbed and without interference","n. 骑马, 乘坐, 乘车, 搭便车\nvt. 骑, 乘坐, 压迫, 控制\nvi. 骑马, 乘车, 漂游",,4,1,zk gk,1796,1283,i:riding/p:rode/d:ridden/s:rides/3:rides
ridiculous,ri'dikjulәs,s inspiring scornful pity\ns incongruous; inviting ridicule\ns broadly or extravagantly humorous; resembling farce,"a. 荒谬的, 可笑的",,2,1,gk cet4 cet6 ky toefl ielts,3632,4043,
right,rait,"n. an abstract idea of that which is due to a person or governmental body by law or tradition or nature; it is something that nobody can take away""\nn. location near or direction toward the right side; i.e. the side to the south when a person or object faces east\nn. those who support political or social or economic conservatism; those who believe that things are better left unchanged\nn. the hand that is on the right side of the body","n. 权利, 右边, 正义, 右派, 公正\na. 正确的, 对的, 恰当的, 正常的, 正直的, 正面的, 右方的\nadv. 正确地, 以有利结果, 一直, 直接, 向右\nvt. 扶直, 整理, 纠正, 伸冤, 使昭雪\nvi. 恢复平衡\n[计] 右, 权利",,3,1,zk gk,244,193,s:rights/i:righting/p:righted/3:rights/d:righted
rigid,'ridʒid,s. incapable of or resistant to bending\ns. incapable of compromise or flexibility\na. designating an airship or dirigible having a form maintained by a stiff unyielding frame or structure,"a. 坚硬的, 刚性的, 严格的, 精密的, 刻板的",,2,,gk cet4 cet6 ky toefl ielts gre,4475,5469,
ring,riŋ,n. a characteristic sound\nn. a toroidal shape\nn. the sound of a bell ringing\nn. a platform usually marked off by ropes in which contestants box or wrestle,"n. 环, 环形物, 拳击场, 戒指, 角逐, 小集团, 铃声, 钟声, 声调\nvt. 包围, 套住, 按铃, 敲钟\nvi. 成环形, 响, 鸣, 按铃, 敲钟, 回响",,3,1,zk gk toefl,1305,1678,p:rang/s:rings/i:ringing/d:rung/3:rings
ripe,raip,a. fully developed or matured and ready to be eaten or used\ns. fully prepared or eager\ns. at the highest point of development especially in judgment or knowledge,"a. 成熟的, 熟练的, 成年的\n[医] 成熟的",,2,,gk cet4 cet6 ky toefl,7544,6068,t:ripest/r:riper
ripen,'raipәn,v. cause to ripen or develop fully\nv. grow ripe,vt. 使成熟\nvi. 成熟,,1,,gk cet4 cet6 toefl gre,14908,14750,i:ripening/3:ripens/d:ripened/p:ripened
rise,raiz,n. a growth in strength or number or importance\nn. the act of changing location in an upward direction\nn. a movement upward\nn. an increase in cost,"n. 上升, 增加, 上涨, 高地, 升高, 出现\nvi. 升起, 起身, 起立, 上升, 上涨, 增长, 高耸, 起义, 浮现\nvt. 使飞起",,5,1,zk gk cet4 cet6 ky,644,727,p:rose/i:rising/d:risen/s:rises/3:rises
risk,risk,n. a venture undertaken without regard to possible loss or injury\nn. the probability of becoming infected given that exposure to an infectious agent has occurred\nn. the probability of being exposed to an infectious agent\nv. expose to a chance of loss or damage,"n. 冒险, 危险, 保险额\nvt. 冒...的危险, 冒险干",,4,1,zk gk cet4 cet6 ky toefl,781,650,s:risks/i:risking/p:risked/3:risks/d:risked
river,'rivә,n. a large natural stream of water (larger than a creek),"n. 河, 江\n[法] 河流, 江河, 内河",,4,1,zk gk,876,1327,s:rivers
road,rәud,n. an open way (generally public) for travel or transportation\nn. a way or means to achieve something,"n. 路, 道路, 公路, 途径, 方法\n[法] 公路, 道路, 行车道",,5,1,zk gk ielts,284,489,s:roads
roast,rәust,"n. a piece of meat roasted or for roasting and of a size for slicing into more than one portion\nv. cook with dry heat, usually in an oven\ns. (meat) cooked by dry heat in an oven","n. 烤肉, 烘烤, 嘲笑\na. 烘烤的, 烤过的\nvt. 烤, 炙, 烘焙, 嘲笑\nvi. 烤, 炙, 烘焙",,2,,gk cet4 cet6 ky toefl ielts,12050,7679,i:roasting/d:roasted/p:roasted/s:roasts/3:roasts/r:roaster
rob,rɒb,v. take something away by force or without the consent of the owner,"v. 抢夺, 抢掠, 剥夺",,2,1,gk cet4 cet6 ky,5202,5071,d:robbed/p:robbed/i:robbing/3:robs
robot,'rәubәt,n a mechanism that can move automatically,"n. 机械人, 自动机械, 机械般工作的人\n[计] 机器人; 自动机",,1,,zk gk cet4 cet6 ky,6669,4523,s:robots
rock,rɒk,n. a lump or mass of hard consolidated mineral matter\nn. material consisting of the aggregate of minerals like those making up the Earth's crust\nn. United States gynecologist and devout Catholic who conducted the first clinical trials of the oral contraceptive pill (1890-1984)\nn. (figurative) someone who is strong and stable and dependable,"n. 岩石, 岩礁, 石头, 基石, 暗礁, 摇动, 摇滚乐\nvt. 摇摆, 摇动, 使摇晃, 使动摇\nvi. 摇, 摇动",,4,1,zk gk cet4 cet6 ky ielts,1070,869,s:rocks/i:rocking/p:rocked/d:rocked/3:rocks
rocket,'rɒkit,"n. any vehicle self-propelled by a rocket engine\nn. a jet engine containing its own propellant and driven by reaction propulsion\nn. erect European annual often grown as a salad crop to be harvested when young and tender\nn. propels bright light high in the sky, or used to propel a lifesaving line or harpoon","n. 火箭, 烟火\nvi. 急升, 猛涨, 飞驰\nvt. 用火箭运载",,3,,gk cet4 cet6 ky,6074,4094,s:rockets/d:rocketed/p:rocketed/3:rockets/i:rocketing
role,rәul,n. normal or customary activity of a person in a particular social setting,"n. 角色, 职责, 任务\n[医] 作用, 功用",,5,1,zk gk cet4 cet6 ky toefl ielts,468,451,s:roles
roll,rәul,n. a list of names\nn. photographic film rolled up inside a container to protect it from light\nn. anything rolled up in cylindrical form\nn. walking with a swaying gait,"n. 卷, 滚动, 名单, 案卷, 压路机\nvi. 滚, 滚动, 飘流, 起伏, 卷, 绕\nvt. 使滚动, 卷, 绕",,4,1,gk cet4 cet6 ky toefl ielts,1856,1249,p:rolled/s:rolls/i:rolling/d:rolled/3:rolls
roller,'rәulә,n. a grounder that rolls along the infield\nn. a long heavy sea wave as it advances towards the shore\nn. a small wheel without spokes (as on a roller skate)\nn. a cylinder that revolves,"n. 滚筒, 滚轴, 压路机\n[化] 滚柱; 托辊",,2,,gk cet4 cet6,6996,6161,s:rollers/p:rollered/d:rollered/i:rollering
roof,ru:f,n. a protective covering that covers or forms the top of a building\nn. protective covering on top of a motor vehicle\nn. the inner top surface of a covered area or hollow space\nv. provide a building with a roof; cover a building with a roof,"n. 屋顶, 室顶\nvt. 给...盖屋顶, 遮蔽",,3,1,gk cet4 cet6 ky toefl,1879,2135,s:roofs/d:roofed/i:roofing/p:roofed/3:roofs
room,ru:m,n. an area within a building enclosed by walls and floor and ceiling\nn. space for movement\nn. opportunity for\nn. the people who are present in a room,"n. 房间, 空位, 场所\nvi. 住宿, 居住\nvt. 留宿",,5,1,zk gk ielts,240,227,s:rooms/i:rooming/p:roomed/3:rooms/d:roomed
rooster,'ru:stә,n adult male chicken,"n. 公鸡, 栖息的鸟\n[机] 炉篦",,,,gk cet6 toefl,35410,11564,s:roosters
root,ru:t,"n. (botany) the usually underground organ that lacks buds or leaves or nodes; absorbs water and mineral salts; usually it anchors the plant to the ground\nn. (linguistics) the form of a word after all affixes are removed\nn. a number that, when multiplied by itself some number of times, equals a given number\nn. the part of a tooth that is embedded in the jaw and serves as support","n. 根, 根本, 根源, 基础, 底部\nvt. 使扎根, 使固定, 根除, 肃清, 搜出, 用鼻拱\nvi. 生根, 固定, 源于, 用鼻拱土, 寻找, 捧场, 支持",,3,1,gk cet4 cet6 ky,1992,1734,s:roots/d:rooted/i:rooting/p:rooted/3:roots
rope,rәup,n. a strong line\nv. fasten with a rope,"n. 绳, 索, 粗绳, 绞索, 决窍\nvt. 捆, 缚, 绑, 圈起, 以绳将...系住\nvi. 拧成绳状",,2,1,zk gk cet4 cet6 ky toefl,3336,3309,s:ropes/d:roped/i:roping/p:roped/3:ropes
rose,rәuz,n. any of many shrubs of the genus Rosa that bear roses\nn. a dusty pink color\ns. of something having a dusty purplish pink color,"n. 玫瑰, 蔷薇, 玫瑰色\na. 玫瑰色的, 玫瑰花的\nvt. 使成玫瑰色\nrise的过去式",,1,,zk gk cet4 cet6 ky,2179,23633,0:rise/1:pd/s:roses
rot,rɒt,n a state of decay usually accompanied by an offensive odor\nn (biology) the process of decay caused by bacterial or fungal action\nn unacceptable behavior (especially ludicrously false statements)\nv break down\nv become physically weaker,"n. 腐烂, 腐蚀, 败坏\nvi. 腐烂, 烂, 堕落, 憔悴\nvt. 使腐烂, 使腐朽, 使堕落",,2,,gk cet4 cet6 ky toefl ielts,9578,9603,d:rotted/i:rotting/3:rots/p:rotted/s:rots
rough,rʌf,n. the part of a golf course bordering the fairway where the grass is not cut short\na. having or caused by an irregular surface\ns. (of persons or behavior) lacking refinement or finesse\na. of the margin of a leaf shape; having the edge cut or fringed or scalloped,"n. 粗糙的东西, 毛坯, 未加工品, 梗概, 草图, 暴徒, 艰难\na. 粗糙的, 粗暴的, 蓬乱的, 草率的, 大致的, 简陋的, 暴风雨的, 艰难的\nvt. 使粗糙, 使不平, 使蓬乱, 粗制, 草拟, 粗暴对待, 对...动粗\nvi. 变粗糙\nadv. 粗糙地, 粗暴地",,3,1,gk cet4 cet6 ky toefl ielts,2422,2627,r:rougher/t:roughest/d:roughed/s:roughs/i:roughing/p:roughed/3:roughs
round,raund,n. a charge of ammunition for a single shot\nn. (often plural) a series of professional calls (usually in a set order)\nn. the usual activities in your day\nn. the course along which communications spread,"n. 圆, 圆形物, 巡回, 循环, 一轮, 一回合, 一局, 范围, 轮唱\na. 圆的, 球形的, 丰满的, 肥胖的, 完全的, 大概的, 完美的, 圆润的\nprep. 围着, 附近, 绕过, 在...周围\nadv. 围绕着, 在周围, 迂回地, 挨个, 朝反方向\nvt. 弄圆, 使成圆形, 绕行, 完成, 围捕, 把...四舍五入\nvi. 变圆, 发胖, 环行, 拐弯, 进展",,2,1,zk gk,730,2372,s:rounds/p:rounded/d:rounded/i:rounding/3:rounds/r:rounder
roundabout,'raundә.baut,"n a road junction at which traffic streams circularly around a central island\nn a large, rotating machine with seats for children to ride or amusement\ns marked by obliqueness or indirection in speech or conduct\ns deviating from a straight course","a. 迂回的, 委婉的\nn. 迂回路线",,1,,gk cet6 ky gre,7908,21821,s:roundabouts
routine,ru:'ti:n,"n. an unvarying or habitual method or procedure\nn. a set sequence of steps, part of larger computer program","n. 常规, 日常工作, 惯例, 例行公事\na. 日常的, 常规的\n[计] 例程",,3,1,gk cet4 cet6 ky toefl ielts,2421,2585,s:routines
row,rәu. rau,"n. an arrangement of objects or people side by side in a line\nn. a long continuous strip (usually running horizontally)\nn. a linear array of numbers, letters, or symbols side by side\nn. a continuous chronological succession without an interruption","n. 排, 行, 街道, 划船, 吵闹\nvt. 使成排, 划, 划船, 参加(赛船), 痛骂\nvi. 划船, 划动, 争吵\n[计] 行",,2,1,zk gk cet4 cet6 ky toefl,1406,1843,s:rows/p:rowed/d:rowed/i:rowing/3:rows
royal,'rɒiәl,n. a sail set next above the topgallant on a royal mast\nn. stag with antlers of 12 or more branches\na. of or relating to or indicative of or issued or performed by a king or queen or other monarch\na. established or chartered or authorized by royalty,"n. 王室, 皇族\na. 王室的, 皇家的, 盛大的, 庄严的",,4,1,gk cet4 cet6 ky ielts,682,4306,s:royals
rubber,'rʌbә,n. an elastic material obtained from the latex sap of trees (especially trees of the genera Hevea and Ficus) that can be vulcanized and finished into a variety of products\nn. any of various synthetic elastic materials whose properties resemble natural rubber\ns. returned for lack of funds,"n. 橡皮, 橡胶, 做摩擦动作的人, 按摩师, 决胜盘\nvt. 用橡胶制造, 涂橡胶于",,2,1,zk gk cet4 cet6 ky ielts,5262,4791,s:rubbers/i:rubbering/p:rubbered/3:rubbers/d:rubbered
rubbish,'rʌbiʃ,n. worthless material that is to be disposed of\nv. attack strongly,"n. 废物, 垃圾, 胡说",,2,1,zk gk cet4 cet6 ky toefl ielts,3206,14955,p:rubbished/d:rubbished/i:rubbishing/3:rubbishes
rude,ru:d,s socially incorrect in behavior\ns (of persons) lacking in refinement or grace\na lacking civility or good manners\ns (used especially of commodities) being unprocessed or manufactured using only simple or minimal processes\ns belonging to an early stage of technical development; characterized by simplicity and (often) crudeness,"a. 粗鲁无礼的, 粗陋的, 粗暴的, 原始的, 未开化的, 大略的, 崎岖不平的, 狂暴的",,2,1,gk cet4 cet6 ky,5635,6718,r:ruder/t:rudest
rugby,'rʌ^bi,n. a form of football played with an oval ball,"n. 橄榄球, 橄榄球赛",,3,,gk,2794,15490,
ruin,ruin,n. an irrecoverable state of devastation and destruction\nn. a ruined building\nn. an event that results in destruction\nv. destroy or cause to fail,"n. 毁灭, 推翻, 废墟\nvi. 毁灭, 衰败, 破坏, 破产, 堕落\nvt. 使毁灭, 毁坏, 使破产",,3,1,gk cet4 cet6 ky toefl,5346,4197,s:ruins/3:ruins/i:ruining/p:ruined/d:ruined
rule,ru:l,n. a principle or condition that customarily governs behavior\nn. prescribed guide for conduct or action\nn. (linguistics) a rule describing (or prescribing) a linguistic practice\nn. the duration of a monarch's or government's power,"n. 规则, 统治, 控制, 支配, 规律, 标准, 章程, 破折号, 铅线\nvt. 规定, 统治, 管理, 控制, 支配, 裁决\nvi. 统治, 管辖, 裁定\n[计] 规则, 水线",,5,1,zk gk cet4 cet6 ky toefl ielts,539,633,s:rules/d:ruled/p:ruled/3:rules/i:ruling
ruler,'ru:lә,n. a person who rules or commands,"n. 统治者, 管理者, 尺, 直尺\nn. 划线板\n[计] 标尺",,2,1,zk gk cet4 cet6 ky,4145,5552,s:rulers
run,rʌn,n. a score in baseball made by a runner touching all four bases safely\nn. (American football) a play in which a player attempts to carry the ball through or past the opposing team\nn. a regular trip\nn. the act of running; traveling on foot at a fast pace,"n. 跑, 赛跑, 奔跑, 奔跑的路程, 趋向, 流出, 运转时间, 连续\nvi. 跑, 奔跑, 跑步, 赛跑, 竞赛, 行驶, 运转, 进行, 蔓延\nvt. 使跑, 参赛, 追究, 驾驶, 开动, 管理, 经营, 使流出, 运行\na. 熔化的, 融化的, 浇铸的\nrun的过去式和过去分词\n[计] 运行",,5,1,zk gk,208,202,p:ran/i:running/d:run/0:run/1:d/3:runs/s:runs
runner,'rʌnә,n. someone who travels on foot by running\nn. a person who is employed to deliver messages or documents\nn. a trained athlete who competes in foot races\nn. a long narrow carpet,"n. 跑步者, 赛跑者, 送信人, 走私船, 操作者, 滑槽\n[化] 碾碎机; 压碎机",,3,1,gk cet4 cet6,4368,4214,s:runners
running,'rʌniŋ,n. the state of being in operation\nn. the act of administering or being in charge of something\na. (of fluids) moving or issuing in a stream\ns. continually repeated over a period of time,"n. 赛跑, 流出, 运转\na. 流动的, 跑着的, 连续的",,4,1,gk,3269,3252,0:run/1:i/i:running/s:runnings
rush,rʌʃ,n. a sudden forceful flow\nn. grasslike plants growing in wet places and having cylindrical often hollow stems\nn. physician and American Revolutionary leader; signer of the Declaration of Independence (1745-1813)\nn. a sudden burst of activity,"n. 匆促, 冲进, 急流, 灯心草\nvi. 冲, 奔, 闯, 赶紧, 匆促行事, 涌现\nvt. 使冲, 匆忙地做, 突袭, 飞跃, 用灯心草做\na. 紧急的",,3,1,zk gk cet4 cet6 ky toefl,2531,1956,i:rushing/p:rushed/d:rushed/s:rushes/3:rushes
Russia,'rʌʃә,n. a former empire in eastern Europe and northern Asia created in the 14th century with Moscow as the capital; powerful in the 17th and 18th centuries under Peter the Great and Catherine the Great when Saint Petersburg was the capital; overthrown by revolution in 1917\nn. a federation in northeastern Europe and northern Asia; formerly Soviet Russia; since 1991 an independent state,"n. 俄国, 俄罗斯\n[法] 俄罗斯, 苏联",,,,zk gk ielts,2103,0,
Russian,'rʌʃәn,n. a native or inhabitant of Russia\nn. the Slavic language that is the official language of Russia\na. of or pertaining to or characteristic of Russia or its people or culture or language,"n. 俄国人, 俄语\na. 俄国的, 俄语的",,,,zk gk,1791,1562,s:russians
sacred,'seikrid,a. concerned with religion or religious purposes\ns. worthy of respect or dedication\ns. (often followed by `to') devoted exclusively to a single use or purpose or person,"a. 神圣的, 献给上帝的, 庄严的, 祭祀的\n[法] 神圣的, 不可侵犯的",,2,,gk cet4 cet6 ky toefl ielts gre,4692,3338,
sacrifice,'sækrifais,"n. personnel that are sacrificed (e.g., surrendered or lost in order to gain an objective)\nn. a loss entailed by giving up or selling something at less than its value\nn. the act of killing (an animal or person) in order to propitiate a deity\nn. (baseball) an out that advances the base runners","n. 牺牲, 供奉, 祭品\nvt. 牺牲, 祭祀, 贱卖\nvi. 献祭",,3,,gk cet4 cet6 ky ielts gre,5282,4068,s:sacrifices/d:sacrificed/i:sacrificing/p:sacrificed/3:sacrifices
sad,sæd,a. experiencing or showing sorrow or unhappiness\ns. of things that make you feel sad,"a. 忧愁的, 悲哀的",,4,1,zk gk,2373,2145,t:saddest/r:sadder
sadness,'sædnis,n. emotions experienced when not in a state of well-being\nn. the state of being sad,"n. 悲哀, 悲伤",,,1,gk cet4 cet6,6372,5506,s:sadnesses
safe,seif,n. strongbox where valuables can be safely kept\nn. a ventilated or refrigerated cupboard for securing provisions from pests\na. free from danger or the risk of harm\ns. (of an undertaking) secure from risk,"n. 保险箱, 冷藏室\na. 安全的, 可靠的, 平安的, 稳健的, 有把握的",,4,1,zk gk cet4 cet6 ky ielts gre,1244,1058,r:safer/t:safest/s:safes
safety,'seifti,n. the state of being certain that adverse effects will not be caused by some agent under defined conditions\nn. a safe place\nn. a score in American football; a player is tackled behind his own goal line,"n. 安全, 保险, 平安, 保安设备\nvt. 保护, 防护",,4,1,zk gk cet4 cet6 ky ielts,1165,1132,
sail,seil,n. a large piece of fabric (usually canvas fabric) by means of which wind is used to propel a sailing vessel\nn. any structure that resembles a sail\nv. traverse or travel on (a body of water)\nv. travel on water propelled by wind,"n. 帆, 篷, 帆船, 航程, 帆状物\nvi. 航行, 启航, 张帆而行\nvt. 航行于, 驾船",,3,1,zk gk cet4 cet6 ky toefl,2876,4124,i:sailing/p:sailed/s:sails/d:sailed/3:sails
sailing,'seiliŋ,n. riding in a sailboat\nn. the departure of a vessel from a port,"n. 航行, 航海术, 启航\na. 航行的",,2,1,gk ielts,5717,10027,0:sail/1:i/i:sailing/s:sailings
sailor,'seilә,n. any member of a ship's crew,"n. 水手, 船员, 海员\n[法] 水手, 船员, 海员",,2,1,gk cet4 cet6 ky,5054,5030,s:sailors
salad,'sælәd,n. food mixtures either arranged on a plate or tossed and served with a moist dressing; usually consisting of or including greens,n. 色拉,,2,1,zk gk cet4 cet6 ky ielts,4643,2773,s:salads
salary,'sælәri,n something that remunerates,n. 薪水\nvt. 给...加薪,,3,1,gk cet4 cet6 ky ielts,2751,2455,s:salaries
sale,seil,n. a particular instance of selling\nn. the general activity of selling\nn. an occasion (usually brief) for buying at specially reduced prices\nn. the state of being purchasable; offered or exhibited for selling,"n. 出售, 卖, 拍卖, 销售额, 廉价出售\n[经] 卖, 出售; 销售(货)",,5,1,zk gk cet4 cet6 ky toefl ielts,1143,2234,
salesgirl,'seilzgә:l,n. a woman salesperson,n. 女店员,,,,gk,0,29991,s:salesgirls
salesman,'seilzmәn,n. a man salesperson,"n. 售货员, 推销员\n[经] 售货员, 店员, 推销员",,2,,gk cet4 cet6 ky,6889,5573,s:salesmen
saleswoman,'seilzwumәn,n a woman salesperson,"n. 女售货员, 女店员",,,,gk,41106,20767,s:saleswomen
salt,sɒ:lt,n. a compound formed by replacing hydrogen in an acid by a metal (or a radical that acts like a metal)\nn. white crystalline form of especially sodium chloride used to season and preserve food\nn. the taste experience when common salt is taken into the mouth\nv. add salt to,"n. 盐, 风趣, 刺激\na. 含盐的, 咸的, 风趣的, 辛辣的\nvt. 加盐于, 用盐腌",,3,1,zk gk cet4 cet6 ky,2536,1571,s:salts/d:salted/i:salting/p:salted/3:salts
salty,'sɒ:lti,a. containing or filled with salt\ns. one of the four basic taste sensations; like the taste of sea water,"a. 有盐分的, 咸味浓的, 海洋的, 辛辣的, 有经验的",,1,1,gk,15246,9377,r:saltier
salute,sә'lu:t,n. an act of honor or courteous recognition\nn. a formal military gesture of respect\nn. an act of greeting with friendly words and gestures like bowing or lifting the hat\nv. greet in a friendly way,"vi. 行礼, 致意, 问候, 放礼炮\nvt. 向...致意, 迎接, 赞扬\nn. 招呼, 敬礼, 礼炮",,2,,gk cet4 cet6 ky ielts gre,11386,8974,p:saluted/3:salutes/i:saluting/d:saluted/s:salutes
same,seim,a. same in identity\na. closely similar or comparable in kind or quality or quantity or degree\ns. unchanged in character or nature,"a. 相同的, 同样的\npron. 相同的人(或事物)\nadv. 同样地",,5,1,zk gk,137,161,
sand,sænd,n. a loose material consisting of grains of rock or coral\nn. French writer known for works concerning women's rights and independence (1804-1876),"n. 沙, 沙子, 沙滩, 光阴, 生涯\nvt. 撒沙, 以沙掩盖",,3,1,zk gk cet4 cet6 ky,2470,2205,s:sands/i:sanding/d:sanded/p:sanded/3:sands
sandwich,'sændwitʃ,n. two (or more) slices of bread with a filling between them\nv. make into a sandwich\nv. insert or squeeze tightly between two people or objects,"n. 三明治, 夹心面包, 夹层板\nvt. 插入, 夹入, 把...制成三明治",,2,,zk gk cet4 cet6 ky ielts,3670,3529,s:sandwiches/d:sandwiched/i:sandwiching/p:sandwiched/3:sandwiches
satellite,'sætlait,n. man-made equipment that orbits around the earth or the moon\nn. a person who follows or serves another\nn. any celestial body orbiting around a planet or star\nv. broadcast or disseminate via satellite,"n. 人造卫星\n[医] 伴行静脉, 陪静脉, 陪病部, 随体, 卫星",,3,,gk cet4 cet6 ky toefl ielts,3325,2632,s:satellites
satisfaction,.sætis'fækʃәn,"n. the contentment one feels when one has fulfilled a desire, need, or expectation\nn. (law) the payment of a debt or fulfillment of an obligation\nn. act of fulfilling a desire or need or appetite","n. 满足, 满意, 快事, 赔偿, 赎罪, 报仇的机会\n[经] 偿还, 赎回",,2,1,gk cet4 cet6 ky toefl ielts,2683,2779,s:satisfactions
satisfy,'sætisfai,v. meet the requirements or expectations of\nv. make happy or satisfied,"vt. 使满意, 满足, 符合, 使确信, 赔偿\nvi. 令人满意, 替人赎罪",,2,1,zk gk cet4 cet6 ky toefl,2775,3001,3:satisfies/d:satisfied/i:satisfying/p:satisfied
Saturday,'sætәdi,n. the seventh and last day of the week; observed as the Sabbath by Jews and some Christians,n. 星期六,,4,1,zk gk ielts,1159,0,s:saturdays
sauce,sɒ:s,"n. flavorful relish or dressing or topping served as an accompaniment to food\nv. behave saucily or impudently towards\nv. dress (food) with a relish\nv. add zest or flavor to, make more interesting","n. 酱油, 调味汁, 酱\nvt. 给...调味, 使增加趣味",,3,1,gk cet4 cet6 ky ielts,4226,2289,s:sauces/d:sauced/i:saucing/p:sauced/3:sauces
saucer,'sɒ:sә,n. a small shallow dish for holding a cup at the table,"n. 茶碟, 茶托\n[医] 碟",,1,,gk cet4 cet6 ky toefl,9123,10769,s:saucers
sausage,'sɒsidʒ,n. highly seasoned minced meat stuffed in casings,"n. 香肠, 腊肠",,2,,zk gk cet4 cet6 ky,5664,6199,s:sausages
savage,'sævidʒ,n. a member of an uncivilized people\nv. attack brutally and fiercely\nv. criticize harshly or violently,"a. 未开化的, 野蛮的, 无礼的, 残酷的, 原始的, 粗鲁的, 未开发的\nvt. 用暴力对付, 凶猛攻击\nn. 原始人, 粗鲁人",,2,,gk cet6 ky ielts gre,7623,10011,s:savages/d:savaged/p:savaged/i:savaging/3:savages
save,seiv,n. (sports) the act of preventing the opposition from scoring\nv. to keep up and reserve for personal or special use\nv. bring into safety\nv. spend less; buy at a reduced price,"n. 救球\nvt. 解救, 挽救, 储蓄, 保存, 节省, 保留\nvi. 挽救, 节省, 救球\nprep. 除...之外\n[计] 保存",,5,1,zk gk cet4 cet6 ky toefl,848,735,d:saved/p:saved/i:saving/3:saves/s:saves
say,sei,n. the chance to speak\nv. communicate or express nonverbally\nv. utter aloud\nv. state as one's opinion or judgement; declare,"vt. 说, 讲, 念, 说明, 指明\nvi. 说, 讲\nn. 意见, 发言权",,5,1,zk gk ielts,32,19,p:said/3:says/d:said/i:saying
saying,'seiiŋ,n. a word or phrase that particular people use in particular situations,"n. 叙述, 话, 说, 言论",,1,,gk,7543,5887,0:say/1:i/i:saying/s:sayings
scan,skæn,n. the act of scanning; systematic examination of a prescribed region\nn. an image produced by scanning\nv. examine minutely or intensely\nv. examine hastily,"n. 审视, 浏览, 扫描, 细查\nvt. 细看, 浏览, 扫描, 详细调查, 标出格律\nvi. 押韵, 扫描\n[计] 网络软件目录, 编码与分析系统",,2,,gk cet4 cet6 ky toefl ielts gre,5003,4031,i:scanning/p:scanned/d:scanned/s:scans/3:scans
scar,skɑ:,n. a mark left (usually on the skin) by the healing of injured tissue\nv. mark with a scar,"n. 疤痕, 伤痕, 悬崖\nvi. 结疤, 愈合, 痊愈\nvt. 使有伤痕",,2,,gk cet4 cet6 ky toefl ielts gre,7022,5026,s:scars/d:scarred/i:scarring/3:scars/p:scarred
scare,skєә,n. a sudden attack of fear,"n. 惊吓, 恐慌\nvt. 惊吓, 使恐慌\nvi. 受惊",,2,1,gk cet4 cet6 ky toefl gre,7593,3807,p:scared/d:scared/3:scares/i:scaring/s:scares
scarf,skɑ:f,n. a garment worn around the head or neck or shoulders for warmth or decoration\nv. masturbate while strangling oneself\nv. unite by a scarf joint\nv. wrap in or adorn with a scarf,"n. 围巾, 头巾, 领带, 领巾, 嵌接\nvt. 用围巾围, 嵌接",,1,,zk gk cet4 cet6 ky gre,6554,6140,s:scarves/d:scarfed/p:scarfed/i:scarfing/3:scarfs
scene,si:n,n. the place where some action occurs\nn. an incident (real or imaginary)\nn. a consecutive series of pictures that constitutes a unit of action in a film\nn. a subdivision of an act of a play,"n. 场, 情景, 镜头, 发生地点, 道具, 布景, 景色\n[化] 现场",,4,1,gk cet4 cet6 ky toefl,1112,738,s:scenes
scenery,'si:nәri,n. the painted structures of a stage set that are intended to suggest a particular locale\nn. the appearance of a place,"n. 风景, 景色, 舞台布景",,1,,gk cet4 cet6 ky toefl ielts,6478,8152,s:sceneries
sceptical,'skeptikl,s marked by or given to doubt\ns denying or questioning the tenets of especially a religion,"a. 怀疑论的, 怀疑的",,2,,gk cet6 ky ielts gre,6418,37694,
schedule,'skedʒuәl,n. an ordered list of times at which things are planned to occur\nv. plan for an activity or event\nv. make a schedule; plan the time and place for events,"n. 时间表, 一览表, 计划表, 议事日程\nvt. 预定, 编制目录, 制...表, 安排",,4,1,gk cet4 cet6 ky toefl ielts,2702,2144,d:scheduled/s:schedules/i:scheduling/p:scheduled/3:schedules
scholar,'skɒlә,n. a learned person (especially in the humanities); someone who by long study has gained mastery in one or more disciplines\nn. a student who holds a scholarship,"n. 学者, 奖学金获得者, 有文化者, 学习者",,2,,gk cet4 cet6 ky toefl,3858,2101,s:scholars
scholarship,'skɒlәʃip,n. financial aid provided to a student on the basis of academic merit,"n. 学问, 学术成就, 奖学金",,2,,gk cet4 cet6 ky toefl ielts,5365,3044,s:scholarships
school,sku:l,n. an educational institution\nn. a building where young people receive education\nn. the process of being formally educated at a school\nn. a body of creative artists or writers or thinkers linked by a similar style or by similar teachers,"n. 学校, 鱼群, 门派, 学派\nvt. 教育, 训练, 培养\nvi. 成群地游",,5,1,zk gk ielts gre,165,125,s:schools/i:schooling/d:schooled/p:schooled/3:schools
schoolbag,'sku:lbæ^,n. a bag for carrying school books and supplies,n. 书包,,,,zk gk,0,0,3:schoolbags/s:schoolbags
schoolmate,'sku:lmeit,n. an acquaintance that you go to school with,"n. 同窗, 同学",,,,gk,33562,19024,s:schoolmates
science,'saiәns,n. a particular branch of scientific knowledge,"n. 科学, 学科, 学问, 自然科学\n[医] 科学",,4,1,zk gk ielts,794,889,s:sciences
scientific,.saiәn'tifik,a. of or relating to the practice of science\na. conforming with the principles or methods used in science,"a. 科学的, 系统的, 符合科学规律的\n[计] 科学记数法",,3,1,gk cet4 cet6 ky ielts,1601,1605,
scientist,'saiәntist,n. a person with advanced knowledge of one or more sciences,n. 科学家\n[医] 科学家,,4,1,zk gk cet4 cet6 ky,1684,1057,s:scientists
scissors,'sizәz,n. an edge tool having two crossed pivoting blades\nn. a wrestling hold in which you wrap your legs around the opponents body or head and put your feet together and squeeze\nn. a gymnastic exercise performed on the pommel horse when the gymnast moves his legs as the blades of scissors move,pl. 剪刀\n[医] 剪,,1,1,gk cet4 cet6 ky toefl ielts,8705,8906,s:scissors/0:scissors/1:s
scold,skәuld,n. someone (especially a woman) who annoys people by constantly finding fault,"n. 好骂街的人, 责骂\nv. 责骂",,1,,gk cet4 cet6 ky ielts,15769,10246,p:scolded/i:scolding/d:scolded/3:scolds/s:scolds
score,skɒ:,n. a written form of a musical composition; parts for different instruments appear on separate staves on large pages\nn. a number that expresses the accomplishment of a team or an individual in a game or contest\nn. a set of twenty members\nn. grounds,"n. 得分, 抓痕, 二十个, 刻痕, 帐目, 乐谱, 起跑线, 终点线, 大量\nvt. 刻划, 划线, 获得, 评价, 把...记下\nvi. 刻痕, 记分, 得分\n[计] 得分",,4,1,zk gk cet4 cet6 ky toefl ielts gre,1818,1070,p:scored/s:scores/d:scored/i:scoring/3:scores
scores,skɔ:z,"n a large number or amount\nn a number or letter indicating quality (especially of a student's performance)\nn a written form of a musical composition; parts for different instruments appear on separate staves on large pages\nn a number that expresses the accomplishment of a team or an individual in a game or contest\nn a set of twenty members\nn grounds\nn the facts about an actual situation\nn an amount due (as at a restaurant or bar)\nn a slight surface cut (especially a notch that is made to keep a tally)\nn a resentment strong enough to justify retaliation\nn the act of scoring in a game or sport\nn a seduction culminating in sexual intercourse\nv gain points in a game\nv make small marks into the surface of\nv make underscoring marks\nv write a musical score for\nv induce to have sex\nv get a certain number or letter indicating quality or performance\nv assign a grade or rank to, according to one's evaluation","n. 大量, 众多; 二十( score的名词复数 ); （游戏或比赛中的）得分; 大量; 百分数",,,,gk,0,0,0:score/1:s3
Scotland,'skɒtlәnd,n. one of the four countries that make up the United Kingdom of Great Britain and Northern Ireland; located on the northern part of the island of Great Britain; famous for bagpipes and plaids and kilts,n. 苏格兰,,,,gk ielts,767,0,
Scottish,'skɒtiʃ,n. the dialect of English used in Scotland,"a. 苏格兰的, 苏格兰人的",,,,gk,1020,7798,s:scottish/0:scottish/1:s
scratch,skrætʃ,n. a competitor who has withdrawn from competition\nn. (golf) a handicap of zero strokes\nn. an indication of damage\nv. cut the surface of; wear away the surface of,"n. 抓痕, 搔, 抓, 擦伤, 刮擦声, 乱写, 零分, 起跑线\nvt. 搔, 抓, 挖出, 擦, 刮, 乱涂, 勾抹掉\nvi. 搔, 抓, 发刮擦声, 勉强糊口\na. 碰巧的, 凑合的, 打草稿用的\n[计] 擦除",,2,1,gk cet4 cet6 ky toefl ielts,5023,4644,i:scratching/p:scratched/s:scratches/d:scratched/3:scratches
scream,skri:m,"n. sharp piercing cry\nv. make a loud, piercing sound","n. 尖叫声\nvi. 尖叫, 大笑, 尖啸, 令人震惊\nvt. 尖叫着说, 大叫大嚷着要求",,3,1,gk cet4 cet6 ky,2779,2118,i:screaming/p:screamed/s:screams/d:screamed/3:screams
screen,skri:n,n. a white or silvered surface where pictures can be projected for viewing\nn. the display that is electronically created on the surface of the large end of a cathode-ray tube\nn. a covering that serves to conceal or shelter something\nn. a protective covering consisting of netting; can be mounted in a frame,"n. 幕, 银幕, 屏风, 掩蔽物, 屏蔽, 筛子\nvt. 掩蔽, 放映, 拍摄, 掩护, 筛, 甄别\nvi. 拍电影\n[计] 筛选; 屏幕",,4,1,zk gk cet4 cet6 ky toefl,1648,1252,s:screens/d:screened/i:screening/p:screened/3:screens
sculpture,'skʌlptʃә,n. a three-dimensional work of plastic art\nn. creating figures or designs in three dimensions,"n. 雕刻, 雕塑\nvt. 雕刻, 雕塑\nvi. 当雕刻师",,2,,gk cet6 ky toefl ielts,3734,3427,s:sculptures/d:sculptured/i:sculpturing/p:sculptured/3:sculptures
sea,si:,n. a division of an ocean or a large body of salt water partially enclosed by land\nn. turbulent water with swells of considerable size,"n. 海, 海洋, 海浪, 大量\n[法] 海, 海洋",,4,1,zk gk,721,989,s:seas
seagull,'si:^ʌl,n mostly white aquatic bird having long pointed wings and short legs,n. 鸥,,1,,gk,15932,18503,s:seagulls/3:seagulls
seal,si:l,n. a device incised to make an impression; used to secure a closing or to authenticate documents\nn. the pelt or fur (especially the underfur) of a seal\nn. a stamp affixed to a document (as to attest to its authenticity or to seal it)\nn. a finishing coat applied to exclude moisture,"n. 印章, 封条, 海豹, 海豹皮, 火漆, 封蜡, 玺, 保证, 批准, 象征, 标志\nvt. 封闭, 盖印, 盖章\nvi. 猎海豹",,1,1,gk cet4 cet6 ky toefl ielts,4259,4021,s:seals/d:sealed/p:sealed/i:sealing/3:seals
seaman,'si:mәn,n. muckraking United States journalist who exposed bad conditions in mental institutions (1867-1922),"n. 船员, 海员, 水兵\n[法] 海员, 水手, 精通海事者",,1,,gk cet4 cet6,7264,17406,s:seamen
search,sә:tʃ,n. the activity of looking thoroughly in order to find something or someone\nn. an investigation seeking answers\nn. an operation that determines whether one or more of a set of items has a specified property\nn. the examination of alternative hypotheses,"n. 搜寻, 查究\nv. 搜寻, 搜查, 探求, 调查, 搜索\n[计] 搜索, 路径检索程序",,4,1,zk gk cet4 cet6 ky toefl,1690,1500,i:searching/p:searched/s:searches/d:searched/3:searches
seashell,'si:ʃel,n. the shell of a marine organism,n. 海贝壳,,,,gk,42970,19554,s:seashells
seaside,'si:said,n. the shore of a sea or ocean regarded as a resort,"a. 海边的, 海滨的\nn. 海滨",,1,,gk cet6 ky,7563,12240,s:seasides
season,'si:zn,n. a period of the year marked by special events or activities in some field\nn. one of the natural periods into which the year is divided by the equinoxes and solstices or atmospheric conditions\nn. a recurrent time marked by major holidays\nv. lend flavor to,"n. 季节, 时节, 当令期, 时期\nvt. 给...调味, 使成熟, 使老练, 缓和\nvi. 变干燥",,5,1,zk gk toefl ielts,833,506,s:seasons/i:seasoning/p:seasoned/3:seasons/d:seasoned
seat,si:t,n. a space reserved for sitting (as in a theater or on a train or airplane)\nn. furniture that is designed for sitting on\nn. any support where you can sit (especially the part of a chair or bench etc. on which you sit)\nn. a center of authority (as a city from which authority is exercised),"n. 座, 座位, 位子, 席位, 所在地\nvt. 使坐下, 使就座, 为...设座于, 使就职\nvi. 安装在底座上",,4,1,zk gk ielts,912,894,s:seats/d:seated/p:seated/i:seating/3:seats
seaweed,'si:wi:d,"n. plant growing in the sea, especially marine algae","n. 海草, 海藻\n[医] 海藻",,1,,gk toefl,14677,13198,s:seaweeds
second,'sekәnd,n. 1/60 of a minute; the basic unit of time adopted under the Systeme International d'Unites\nn. following the first in an ordering or series\nn. a 60th part of a minute of arc\nn. the official attendant of a contestant in a duel or boxing match,"n. 秒, 瞬间, 第二名, 支持者, 助手\na. 第二的, 其次的, 次要的, 附加的, 辅助的\nnum. 第二\nvt. 当...助手, 支持",,5,1,zk gk ielts,242,381,s:seconds/d:seconded/p:seconded/i:seconding/3:seconds
secondhand,'sekәnd'hænd,s. derived from what is primary or original; not firsthand\ns. previously used or owned by another\nr. by indirect means,"a. 间接获得的, 旧的, 二手的, 做旧货买卖的\nadv. 间接地, 间接听来, 以旧货",,,,gk,15042,0,
secret,'si:krit,n. something that should remain hidden from others (especially information that is not to be passed on)\nn. information known only to a special group\ns. not open or public; kept private or not revealed\ns. communicated covertly,"n. 秘密, 机密, 秘诀, 秘方\na. 秘密的, 极机密的, 隐蔽的, 暗中的, 神秘的, 偏僻的",,4,1,zk gk cet4 cet6 ky toefl,2375,1868,s:secrets
secretary,'sekrәtәri,n. a person who is head of an administrative department of government\nn. an assistant who handles correspondence and clerical work for a boss or an organization\nn. a desk used for writing,"n. 秘书, 书记, 大臣\n[经] 秘书",,3,1,zk gk ielts,613,2009,s:secretaries
section,'sekʃәn,n. a self-contained part of a larger composition (written or musical)\nn. a very thin slice (of tissue or mineral or other substance) for examination under a microscope\nn. a distinct region or subdivision of a territorial or political area or community or group of people\nn. one of several parts or pieces that fit with others to constitute a whole object,"n. 区段, 部分, 区域, 节, 截面, 处, 科, 区, 扇区\nvt. 把...分段, 把...切片\nvi. 被切成片\n[计] 扇区",,4,1,gk cet4 cet6 ky toefl ielts,409,818,s:sections/d:sectioned/i:sectioning/p:sectioned/3:sections
secure,si'kjuә,v. assure payment of\na. free from fear or doubt; easy in mind\na. free from danger or risk\na. not likely to fail or give way,"a. 无虑的, 安心的, 安全的, 可靠的, 保险的\nvt. 固定, 获得, 保证, 使安全, 掩护, 招致\nvi. 停止操作, 船抛锚",,4,1,gk cet4 cet6 ky toefl gre,1654,2489,d:secured/i:securing/p:secured/3:secures
security,si'kjuriti,n. the state of being free from danger or injury\nn. defense against financial failure; financial independence\nn. freedom from anxiety or fear\nn. a formal declaration that documents a fact of relevance to finance and investment; the holder has a right to receive interest or dividends,"n. 安全, 安全性, 防护物, 保安, 可靠性, 担保人, 抵押品, 保证金\n[计] 安全性, 保密性, 安全检查程序",,5,1,gk cet4 cet6 ky toefl,632,661,s:securities
see,si:,n. the seat within a bishop's diocese where his cathedral is located\nv. perceive by sight or have the power to perceive by sight\nv. deem to be\nv. be careful or certain to do something; make certain of something,"vt. 看见, 查看, 参观, 游览, 理解, 知道, 同意\nvi. 看, 观看, 注意, 知道, 考虑\nn. 主教的职位",,5,1,zk gk,47,67,d:seen/p:saw/i:seeing/3:sees
seed,si:d,n. a small hard fruit\nn. a mature fertilized plant ovule consisting of an embryo and its food source and having a protective coat or testa\nv. go to seed; shed seeds\nv. help (an enterprise) in its early stages of development by providing seed money,"n. 种子, 籽, 萌芽, 子孙, 精液\nvt. 在...播种, 催...发育, 脱...籽\nvi. 结实, 播种",,4,1,gk cet4 cet6 ky,2590,1919,s:seeds/p:seeded/d:seeded/i:seeding/3:seeds
seek,si:k,n. the movement of a read/write head to a specific data track on a disk\nv. try to get or reach\nv. go to or towards\nv. inquire for,"vt. 寻求, 寻找, 探索, 追求, 搜索, 请求\nvi. 寻找, 搜索\n[计] 查找",,5,1,gk cet4 cet6 ky,591,668,i:seeking/d:sought/p:sought/3:seeks
seem,si:m,v. appear to exist\nv. appear to one's own mind or opinion,"vi. 象是, 似乎",,5,1,zk gk,134,165,3:seems/p:seemed/d:seemed/i:seeming
seize,si:z,v. take hold of; grab\nv. take or capture by force\nv. hook by a pull on the line\nv. affect,"vt. 抓住, 逮捕, 俘获, 没收, 扣押, 掌握\nvi. 突然抓住, 利用",,3,,gk cet4 cet6 ky toefl,2974,3230,d:seized/p:seized/i:seizing/3:seizes
seldom,'seldәm,r not often,"a. 不常的, 稀少的\nadv. 很少, 不常",,2,,zk gk cet4 cet6 ky toefl,4326,4878,
select,si'lekt,"v pick out, select, or choose from a number of alternatives\ns of superior grade\ns selected or chosen for special qualifications","a. 挑选出来的, 极好的\nv. 选择, 挑选\nn. 被挑选者, 精萃\n[计] 选定",,3,1,gk cet4 cet6 ky toefl,1614,1733,d:selected/i:selecting/3:selects/p:selected
self,self,n. your consciousness of your own identity\nn. a person considered as a unique individual\na. (used as a combining form) relating to--of or by or to or from or for--the self,"n. 自己, 自我, 本性, 本质, 私心, 本人\nvt. 使近亲繁殖, 使自花授精\nvi. 自花授精\na. 同一的",,3,1,gk cet4 cet6 ky,2286,2162,s:selves
selfish,'selfiʃ,a. concerned chiefly or only with yourself and your advantage to the exclusion of others,"a. 自私的, 利己主义的, 自我中心的",,2,,gk cet4 cet6 ky toefl,6992,7386,
sell,sel,n. the activity of persuading someone to buy\nv. exchange or deliver for money or its equivalent\nv. be sold at a certain price or in a certain way\nv. persuade somebody to accept something,"vt. 卖, 背叛, 销售, 出卖\nvi. 卖, 销售\nn. 卖, 推销术, 失望",,5,1,zk gk,461,443,d:sold/i:selling/p:sold/3:sells
semicircle,'semi.sә:kl,n. a plane figure with the shape of half a circle,n. 半圆形,,,,gk,33785,19191,s:semicircles
send,send,"v. cause to go somewhere\nv. to cause or order to be taken, directed, or transmitted to another place\nv. transfer","vt. 发送, 使进入, 寄, 派遣, 发射, 使陷于\nvi. 寄信, 派人, 播送\nn. (船的)上升运动\n[计] 发送",,5,1,zk gk,366,404,d:sent/p:sent/i:sending/3:sends
senior,'si:njә,n. an undergraduate student during the year preceding graduation\na. older; higher in rank; longer in length of tenure or service\ns. used of the fourth and final year in United States high school or college,"n. 年长者, 资深者, 毕业班学生\na. 年长的, 高级的, 资深的",,1,1,gk cet4 cet6 ky ielts,1203,1090,s:seniors
sense,sens,n. a general conscious awareness\nn. the meaning of a word or expression; the way in which a word or expression or situation can be interpreted\nn. the faculty through which the external world is apprehended\nn. a natural appreciation or ability,"n. 感应, 感觉, 感官, 意识, 观念, 情理, 知觉, 理智\nvt. 感觉, 觉察, 检测\n[计] 阅读; 检测",,5,1,zk gk cet4 cet6 ky ielts,417,407,s:senses/p:sensed/i:sensing/d:sensed/3:senses
sensitive,'sensitiv,"a. responsive to physical stimuli\na. being susceptible to the attitudes, feelings, or circumstances of others\ns. hurting\ns. of or pertaining to classified information or matters affecting national security","a. 敏感的, 易感的, 灵敏的, 感光的\n[机] 敏感的, 灵敏的, 感度高的",,3,1,gk cet4 cet6 ky toefl ielts gre,2372,2506,s:sensitives
sentence,'sentәns,n. a string of words satisfying the grammatical rules of a language\nv. pronounce a sentence on (somebody) in a court of law,"n. 句子, 命题, 宣判\nvt. 宣判, 判决\n[计] 句子",,4,1,zk gk cet4 cet6 ky toefl,1168,2036,s:sentences/d:sentenced/p:sentenced/i:sentencing/3:sentences
separate,'sepәreit,"n. a garment that can be purchased separately and worn in combinations with other garments\nv. act as a barrier between; stand between\nv. force, take, or pull apart\nv. divide into components or constituents","n. 独立件, 抽印本\na. 分开的, 各别的, 单独的, 分隔的\nvi. 分开, 隔开, 分居\nvt. 使分离, 使分开, 区分, 使分居",,4,1,zk gk cet4 cet6 ky gre,1256,1892,d:separated/i:separating/3:separates/p:separated/s:separates
separately,'sepәrәtli,r apart from others,"adv. [表]分开, 不相连, 分隔, 分离, 不同, 单独, 独立, 各自, 各别, 脱离肉体, 灵魂\n[计] 分离地",,,1,gk cet4 cet6 toefl,3772,5463,
separation,.sepә'reiʃәn,n. the state of lacking unity\nn. coming apart\nn. sorting one thing from others\nn. the social act of separating or parting company,"n. 分离, 分居, 缺口, 退职\n[化] 分离",,,1,gk cet4 cet6,3669,3704,s:separations
September,sep'tembә,n. the month following August and preceding October,n. 九月,,4,1,zk gk ielts,964,0,
serious,'siәriәs,a. concerned with work or important matters rather than play or trivialities\ns. of great consequence\ns. requiring effort or concentration; complex and not easy to answer or solve,"a. 严肃的, 认真的, 重要的, 严重的\n[电] 严重的",,5,1,zk gk cet4 cet6 ky toefl ielts,807,755,
servant,'sә:vәnt,n. a person working in the service of another (especially in the household),"n. 仆人, 有用物, 公务员, 雇员\n[法] 受雇人, 服务者, 公务员",,3,1,zk gk cet4 cet6 ky,1878,3938,s:servants
serve,sә:v,"n. (sports) a stroke that puts the ball in play\nv. serve a purpose, role, or function\nv. do duty or hold offices; serve in a specific function\nv. contribute or conduce to","vt. 可作...用, 服务, 经历, 招待, 供应, 送交, 对待\nvi. 服务, 服役, 侍应, 适合, 有用, 开球\nn. 发球, 轮到发球",,4,1,zk gk,625,401,d:served/i:serving/p:served/3:serves/s:serves
service,'sә:vis,n. work done by one person or group that benefits another\nn. an act of help or assistance\nn. the act of public worship following prescribed rules\nn. a company or agency that performs a public service; subject to government regulation,"n. 服务, 贡献, 雇佣, 公职, 服役, 功劳, 仪式, 送达, 行政部门\nvt. 保养, 维修\na. 武装部队的, 服务性的, 仆人的, 耐用的\n[计] 服务, 业务",,5,1,zk gk ielts,160,263,s:services/d:serviced/i:servicing/p:serviced/3:services
session,'seʃәn,n. a meeting for execution of a group's functions\nn. a meeting devoted to a particular activity,"n. 期间, 开庭期, 会议, 学期\n[计] 会话, 对话, 会晤, 通用任务程序",,4,1,gk cet4 cet6 ky toefl ielts,1443,1544,s:sessions
set,set,n. a group of things of the same kind that belong together and are so used\nn. (mathematics) an abstract collection of numbers or symbols\nn. several exercises intended to be done in series\nn. an unofficial association of people or groups,"n. 日落, 同伙, 组合, 集合, 装置\nvt. 放, 安置, 放置, 设定, 使凝结, 点燃, 确定, 点缀, 使就位, 树立, 分配, 调整\nvi. 日落, 凝固, 定型, 搁住, 结果, 适合\na. 决心的, 规定的, 故意的, 持久的, 固定的, 老套的, 准备好的\n[计] 设置; DOS内部命令:改变或显示分配给环境变量的值",,3,1,zk gk ielts,213,294,d:set/0:set/1:dp/p:set/i:setting/s:sets/3:sets
settle,'setl,"n. a long wooden bench with a back\nv. settle into a position, usually on a surface or ground\nv. settle conclusively; come to terms\nv. take up residence and become established","n. 有背长椅\nvt. 决定, 整理, 安放, 使定居, 使平静, 支付, 安排, 解决, 结算\nvi. 停留, 下陷, 沉淀, 澄清, 安下心来, 结清, 定居, 安家",,4,1,gk cet4 cet6 ky ielts gre,1295,1316,d:settled/p:settled/i:settling/3:settles
settlement,'setlmәnt,n. a conclusive resolution of a matter and disposition of it\nn. something settled or resolved; the outcome of decision making\nn. an area where a group of families live together,"n. 安顿, 解决, 处理, 结算, 殖民, 殖民地, 沉降\n[医] 居住区; 沉渣",,4,,gk cet4 cet6 ky ielts,1600,2167,s:settlements
settler,'setlә,n. a person who settles in a new colony or moves into new country\nn. a negotiator who settles disputes\nn. a clerk in a betting shop who calculates the winnings,"n. 移民者, 解决者, 结算员\n[化] 沉淀池; 沉降器; 澄清槽",,2,,gk,8005,5489,s:settlers
seven,'sevn,n. the cardinal number that is the sum of six and one\ns. being one more than six,"num. 七, 七个",,5,,zk gk,575,734,
seventeen,sevn'ti:n,n. the cardinal number that is the sum of sixteen and one\ns. being one more than sixteen,"num. 十七, 十七个",,5,,zk gk cet4 cet6,3783,6318,
seventh,'sevnθ,n. position seven in a countable series of things\nn. the musical interval between one note and another seven notes away from it\ns. coming next after the sixth and just before the eighth in position,"num. 第七, 七分之一",,4,,zk gk,4271,4110,
seventy,'sevnti,n. the cardinal number that is the product of ten and seven\ns. being ten more than sixty,"num. 七十, 七十个",,5,,zk gk cet4 cet6,2261,7889,
several,'sevәrәl,s. (used with count nouns) of an indefinite number more than 2 or 3 but not many\ns. distinct and individual,"a. 几个的, 一些的, 各自的\npron. 几个",,5,1,zk gk ielts,389,310,
severe,si'viә,s. intensely or extremely bad or unpleasant in degree or quality\ns. unsparing and uncompromising in discipline or judgment\ns. very bad in degree or extent,"a. 严格的, 尖锐的, 严肃的, 严重的, 严厉的, 朴素的\n[法] 严厉的, 苛刻的, 严重的",,4,1,gk cet4 cet6 ky toefl ielts gre,1923,2330,t:severest/r:severer
sew,sәu,v. fasten by sewing; do needlework\nv. create (clothes) with cloth,"vt. 缝纫, 缝合, 缝\nvi. 缝纫",,1,1,gk cet4 cet6 ky toefl,6446,6478,d:sewn/i:sewing/p:sewed/3:sews
sex,seks,n. either of the two categories (male or female) into which most organisms are divided\nn. all of the feelings resulting from the urge to gratify sexual impulses\nn. the properties that distinguish organisms on the basis of their reproductive roles\nv. tell the sex (of young chickens),"n. 性别, 性欲\nvt. 区别...的性别, 引起...的性欲",,4,1,gk cet4 cet6 ky ielts,1105,814,s:sexes/i:sexing/p:sexed/3:sexes/d:sexed
shabby,'ʃæbi,s. mean and unworthy and despicable,"a. 衣衫褴褛的, 低劣的, 破旧的, 吝啬的, 卑鄙的",,1,,gk cet6 ky toefl ielts gre,10226,10996,r:shabbier/t:shabbiest
shade,ʃeid,n. relative darkness caused by light rays being intercepted by an opaque body\nn. a quality of a given color that differs slightly from another color\nn. protective covering that protects something from direct sunlight\nn. a position of relative inferiority,"n. 荫, 阴暗, 遮光物, 灯罩, 帘, 浓淡, 微量, 底纹\nvi. 渐变\nvt. 使阴暗, 使渐变, 遮蔽, 微减\n[计] 底纹",,3,1,gk cet4 cet6 ky toefl,3205,2984,s:shades/i:shading/d:shaded/p:shaded/3:shades
shadow,'ʃædәu,n. shade within clear boundaries\nn. a premonition of something adverse\nn. refuge from danger or observation\nn. a dominating and pervasive presence,"n. 阴影, 荫, 影子, 影像, 阴暗, 幽灵, 少许, 隐蔽处, 庇护\nvt. 遮蔽, 使朦胧, 预示, 尾随\nvi. 渐变, 变阴暗\n[计] 阴影",,3,1,gk cet4 cet6 ky,2006,1668,d:shadowed/i:shadowing/p:shadowed/s:shadows/3:shadows
shake,ʃeik,v. move or cause to move back and forth\nv. move with or as if with a tremor\nv. undermine or cause to waver\nv. get rid of,"n. 摇动, 震动\nvt. 摇动, 动摇, 使震动, 挥舞\nvi. 震动, 发抖, 动摇",,4,1,zk gk cet4 cet6 ky toefl,1076,942,p:shook/i:shaking/d:shaken/3:shakes/s:shakes
shall,ʃæl,"v. i. & auxiliary. To owe; to be under obligation for.\nv. i. & auxiliary. To be obliged; must.\nv. i. & auxiliary. As an auxiliary, shall indicates a duty or\n   necessity whose obligation is derived from the person speaking; as, you\n   shall go; he shall go; that is, I order or promise your going. It thus\n   ordinarily expresses, in the second and third persons, a command, a\n   threat, or a promise. If the auxillary be emphasized, the command is\n   made more imperative, the promise or that more positive and sure. It is\n   also employed in the language of prophecy; as, ""the day shall come when\n   . . . , "" since a promise or threat and an authoritative prophecy\n   nearly coincide in significance. In shall with the first person, the\n   necessity of the action is sometimes implied as residing elsewhere than\n   in the speaker; as, I shall suffer; we shall see; and there is always a\n   less distinct and positive assertion of his volition than is indicated\n   by will. ""I shall go"" implies nearly a simple futurity; more exactly, a\n   foretelling or an expectation of my going, in which, naturally enough,\n   a certain degree of plan or intention may be included; emphasize the\n   shall, and the event is described as certain to occur, and the\n   expression approximates in meaning to our emphatic ""I will go."" In a\n   question, the relation of speaker and source of obligation is of course\n   transferred to the person addressed; as, ""Shall you go?"" (answer, ""I\n   shall go""); ""Shall he go?"" i. e., ""Do you require or promise his\n   going?"" (answer, ""He shall go"".) The same relation is transferred to\n   either second or third person in such phrases as ""You say, or think,\n   you shall go;"" ""He says, or thinks, he shall go."" After a conditional\n   conjunction (as if, whether) shall is used in all persons to express\n   futurity simply; as, if I, you, or he shall say they are right. Should\n   is everywhere used in the same connection and the same senses as shall,\n   as its imperfect. It also expresses duty or moral obligation; as, he\n   should do it whether he will or not. In the early English, and hence in\n   our English Bible, shall is the auxiliary mainly used, in all the\n   persons, to express simple futurity. (Cf. Will, v. t.) Shall may be\n   used elliptically; thus, with an adverb or other word expressive of\n   motion go may be omitted.",aux. 将,,4,1,zk gk,474,2197,
shallow,'ʃælәu,v. make shallow\nv. become shallow\na. lacking physical depth; having little spatial extension downward or inward from an outer surface or backward or outward from a center\na. not deep or strong; not affecting one deeply,"n. 水浅的地方, 浅滩\na. 浅的, 肤浅的\nv. (使)变浅",,2,1,gk cet4 cet6 ky toefl ielts,4269,4123,s:shallows/r:shallower/t:shallowest/p:shallowed/i:shallowing/3:shallows/d:shallowed
shame,ʃeim,n. a painful emotion resulting from an awareness of inadequacy or guilt\nn. a state of dishonor\nv. compel through a sense of shame\nv. cause to be ashamed,"n. 羞耻, 羞愧, 耻辱\nvt. 使羞愧, 侮辱",,3,1,zk gk cet4 cet6 ky,3668,3767,d:shamed/3:shames/p:shamed/i:shaming/s:shames
Shanghai,'ʃæŋhai,"n. the largest city of China; located in the east on the Pacific; one of the largest ports in the world\nv. take (someone) against his will for compulsory service, especially on board a ship","n. 上海, 浦东鸡\na. 上海的, 上海时行的, 上海风格的\nvt. 拐骗, 胁迫",,,,gk,15888,40340,i:shanghaiing/p:shanghaied/3:shanghais/d:shanghaied
shape,ʃeip,"n. any spatial attributes (especially as defined by outline)\nn. the spatial arrangement of something as distinct from its substance\nn. a concrete representation of an otherwise nebulous concept\nv. make something, usually for a specific function","n. 形状, 形态, 外形, 形式, 身材\nvt. 定形, 使成形, 塑造, 计划, 使符合\nvi. 成形, 形成, 成长\n[计] 形状",,4,1,zk gk cet4 cet6 ky,1200,1267,s:shapes/d:shaped/i:shaping/p:shaped/3:shapes
share,ʃєә,n. assets belonging to or due to or contributed by an individual person or group\nn. any of the equal portions into which the capital stock of a corporation is divided and ownership of which is evidenced by a stock certificate\nv. have in common\nv. use jointly or in common,"n. 部分, 参与, 一份, 参股, 份额\nvt. 均分, 分担, 分享, 分配, 共有\nvi. 分享\n[计] 共享; DOS外部命令:在网络或多工系统中提供文件共享\n文件锁定及检测磁盘更动和对超过32MB硬盘分区的支持",,5,1,zk gk cet4 cet6 ky,620,711,s:shares/d:shared/i:sharing/p:shared/3:shares
shark,ʃɑ:k,n. any of numerous elongate mostly marine carnivorous fishes with heterocercal caudal fins and tough skin covered with small toothlike scales\nn. a person who is ruthless and greedy and dishonest\nn. a person who is unusually skilled in certain ways\nv. play the shark; act with trickery,"n. 鲨鱼, 骗子\nv. 诈骗",,1,,gk cet6 ky,7971,4438,s:sharks/i:sharking/p:sharked/3:sharks/d:sharked
sharp,ʃɑ:p,n. a musical notation indicating one half step higher than the note named\nn. a long thin sewing needle with a sharp point\ns. harsh\na. keenly and painfully felt; as if caused by a sharp edge or point,"n. 半升音调, 利刃, 骗子\na. 锋利的, 明显的, 敏锐的, 急剧的, 尖刻的, 严厉的, 刺耳的, 精明的\nadv. 锐利地, 急速地",,4,1,gk cet4 cet6 ky toefl ielts,2035,2049,s:sharps
sharpen,'ʃɑ:pn,v. make sharp or sharper\nv. make crisp or more crisp and precise\nv. become sharp or sharper\nv. make (images or sounds) sharp or sharper,"vt. 使尖锐, 使敏捷, 加重, 削尖\nvi. 尖锐化, 变锋利",,1,,gk cet4 cet6 toefl,7542,8298,d:sharpened/i:sharpening/p:sharpened/3:sharpens
sharpener,'ʃɑ:pnә,n. any implement that is used to make something (an edge or a point) sharper,"n. 研磨者, 卷笔刀, 研磨工具",,,,gk,34869,28736,s:sharpeners
shave,ʃeiv,n. the act of removing hair with a razor\nv. remove body hair with a razor\nv. cut closely\nv. cut the price of,"n. 修面, 刮胡子, 幸免, 剃刀\nvt. 修面, 剃, 修剪, 掠过\nvi. 刮脸, 勉强通过",,2,1,gk cet4 cet6 ky ielts,7191,5779,d:shaved/i:shaving/p:shaved/3:shaves/s:shaves
shaver,'ʃeivә,n. an adult male who shaves\nn. a razor powered by an electric motor,"n. 修面的人, 电动剃刀, 刨刀, 杀价买进期票的人, 善于讨价还价的人",,1,,gk,34831,25551,s:shavers
she,ʃi:,"obj. This or that female; the woman understood or referred to;\n   the animal of the female sex, or object personified as feminine, which\n   was spoken of.\nobj. A woman; a female; -- used substantively.",pron. 她,,5,1,zk gk,21,31,
sheep,ʃi:p,n. woolly usually horned ruminant mammal related to the goat\nn. a timid defenseless simpleton who is readily preyed upon\nn. a docile and vulnerable person who would rather follow than make an independent decision,"n. 羊, 胆小者",,2,1,zk gk ielts,2697,4210,s:sheeps
sheet,ʃi:t,n. any broad thin expanse or surface\nn. paper used for writing or printing\nn. bed linen consisting of a large rectangular piece of cotton or linen cloth; used in pairs\nn. a flat artifact that is thin relative to its length and width,"n. 床单, 张, 纸张, 印刷品, 裹尸布, 薄片\nvt. 盖上被单, 遍布\nvi. 大片落下\na. 片状的, 成薄片的\n[计] 工作表",,3,1,gk cet4 cet6 ky toefl ielts,1430,1753,s:sheets/d:sheeted/p:sheeted/i:sheeting/3:sheets
shelf,ʃelf,n. a support that consists of a horizontal surface for holding objects,"n. 架子, 搁板\n[化] 架子",,2,1,zk gk cet4 cet6 ky toefl ielts,2930,2947,s:shelves
shelter,'ʃeltә,n. a structure that provides privacy and protection from danger\nn. protective covering that provides protection from the weather\nn. temporary housing for homeless or displaced persons\nv. provide shelter for,"n. 庇护所, 避难所, 庇护, 隐蔽处, 掩蔽\nvt. 庇护, 保护, 隐匿\nvi. 躲避",,3,1,gk cet4 cet6 ky toefl ielts gre,4083,2874,s:shelters/i:sheltering/d:sheltered/p:sheltered/3:shelters
shine,ʃain,"v. emit light; be bright, as of the sun or a light\nv. be distinguished or eminent\nv. be clear and obvious\nv. throw or flash the light of (a lamp)","n. 光泽, 阳光\nvt. 使发光\nvi. 照耀, 发光, 发亮",,2,1,zk gk toefl,3329,3385,p:shone/i:shining/3:shines/d:shone
ship,ʃip,n. a vessel that carries passengers or freight\nv. hire for work on a ship\nv. travel by ship\nv. place on board a ship,"n. 船, 舰\nvt. 以船运送, 装船, 运送\nvi. 上船, 乘船",,4,1,zk gk ielts,1356,1219,s:ships/d:shipped/i:shipping/p:shipped/3:ships
shirt,ʃә:t,n. a garment worn on the upper half of the body\nv. put a shirt on,"n. 衬衫, 内衣, 汗衫",,3,1,zk gk,2401,1771,s:shirts
shock,ʃɒk,n. the violent interaction of individuals or groups entering into combat\nn. (pathology) bodily collapse or near collapse caused by inadequate oxygen delivery to the cells; characterized by reduced cardiac output and rapid heartbeat and circulatory insufficiency and pallor\nn. an instance of agitation of the earth's crust\nn. an unpleasant or disappointing surprise,"n. 震动, 冲突, 震惊, 冲击, 突击, 禾束堆, 休克, 长毛狗\nvt. 使震动, 使休克, 使受电击, 震惊得\nvi. 震动, 吓人\na. 蓬乱浓密的",,4,1,gk cet4 cet6 ky toefl ielts,1998,2298,p:shocked/s:shocks/d:shocked/3:shocks/i:shocking
shoe,ʃu:,n. footwear shaped to fit the foot (below the ankle) with a flexible upper of leather or plastic and a sole and heel of heavier material\nn. (card games) a case from which playing cards are dealt one at a time\nv. furnish with shoes,"n. 鞋, 靴, 外胎\nvt. 给...穿鞋, 为马钉蹄铁",,3,1,zk gk,1885,1423,s:shoes/d:shod/i:shoeing/p:shod/3:shoes
shoot,ʃu:t,n. a new branch\nn. the act of shooting at targets\nv. hit with a missile from a weapon\nv. kill by firing a missile,"n. 射击, 狩猎, 芽, 射伤, 发射, 发芽, 急流, 推力, 摄影, 急送, 滑运道, 浪费\nvt. 射击, 射中, 损毁, 拍摄, 喷出, 投射, 挥出, 飞速行进, 挥霍, 给...注射\nvi. 射出, 射击, 发出, 拍电影, 射门, 发芽",,4,1,gk cet4 cet6 ky gre,1257,732,d:shot/p:shot/i:shooting/s:shoots/3:shoots
shooting,'ʃu:tiŋ,n. the act of firing a projectile\nn. killing someone by gunfire,"n. 发射, 猎场, 射击",,2,1,gk,4728,2822,0:shoot/1:i/i:shooting/s:shootings
shop,ʃɒp,n. a mercantile establishment for the retail sale of goods or services\nv. do one's shopping\nv. shop around; not necessarily buying,"n. 商店, 工厂, 车间\nvi. 购物, 到处寻找\nvt. 选购",,4,1,zk gk ielts,648,1338,s:shops/i:shopping/p:shopped/3:shops/d:shopped
shopkeeper,'ʃɒp.ki:pә,n. a merchant who owns or manages a shop,"n. 零售商, 店主, 老板",,1,,gk cet4 cet6 ky,8491,12729,s:shopkeepers
shopping,'ʃɒpiŋ,n. searching for or buying goods or services\nn. the commodities purchased from stores,"n. 买东西, 购物\n[经] 购物, 买东西",,3,1,gk cet4 cet6 ielts,2763,2713,0:shop/1:i/i:shopping
shore,ʃɒ:,n. the land along the edge of a body of water\nn. a beam or timber that is propped against a structure to provide support\nv. serve as a shore to,"n. 海岸, 海滨, 斜撑柱\nvt. 把...送上岸, 支撑, 支持",,3,,gk cet4 cet6 ky toefl,3519,3244,s:shores/i:shoring/d:shored/p:shored/3:shores
short,ʃɒ:t,n. the location on a baseball field where the shortstop is stationed\na. primarily temporal sense; indicating or being or seeming to be limited in duration\na. (primarily spatial sense) having little length or lacking in length\na. low in stature; not tall,"a. 短的, 近的, 矮的, 短期的, 简短的, 少量的\nadv. 简短地, 突然\nn. 扼要, 短片, 缺乏\nvt. 故意少给, 使短路",,2,1,zk gk ielts,500,627,r:shorter/t:shortest/i:shorting/p:shorted/3:shorts/d:shorted
shortcoming,'ʃɒ:t'kʌmiŋ,n a failing or deficiency,"n. 缺点, 短处",,1,,gk cet4 cet6 ky,8552,8140,s:shortcomings
shortly,'ʃɒ:tli,r. for a short time\nr. at a short distance,"adv. 不久, 简短, 唐突地",,3,1,gk cet4 cet6 ky,2278,2853,
shorts,ʃɔ:ts,n trousers that end at or above the knee\nn underpants worn by men\nn the location on a baseball field where the shortstop is stationed\nn accidental contact between two points in an electric circuit that have a potential difference\nn the fielding position of the player on a baseball team who is stationed between second and third base\nv cheat someone by not returning him enough money\nv create a short circuit in,"n. 短裤, (美)男人的短衬裤\n[经] 空头户, 空头, 短期债券",,,,zk gk,6534,4868,s:shorts/0:shorts/1:s
shot,ʃɒt,n. a solid missile discharged from a firearm\nn. a chance to do something\nn. a person who shoots (usually with respect to their ability to shoot)\nn. an aggressive remark directed at a person like a missile and intended to have a telling effect,"n. 发射, 炮弹, 射击, 射手, 投篮, 射门, 子弹, 射程, 拍摄, 注射\nvt. 装弹, 使成颗粒状\na. 杂色的, 交织着的, 渗透的, 点焊的, 破旧的\nshoot的过去式和过去分词",,4,1,gk cet4 cet6 ky toefl,1836,1053,0:shoot/1:dp/s:shots
should,ʃud,"imp. of Shall\nimp. Used as an auxiliary verb, to express a conditional or\n   contingent act or state, or as a supposition of an actual fact; also,\n   to express moral obligation (see Shall); e. g.: they should have come\n   last week; if I should go; I should think you could go.","aux. 应该, 将要",,5,1,zk gk,85,121,
shoulder,'ʃәuldә,n. the part of the body between the neck and the upper arm\nn. a cut of meat including the upper joint of the foreleg\nn. a ball-and-socket joint between the head of the humerus and a cavity of the scapula\nn. the part of a garment that covers or fits over the shoulder,"n. 肩, 肩膀, 衣肩\nvt. 肩负, 负担, 担任\nvi. 用肩推挤",,4,1,zk gk cet4 cet6 ky gre,1149,986,s:shoulders/p:shouldered/i:shouldering/d:shouldered/3:shoulders
shout,ʃaut,v. utter in a loud voice; talk in a loud voice (usually denoting characteristic manner of speaking)\nv. utter a sudden loud cry,"n. 呼喊, 喊声\nvi. 呼喊, 喊叫, 嚷\nvt. 高喊",,3,1,zk gk,1591,2154,p:shouted/i:shouting/s:shouts/3:shouts/d:shouted
show,ʃәu,n. the act of publicly exhibiting or entertaining\nn. a social event involving a public performance or entertainment\nv. give an exhibition of to an interested audience\nv. make visible or noticeable,"n. 显示, 表现, 展览, 卖弄, 炫耀, 外观, 演出, 洋相\nvt. 表示, 显示, 展现, 陈列, 演出, 表明, 指出, 带领\nvi. 露面, 显现, 演出\n[计] 显示",,5,1,zk gk,147,177,d:shown/p:showed/3:shows/i:showing/s:shows
shower,'ʃauә,n. a plumbing fixture that sprays water over you\nn. washing yourself by standing upright under water sprayed from a nozzle\nn. a brief period of precipitation\nn. a sudden downpour (as of tears or sparks etc) likened to a rain shower,"n. 阵雨, 淋浴, 一阵, 展出者, 显示者\nvi. 淋浴, 下阵雨\nvt. 淋湿, 倾注",,2,1,zk gk cet4 cet6 ky toefl ielts,3712,3204,s:showers/d:showered/p:showered/i:showering/3:showers
shrink,ʃriŋk,"v. reduce in size; reduce physically\nv. become smaller or draw together\nv. decrease in size, range, or extent","n. 收缩, 萎缩, 回避\nvi. 收缩, 退缩, 萎缩, 缩小, 回避\nvt. 使收缩, 使缩小",,2,,gk cet4 cet6 ky toefl ielts gre,5528,4474,p:shrank/d:shrunk/i:shrinking/3:shrinks/s:shrinks
shut,ʃʌʃ,a. not open,"n. 关闭\nvt. 关上, 闭起, 幽禁, 合拢, 轧住\nvi. 关上, 停止营业",,3,1,zk gk cet4 cet6 ky toefl,1788,1541,d:shut/0:shut/1:dp/p:shut/i:shutting/3:shuts
shuttle,'ʃʌtl,n. public transport that consists of a bus or train or airplane that plies back and forth between two points\nn. bobbin that passes the weft thread between the warp threads\nv. travel back and forth between two points,"n. 穿梭, 梭子, 往返移动之物\nv. (使)穿梭移动, 往返运送",,2,,gk cet4 cet6 ky toefl ielts gre,8928,3810,s:shuttles/i:shuttling/p:shuttled/d:shuttled/3:shuttles
sick,sik,n. people who are sick\ns. deeply affected by a strong feeling,"n. 病人\na. 不舒服, 有病的, 恶心的, 厌恶的, 渴望的, 病态的\nvt. 呕吐, 追击, 使(狗)去攻击",,3,1,zk gk toefl ielts,2044,1746,r:sicker/t:sickest/i:/p:/3:sicks/d:
sickness,'siknis,n. defectiveness or unsoundness,"n. 疾病, 不健康, 呕吐\n[医] 病",,2,,gk cet4 cet6 toefl ielts,4951,7417,s:sicknesses
side,said,n. a place within a region identified relative to a center or reference location\nn. one of two or more contesting groups\nn. either the left or right half of a body\nn. a surface forming part of the outside of an object,"n. 旁边, 侧, 方面, 胁, 侧边, 血统\na. 旁的, 侧的, 次要的\nvt. 同意, 支持\nvi. 支持, 赞助",,5,1,zk gk ielts,212,249,s:sides/p:sided/d:sided/i:siding/3:sides
sideway,'saidwei,r. from the side; obliquely,"n. 小路, 人行道, 旁路",,,,gk,0,0,
sideways,'saidweiz,r. with one side forward or to the front\nr. toward one side,"adv. 向旁边, 向侧面地\na. 旁边的, 向侧面的",,1,1,gk cet4 cet6 ky toefl,6581,7384,
sigh,sai,n. an utterance made by exhaling audibly\nn. a sound like a person sighing\nv. heave or utter a sigh; breathe deeply and heavily\nv. utter with a sigh,"n. 叹息\nvi. 叹息, 渴望\nvt. 叹息着说",,3,,gk cet4 cet6 ky toefl ielts,3085,3349,p:sighed/3:sighs/i:sighing/s:sighs/d:sighed
sight,sait,n. an instance of visual perception\nn. anything that is seen\nn. the ability to see; the visual faculty\nn. a range of mental vision,"n. 景观, 视力, 眼界, 阅读, 见解, 意见\nvt. 看见, 瞄准\nvi. 瞄准, 观看\na. 即席的, 见票即付的",,4,1,zk gk cet4 cet6 ky toefl ielts,1298,1629,s:sights/d:sighted/p:sighted/i:sighting/3:sights
sightseeing,'saitsi:iŋ,n. going about to look at places of interest,"n. 观光, 游览\na. 观光的, 游览的",,1,,gk cet4 cet6 ky ielts,15550,16109,i:sightseeing/0:sightseeing/1:i
sign,sain,n. a perceptible indication of something not immediately apparent (as a visible clue that something has happened)\nn. a public display of a message\nn. (medicine) any objective evidence of the presence of a disorder or disease\nn. a gesture that is part of a sign language,"n. 符号, 招牌, 征兆, 正负号, 手势\nvt. 签名, 打手势表达\nvi. 签名\n[计] 正负号; 符号; 符号字符",,5,1,gk cet4 cet6 ky ielts,935,759,s:signs/d:signed/p:signed/i:signing/3:signs
signal,'signl,n. any nonverbal action or gesture that encodes a message\nn. any incitement to action\nn. an electric quantity (voltage or current or field strength) whose modulation represents coded information about the source from which it comes\ns. notably out of the ordinary,"n. 信号, 暗号, 近因, 导火线\nvt. 向...作信号, 标志, 用信号通知\nvi. 发信号\na. 作为信号的, 显著的\n[计] 信号",,3,1,gk cet4 cet6 ky ielts gre,1960,2078,s:signals/p:signalled/d:signalled/i:signalling/3:signals
signature,'signәtʃә,n. your name written in your own handwriting\nn. a melody used to identify a performer or a dance band or radio/tv program\nn. a sheet with several pages printed on it; it folds to page size and is bound with other signatures to form a book,"n. 签字, 识别标志, 调号\n[计] 签名附件",,2,1,gk cet4 cet6 ky toefl ielts gre,4275,3773,s:signatures
significance,sig'nifikәns,n. the quality of being significant\nn. a meaning that is not expressly stated but can be inferred,"n. 重要性, 意义, 意味\n[计] 有效; 有效性",,2,,gk cet4 cet6 ky toefl,1922,2937,s:significances
silence,'sailәns,"n. the state of being silent (as when no one is speaking)\nn. the absence of sound\nv. keep from expression, for example by threats or pressure","n. 沉默, 无声, 静寂, 湮没, 无声息\nvt. 使缄默\ninterj. 安静",,3,1,zk gk cet4 cet6 ky toefl ielts,1653,1820,d:silenced/p:silenced/i:silencing/s:silences/3:silences
silent,'sailәnt,s. marked by absence of sound\ns. implied by or inferred from actions or statements\ns. not made to sound\ns. having a frequency below or above the range of human audibility,"a. 沉默的, 安静的, 无声的, 静止的\n[医] 静止的, 无症状的",,3,1,zk gk cet4 cet6 ky ielts,2297,2160,
silk,silk,n. a fabric made from the fine threads produced by certain insect larvae\nn. animal fibers produced by silkworms and other larvae that spin cocoons and by most spiders,"n. 丝, 绸, 绸锻类, 丝织品\na. 丝的, 丝织的",,2,1,zk gk,3130,3969,s:silks
silly,'sili,n. a word used for misbehaving children,"a. 愚蠢的, 糊涂的",,2,1,zk gk cet4 cet6 ky toefl,2789,4009,t:silliest/r:sillier
silver,'silvә,n. a soft white precious univalent metallic element having the highest electrical and thermal conductivity of any metal; occurs in argentite and in free form; used in coins and jewelry and tableware and photography\nn. coins made of silver\nv. coat with a layer of silver or a silver amalgam\nv. make silver in color,"n. 银, 银币, 银器\na. 银的, 银制的, 银器的\nvt. 镀银\nvi. 变银白色",,3,1,zk gk cet4 cet6 ky toefl ielts,2244,2439,i:silvering/p:silvered/s:silvers/d:silvered/3:silvers
similar,'similә,a. marked by correspondence or resemblance\ns. (of words) expressing closely related meanings,"a. 相似的, 类似的\nn. 相似的东西",,4,1,zk gk ielts,543,720,
simple,'simpl,n. any herbaceous plant having medicinal properties\na. having few parts; not complex or complicated or involved\na. (botany) of leaf shapes; of leaves having no divisions or subdivisions\ns. unornamented,"a. 简单的, 普通的, 朴素的, 单纯的, 绝对的, 初级的, 原始的, 迟钝的\nn. 出身低微者, 傻子",,4,1,zk gk ielts,624,763,t:simplest/r:simpler
simplify,'simplifai,v. make simpler or easier or reduce in complexity or extent,"vt. 单一化, 简单化",,1,,gk cet4 cet6 ky ielts,7074,8483,d:simplified/3:simplifies/i:simplifying/p:simplified
simply,'simpli,r. absolutely; altogether; really,"adv. 简单地, 只是, 简直, 简朴地, 坦白地",,4,1,gk,568,583,
since,sins,"adv. From a definite past time until now; as, he went a month\n   ago, and I have not seen him since.\nadv. In the time past, counting backward from the present;\n   before this or now; ago.\nadv. When or that.\nprep. From the time of; in or during the time subsequent to;\n   subsequently to; after; -- usually with a past event or time for the\n   object.\nconj. Seeing that; because; considering; -- formerly followed\n   by that.","prep. 自...以后, 自...以来\nadv. 自那时以后\nconj. 既然, 自...以后, 自...以来",,5,1,zk gk,305,260,
sincerely,sin'siәli,r. with sincerity; without pretense\nr. written formula for ending a letter,adv. 真诚地,,1,1,gk,5343,10201,
sing,siŋ,v. deliver by singing\nv. produce tones with the voice\nv. to make melodious sounds,"vi. 唱, 唱歌, 演唱, 鸣, 啼\nvt. 唱, 歌颂\nn. 嗖嗖声",,4,1,zk gk,1509,1013,i:singing/p:sang/d:sung/3:sings
singer,'siŋә,n. a person who sings\nn. United States inventor of an improved chain-stitch sewing machine (1811-1875)\nn. United States writer (born in Poland) of Yiddish stories and novels (1904-1991),n. 歌手,,3,1,gk cet4 cet6,3552,2823,s:singers
single,'siŋgl,n. a base hit on which the batter stops safely at first base\nv. hit a single\na. used of flowers having usually only one row or whorl of petals\na. existing alone or consisting of one entity or part or aspect or individual,"a. 单身的, 单程的, 单一的, 个别的, 孤独的, 专一的\nn. 一个, 单打, 单程票\nvt. 选出\nvi. 击出一垒打\n[计] 单精度型",,5,1,zk gk ielts,569,632,s:singles/d:singled/p:singled/i:singling/3:singles
sink,siŋk,n. plumbing fixture consisting of a water basin fixed to a wall or floor and having a drainpipe\nn. (technology) a process that acts to absorb or remove energy or a substance from a system\nv. fall or descend to a lower place or level\nv. cause to sink,"n. 藏垢的场所, 沟渠, 污水槽\nvi. 下沉, 沉没, 下陷, 减弱, 衰退, 消沉, 堕落, 渗透\nvt. 使低落, 使下沉, 陷于, 投入(资金等), 挖掘",,3,1,gk cet4 cet6 ky toefl ielts,2585,2809,p:sank/d:sunk/i:sinking/s:sinks/3:sinks
sir,sә:,n. term of address for a man\nn. a title used before the name of knight or baronet,"n. 先生, 阁下",,5,1,zk gk,534,2108,s:sirs
sister,'sistә,n. a female person who has the same parents as another person\nn. (Roman Catholic Church) a title given to a nun (and used as a form of address)\nn. a female person who is a fellow member of a sorority or labor union or other group,"n. 姐妹, 姐, 妹, 护士, 修女\nvt. 姐妹般对待",,5,1,zk gk,1049,823,s:sisters
sit,sit,"v. be seated\nv. be around, often idly or without specific purpose\nv. be in session\nv. be located or situated somewhere","vi. 坐, 就座, 坐落\nvt. 使就座, 骑\nn. 坐, 衣服合身",,5,1,zk gk,302,268,p:sat/i:sitting/3:sits/d:sat
situation,.sitju'eiʃәn,n. the general state of things; the combination of circumstances at a given time\nn. a condition or position in which you find yourself\nn. a complex or critical or unusual difficulty,"n. 情形, 境遇, 位置\n[医] 情境, 处境",,5,1,zk gk cet4 cet6 ky,503,548,s:situations
six,siks,n. the cardinal number that is the sum of five and one\ns. denoting a quantity consisting of six items or units,"num. 六, 六个",,5,,zk gk,293,424,
sixteen,'siks'ti:n,n. the cardinal number that is the sum of fifteen and one\ns. being one more than fifteen,"num. 十六, 十六个",,5,,zk gk,2889,5324,
sixteenth,'siks'ti:nθ,n. position 16 in a countable series of things\ns. coming next after the fifteenth in position,"num. 第十六, 十六分之一",,1,,gk,5786,10249,
sixth,siksθ,n. position six in a countable series of things\nn. the musical interval between one note and another six notes away from it\ns. coming next after the fifth and just before the seventh in position,"num. 第六, 六分之一",,4,,zk gk,3007,3527,
sixty,'siksti,n. the cardinal number that is the product of ten and six\ns. being ten more than fifty,"num. 六十, 六十个",,5,,zk gk cet4 cet6,1655,5642,
size,saiz,n. the physical magnitude of something (how big it is)\nn. the property resulting from being one of a series of graduated measurements (as of clothing)\nn. any glutinous material used to fill pores in surfaces or to stiffen fabrics\nn. the actual state of affairs,"n. 大小, 尺寸, 规模, 尺码, 能力, 浆料\nvt. 上浆, 依大小排列\nvi. 可比拟\na. 一定大小的, 一定尺寸的",,4,1,zk gk ielts,697,752,s:sizes/d:sized/i:sizing/p:sized/3:sizes
skate,skeit,n. sports equipment that is worn on the feet to enable the wearer to glide along and to be propelled by the alternate actions of the legs\nn. large edible rays having a long snout and thick tail with pectoral fins continuous with the head; swim by undulating the edges of the pectoral fins\nv. move along on skates,"n. 溜冰, 冰鞋\nvi. 滑冰, 滑过",,2,,zk gk cet4 cet6 ky,12027,5756,i:skating/s:skates/p:skated/3:skates/d:skated
skateboard,'skeitbɔ:d,n. a board with wheels that is ridden in a standing or crouching position and propelled by foot\nv. ride on a flat board with rollers attached to the bottom,n. 溜冰板,,,,gk,26998,16938,s:skateboards/i:skateboarding/3:skateboards
ski,ski:,n. narrow wood or metal or plastic runners used in pairs for gliding over snow\nv. move along on skis,n. 滑雪橇\nvi. 滑雪,,3,,gk cet4 cet6 ky,6258,3032,s:skis/i:skiing/3:skis/p:skied/d:ski'd
skill,'skil,n. an ability that has been acquired by training\nn. ability to produce solutions in some problem domain,"n. 技术, 技巧, 技能, 熟练, 熟练工人\n[化] 技能",,4,1,zk gk cet4 cet6 ky ielts,801,821,s:skills
skilled,'skild,a. having or showing or requiring special skill,"a. 熟练的\n[经] 熟练的, 有技能的",,2,1,gk cet4 cet6 ky,3807,4903,
skillful,'skilful,s having or showing knowledge and skill and aptitude\ns done with delicacy and skill,"a. 熟练的, 巧妙的\n[机] 熟练的",,,,gk cet4 cet6 ky toefl,43429,12290,
skillfully,,r. with skill,adv. 巧妙地；精巧地,,,,gk,0,13724,
skin,skin,n. a natural protective body covering and site of the sense of touch\nn. an outer surface (usually thin)\nn. a person's skin regarded as their life\nn. a bag serving as a container for liquids; it is made from the hide of an animal,"n. 皮肤, 皮\nvt. 剥皮, 在...植皮\nvi. 长皮, 愈合, 蜕皮",,4,1,gk cet4 cet6 ky ielts,1289,1019,s:skins/p:skinned/i:skinning/d:skinned/3:skins
skip,skip,n. a gait in which steps and hops alternate\nv. bound off one point after another,"n. 跳跃, 跳读\nvi. 跳越, 跳读, 跳绳, 遗漏, 跳级\nvt. 跳过, 遗漏\n[计] 跳过",,2,,gk cet6 ky toefl ielts,6911,4519,p:skipped/i:skipping/s:skips/d:skipped/3:skips
skipping,'skipiŋ,v bypass\nv intentionally fail to attend\nv jump lightly\nv leave suddenly\nv bound off one point after another\nv cause to skip over a surface,[计] 跳跃,,,,gk,34289,36075,0:skip/1:i/i:skipping
skirt,skә:t,n. cloth covering that forms the part of a garment below the waist\nn. a garment hanging from the waist; worn mainly by girls and women\nv. pass around or about; move along the border\nv. form the edge of,"n. 裙子, 下摆, 边缘, 郊区\nvt. 位于...边缘, 绕过, 回避\nvi. 位于边缘",,2,1,zk gk ielts gre,3590,3637,s:skirts/p:skirted/i:skirting/3:skirts/d:skirted
sky,skai,n. the atmosphere and outer space as viewed from the earth,"n. 天空, 天色, 天堂\nvt. 击向空中, 挂在高处\nvi. 高涨",,3,1,zk gk,1674,1147,s:skies/p:skied/d:skied/i:skying/3:skies
skyscraper,'skaiskreipә,n. a very tall building with many stories,"n. 摩天楼, 三角形天帆",,1,,gk cet6 ky toefl gre,20049,10626,s:skyscrapers
slave,sleiv,"n. a person who is owned by someone\nn. someone who works as hard as a slave\nn. someone entirely dominated by some influence or person\nv. work very hard, like a slave","n. 奴隶, 从动装置, 卑鄙的人\nvi. 拼命工作\n[计] 从设备",,2,,gk cet4 cet6 ky toefl,3948,2727,s:slaves/i:slaving/d:slaved/p:slaved/3:slaves
slavery,'sleivәri,n. the practice of owning slaves\nn. work done under harsh conditions for little or no pay,"n. 奴隶的身分, 奴隶状态, 奴隶制度\n[法] 奴隶制度, 奴役, 苦役",,1,,gk cet4 cet6,8927,4574,
sleep,sli:p,n. a natural and periodic state of rest during which consciousness of the world is suspended\nn. a torpid state resembling deep sleep\nn. a period of time spent sleeping\nv. be asleep,"n. 睡眠, 静止, 昏迷, 麻木, 长眠, 冬眠\nvi. 睡觉, 睡眠, 静止\nvt. 睡",,4,1,zk gk ielts,1408,1172,p:slept/i:sleeping/d:slept/3:sleeps
sleepy,'sli:pi,s. ready to fall asleep,"a. 困乏的, 欲睡的",,1,,zk gk cet4 cet6 ielts,9704,7429,r:sleepier/s:sleepies
sleeve,sli:v,n. the part of a garment that is attached at the armhole and that provides a cloth covering for the arm\nn. small case into which an object fits,"n. 袖子, 套管\nvt. 缝上袖子",,2,1,gk cet4 cet6 ky,4169,4567,s:sleeves/p:sleeved/i:sleeving/d:sleeved
slice,slais,n. a share of something\nn. a golf shot that curves to the right for a right-handed golfer\nn. a thin flat piece cut off of some object\nn. a spatula for spreading paint or ink,"n. 薄的切片, 一部分, 菜刀\nvt. 切成薄片, 切下\nvi. 切\n[计] 片",,3,1,gk cet4 cet6 ky toefl ielts gre,4346,3333,s:slices/i:slicing/p:sliced/d:sliced/3:slices
slide,slaid,n. a small flat rectangular piece of glass on which specimens can be mounted for microscopic study\nn. (geology) the descent of a large mass of earth or rocks or snow etc.\nn. plaything consisting of a sloping chute down which children can slide\nn. the act of moving smoothly along a surface while remaining in contact with it,"n. 滑, 滑道, 山崩, 雪崩, 幻灯片\nvt. 使滑动, 偷偷放入\nvi. 滑动, 滑落, 不知不觉陷入, 偷偷地走",,3,1,gk cet4 cet6 ky toefl ielts,2704,2174,p:slid/s:slides/i:sliding/3:slides/d:slid
slight,slait,"v. pay no attention to, disrespect","n. 轻蔑, 怠慢\na. 轻微的, 纤细的, 脆弱的, 苗条的\nvt. 轻视, 忽略, 怠慢",,3,1,gk cet4 cet6 ky toefl ielts gre,2237,2982,t:slightest/r:slighter/s:slights/d:slighted/p:slighted/i:slighting/3:slights
slim,slim,v take off weight\ns being of delicate or slender build\ns small in quantity,"a. 瘦的, 苗条的, 微小的, 稀少的, 微薄的\nvi. 变苗条\nvt. 使苗条",,3,,gk cet6 ky toefl ielts,4710,5312,r:slimmer/i:slimming/d:slimmed/p:slimmed/3:slims/t:slimmest
slip,slip,n. a minor inadvertent mistake usually observed in speech or writing or in small accidents or memory lapses etc.\nn. potter's clay that is thinned and used for coating or decorating ceramics\nn. a young and slender person\nn. an accidental misstep threatening (or causing) a fall,"n. 滑, 滑行, 事故, 溜, 差错, 滑台, 下降, 插条, 后裔, 板条, 瘦长的年轻人\nvi. 滑动, 滑倒, 失足, 溜走, 滑落, 犯错, 变坏\nvt. 使滑动, 滑过, 摆脱, 闪开, 塞入, 从...取接枝\na. 滑动的, 滑移的, 活络的, 有活结的\n[计] 串行线接口协议",,4,1,gk cet4 cet6 ky toefl ielts,1814,1786,p:slipped/i:slipping/d:slipped/s:slips/3:slips
slow,slәu,v. become slow or slower\nv. cause to proceed more slowly\na. not moving quickly; taking a comparatively long time\na. at a slow tempo,"a. 慢的, 缓慢的, 迟缓的, 迟钝的, 冷漠的, 落后的\nadv. 慢地, 迟缓地\nv. (使)慢下来",,4,1,zk gk,1661,1761,r:slower/i:slowing/p:slowed/d:slowed/3:slows/t:slowest
small,smɒ:l,n. the slender part of the back\nn. a garment size for a small person\na. limited or below average in number or quantity or magnitude or extent\ns. slight or limited; especially in degree or intensity or scope,"a. 小的, 少的, 小型的, 低微的, 小气的, 细微的\nadv. 些微地\nn. 狭小部分",,5,1,zk gk,168,203,r:smaller/t:smallest
smart,smɑ:t,n. a kind of pain such as that caused by a wound or a burn or a sore\na. showing mental alertness and calculation and resourcefulness\ns. painfully severe\ns. quick and brisk,"a. 聪明的, 漂亮的, 刺痛的, 剧烈的, 敏捷的, 巧妙的, 伶俐的, 潇洒的\nn. 刺痛, 痛苦\nvi. 刺痛",,3,1,zk gk cet4 cet6 ky toefl ielts gre,4098,1856,r:smarter/i:smarting/t:smartest/p:smarted/3:smarts/d:smarted
smell,smel,n. the sensation that results when olfactory receptors in the nose are stimulated by particular chemicals in gaseous form\nn. the faculty that enables us to distinguish scents\nn. the act of perceiving the odor of something\nv. inhale the odor of; perceive by the olfactory sense,"n. 味道, 气味, 嗅觉, 嗅, 臭味, 气息\nvt. 闻, 探出, 察觉, 发出...的气味\nvi. 嗅, 散发气味, 发臭",,3,1,zk gk toefl,2651,2390,s:smells/p:smelled/3:smells/i:smelling/d:smelt
smelly,'smeli,s offensively malodorous,"a. 发臭的, 有臭味的",,1,,gk ielts,11848,14701,s:smellies/t:smelliest/r:smellier
smile,smail,"n. a facial expression characterized by turning up the corners of the mouth; usually shows pleasure or amusement\nv. change one's facial expression by spreading the lips, often to signal pleasure\nv. express with a smile","n. 微笑, 喜色, 笑容\nvi. 微笑, 觉得好笑\nvt. 微笑着表示",,4,1,zk gk,892,1068,p:smiled/i:smiling/s:smiles/3:smiles/d:smiled
smog,smәug,n. air pollution by a mixture of smoke and fog,n. 烟雾\n[化] 烟雾,,1,,gk cet4 cet6 ky toefl,17069,12947,s:smogs/3:smogs
smoke,smәuk,n. a cloud of fine particles suspended in a gas\nn. a hot vapor containing fine particles of carbon being produced by combustion\nn. an indication of some hidden activity\nn. something with no concrete substance,"n. 烟, 雾气, 烟熏剂, 抽烟, 烟色\nvi. 吸烟, 冒烟, 弥漫\nvt. 以烟熏, 抽烟而导致...",,4,1,zk gk toefl ielts,2750,2414,i:smoking/p:smoked/d:smoked/3:smokes/s:smokes
smoker,'smәukә,n. a person who smokes tobacco\nn. a passenger car for passengers who wish to smoke,"n. 吸烟者, 吸烟的人, 吸烟车厢, (美)(非正式)蒸汽火车头",,,,gk,7138,6646,s:smokers
smoking,'smәukiŋ,s. emitting smoke in great volume,"n. 抽烟, 冒烟\n[医] 烟熏; 吸烟",,,1,gk ielts,5035,4956,0:smoke/1:i/i:smoking
smooth,smu:ð,"n. the act of smoothing\nv. make smooth or smoother, as if by rubbing\nv. free from obstructions\na. having a surface free from roughness or bumps or ridges or irregularities","a. 平滑的, 平稳的, 流畅的, 和蔼的, 安祥的, 圆滑的, 调匀的, 无毛的\nvt. 使光滑, 烫平, 使平和, 消除\nvi. 变平滑, 变平静\nn. 一块平地, 平滑部分",,3,1,zk gk cet4 cet6 ky toefl ielts gre,2682,2422,i:smoothing/r:smoother/d:smoothed/p:smoothed/3:smooths/t:smoothest
snack,snæk,n a light informal meal\nv eat a snack; eat lightly,"n. 小吃, 点心, 快餐\nvi. 吃零食, 吃快餐",,2,,gk cet6 ky ielts,7131,5187,s:snacks/i:snacking/3:snacks/d:snacked/p:snacked
snake,sneik,"n. limbless scaly elongate reptile; some are venomous\nn. a deceitful or treacherous person\nn. a tributary of the Columbia River that rises in Wyoming and flows westward; discovered in 1805 by the Lewis and Clark Expedition\nn. something long, thin, and flexible that resembles a snake","n. 蛇, 阴险的人\nvi. 曲折行进\nvt. 迂回, 拉, 急抽",,2,1,zk gk cet4 cet6 ky toefl,5064,3481,s:snakes/p:snaked/i:snaking/3:snakes/d:snaked
snatch,snætʃ,n. a small fragment\nn. a weightlift in which the barbell is lifted overhead in one rapid motion\nv. to grasp hastily or eagerly\nv. to make grasping motions,"n. 抢夺, 攫取, 片断\nvt. 夺取, 攫取\nvi. 想抢走, 攫取",,2,,gk cet6 ky ielts gre,5049,6071,p:snatched/i:snatching/d:snatched/s:snatches/3:snatches
sneaker,'sni:kә,n a canvas shoe with a pliable rubber sole\nn someone acting as an informer or decoy for the police,"n. 鬼鬼祟祟做事的人, 卑鄙者, 帆布胶底运动鞋",,1,,gk,33208,0,s:sneakers
sneeze,sni:z,"n. a symptom consisting of the involuntary expulsion of air from the nose\nv. exhale spasmodically, as when an irritant entered one's nose",n. 喷嚏\nvi. 打喷嚏,,1,,gk cet6 ky,15926,12750,i:sneezing/p:sneezed/3:sneezes/s:sneezes/d:sneezed
sniff,snif,n. sensing an odor by inhaling through the nose\nv. perceive by inhaling through the nose\nv. inhale audibly through the nose,"n. 以鼻吸气, 嗅, 气息\nvi. 嗅, 蔑视, 嗤之以鼻\nvt. 闻, 用力吸, 发觉",,2,,gk cet6 ky toefl,5455,5870,p:sniffed/i:sniffing/d:sniffed/3:sniffs/s:sniffs
snow,snәu,n. precipitation falling from clouds in the form of ice crystals\nn. a layer of snowflakes (white crystals of frozen water) covering the ground\nn. English writer of novels about moral dilemmas in academe (1905-1980)\nv. fall as snow,"n. 雪, 积雪, 下雪, 雪花形干扰\nvi. 下雪, 似雪般落下\nvt. 使雪白, 用雪覆盖, 使像雪般落下",,3,1,zk gk,2665,1781,i:snowing/s:snows/p:snowed/d:snowed/3:snows
snowball,'snәubɒ:l,n. plant having heads of fragrant white trumpet-shaped flowers; grows in sandy arid regions\nn. ball of ice cream covered with coconut and usually chocolate sauce\nn. ball of crushed ice with fruit syrup\nn. snow pressed into a ball for throwing (playfully),"n. 雪球, 果味冰霜卷, 滚雪球式的募捐法\nvt. 向...丢雪球, 使滚雪球般增长\nvi. 打雪仗, 滚雪球般增长",,1,,gk,19913,13612,s:snowballs/3:snowballs/i:snowballing/p:snowballed/d:snowballed
snowman,'snәumæn,n. a figure of a person made of packed snow,n. 雪人,,,,gk,24155,18086,s:snowmen
snowy,'snәui,s marked by the presence of snow\ns covered with snow\ns of the white color of snow,"a. 多雪的, 雪的, 被雪所覆盖着的, 下雪的",,1,,zk gk cet4 cet6,14429,9600,s:snowys/t:snowiest
so,sәu,"r. to a very great extent or degree\nr. in a manner that facilitates\nr. in such a condition or manner, especially as expressed or implied\nr. to a certain unspecified extent or degree","adv. 如此, 如是, 如...那样\nconj. 所以, 因此\npron. 这样",,3,1,zk gk,48,55,
soap,sәup,"n. a cleansing agent made from the salts of vegetable or animal fats\nn. money offered as a bribe\nn. street names for gamma hydroxybutyrate\nv. rub soap all over, usually with the purpose of cleaning","n. 肥皂, 阿谀\nvt. 以肥皂洗, 阿谀\n[计] 评语",,2,1,zk gk cet4 cet6 ky toefl,4288,4344,s:soaps/i:soaping/p:soaped/3:soaps/d:soaped
sob,sɒb,n. convulsive gasp made while weeping\nv. weep convulsively,"vi. 啜泣, 呜咽\nvt. 哭诉, 哭得使\nn. 啜泣, 呜咽",,1,,gk cet4 cet6 ky,8177,7230,i:sobbing/p:sobbed/s:sobs/d:sobbed/3:sobs
soccer,'sɒkә,n. a football game in which two teams of 11 players try to kick or head a ball into the opponents' goal,n. 英式足球,,3,,gk cet4 cet6 ky,4895,3353,
social,'sәuʃәl,a. relating to human society and its members\na. living together or enjoying life in communities or organized groups\na. relating to or belonging to or characteristic of high society\ns. composed of sociable people or formed for the purpose of sociability,"a. 社会的, 群居的, 社交的\nn. 联欢会",,5,1,zk gk cet4 cet6 ky ielts,202,319,
socialism,'sәuʃәlizm,n. a political theory advocating state ownership of industry\nn. an economic system based on state ownership of capital,"n. 社会主义, 社会主义运动",,2,,gk cet4 cet6 ky,4039,7238,s:socialisms
socialist,'sәuʃәlist,n. a political advocate of socialism,"n. 社会主义者, 社会党党员\n[法] 社会主义的",,3,,gk cet4 cet6,2568,5591,s:socialists
society,sә'saiәti,n. an extended social group having a distinctive cultural and economic organization\nn. the fashionable elite,n. 社会；社交界；交往；社团,,5,1,zk gk cet4 cet6 ky,326,507,s:societies
sock,sɒk,n. hosiery consisting of a cloth covering for the foot; worn inside the shoe; reaches to between the ankle and the knee\nv. hit hard,"n. 短袜, 鞋垫, 一击\nvt. 重击, 猛投, 给...穿袜\nvi. 打击\nadv. 正着地, 不偏不倚地\na. 非常成功的",,2,1,gk cet4 cet6 ky gre,5063,4277,s:socks/d:socked/i:socking/p:socked/3:socks
socket,'sɒkit,n. a bony hollow into which a structure fits\nn. receptacle where something (a pipe or probe or end of a bone) is inserted\nn. a receptacle into which an electric device can be inserted,"n. 窝, 穴, 插座, 眼窝\nvt. 插进插座\n[计] 套接字",,1,,gk,5776,8195,s:sockets
sofa,'sәufә,n. an upholstered seat for more than one person,n. 沙发,,2,,zk gk cet6 ky,5140,4782,s:sofas
soft,sɒft,a. yielding readily to pressure or weight\na. compassionate and kind; conciliatory\na. (of sound) relatively low in volume\na. not protected against attack (especially by nuclear weapons),"a. 软的, 温和的, 柔和的, 柔滑的, 温柔的, 软弱的, 坡度小的, 笨的, 纸币的\nn. 柔软的东西, 笨人, 纸币\nadv. 柔软地, 温和地",,4,1,zk gk cet4 cet6 ky,1436,1374,r:softer/t:softest
softball,'sɒftbɒ:l,n. ball used in playing softball\nn. a game closely resembling baseball that is played on a smaller diamond and with a ball that is larger and softer,"n. 垒球运动, 垒球",,,,gk,0,8130,
software,'sɒftwєә,n. (computer science) written programs or procedures or rules and associated documentation pertaining to the operation of a computer system and that are stored in read/write memory,n. 软件\n[计] 软设备,,3,1,gk cet4 cet6 ky,1064,1577,
soil,sɒil,n. the part of the earth's surface consisting of humus and disintegrated rock,"n. 土壤, 土地, 国家, 国土, 温床, 污物, 粪便, 水池\nvt. 弄脏, 污辱\nvi. 变脏",,3,1,gk cet4 cet6 ky ielts gre,1894,1791,s:soils/d:soiled/p:soiled/i:soiling/3:soils
solar,'sәulә,a. relating to or derived from the sun or utilizing the energies of the sun,"a. 太阳的, 日光的, 源自太阳的\n[医] 太阳的; 腹腔丛的",,2,,gk cet4 cet6 ky toefl ielts,4774,2744,
soldier,'sәuldʒә,n. an enlisted man or woman who serves in an army\nn. a wingless sterile ant or termite having a large head and powerful jaws adapted for defending the colony\nv. serve as a soldier in the military,"n. 军人, 士兵, 兵蚁\nvi. 从军, 尽职, 偷懒, 磨洋工",,4,1,zk gk toefl,1731,1003,s:soldiers/p:soldiered/i:soldiering/3:soldiers/d:soldiered
solid,'sɒlid,n. matter that is solid at room temperature and pressure\nn. the state in which a substance has no tendency to flow under moderate stress; resists forces (such as compression) that tend to deform it; and retains a definite size and shape\nn. a three-dimensional shape\ns. characterized by good substantial quality,"n. 固体\na. 坚硬的, 稳固的, 固体的, 实心的, 纯质的, 立体的, 立方的\n[计] 原色",,3,1,zk gk cet4 cet6 ky,2417,2011,s:solids
some,sʌm,a. quantifier; used with either mass nouns or plural count nouns to indicate an unspecified number or quantity\ns. relatively much but unspecified in amount or extent\ns. relatively many but unspecified in number\ns. remarkable,"pron. 一些, 一部分, 若干\nadv. 大约\na. 一些的, 少许的, 某一的",,5,1,zk gk,53,60,
somebody,'sʌmbɒdi,n a human being,"n. 了不起的人, 大人物\npron. 有人, 某人",,4,1,zk gk,1321,1000,
someone,'sʌmwʌn,n a human being,"pron. 有人, 某人",,4,,zk gk,537,419,
something,'sʌmθiŋ,"n. Anything unknown, undetermined, or not specifically\n   designated; a certain indefinite thing; an indeterminate or unknown\n   event; an unspecified task, work, or thing.\nn. A part; a portion, more or less; an indefinite quantity\n   or degree; a little.\nn. A person or thing importance.\nadv. In some degree; somewhat; to some extent; at some\n   distance.","pron. 某事, 某物",,5,1,zk gk,167,142,
sometimes,'sʌmtaimz,"r. on certain occasions or in certain cases but not always; at other times for six months""","adv. 有时, 时常, 往往",,4,1,zk gk,478,445,
somewhere,'sʌmhwєә,n. an indefinite or unknown location\nr. in or at or to some place; (`someplace' is used informally for `somewhere'),"adv. 到某处, 在某处",,3,1,zk gk,1359,1588,
son,sʌn,n. a male human offspring\nn. the divine word of God; the second person in the Trinity (incarnate in Jesus),"n. 儿子, 女婿, 子孙\n[法] 儿子, 女婿, 养子",,5,1,zk gk,599,481,s:sons
song,sɒŋ,n. a short musical composition with words\nn. a distinctive or characteristic sound\nn. the act of singing\nn. a very small sum,"n. 歌, 曲, 鸣声, 歌唱, 歌曲, 诗歌",,4,1,zk gk,1405,851,s:songs
soon,su:n,r. in the near future,"adv. 不久, 早, 快, 宁可",,5,1,zk gk,615,610,
sorrow,'sɒrәu,n. an emotion of great sadness associated with loss or bereavement\nn. sadness associated with some wrong done or some disappointment,"n. 悲伤, 哀惜, 不幸\nvi. 悲伤, 懊悔, 遗憾",,1,,gk cet4 cet6 ky,7116,6304,s:sorrows/p:sorrowed/d:sorrowed/i:sorrowing/3:sorrows
sorry,'sɒri,a feeling or expressing regret or sorrow or a sense of loss over something done or undone\ns bad; unfortunate\ns without merit\ns causing dejection,"a. 难过的, 悲哀的, 遗憾的",,4,1,zk gk,870,1205,r:sorrier
sort,sɒ:t,n. an approximate definition or example\nn. a person of a particular character or nature\nn. an operation that segregates items into groups according to a specified criterion,"n. 种类, 方式, 品质, 态度, 举止\nvt. 分类, 排序, 挑选\nvi. 交往, 协调\n[计] 排序; DOS外部命令:从标准输入设备接收数据, 整个数据输入完后\n对它以行为单位进行排序, 然后在标准输出设备上输出",,5,1,zk gk cet4 cet6 ky toefl ielts,421,835,s:sorts/d:sorted/i:sorting/p:sorted/3:sorts
soul,sәul,n. the immaterial part of a person; the actuating cause of an individual life\nn. deep feeling or emotion\nn. the human embodiment of something\nn. a secular form of gospel that was a major Black musical genre in the 1960s and 1970s,"n. 灵魂, 心灵, 精神, 精髓, 人, 化身, 典型, 鬼魂\na. 黑人的",,3,1,gk cet4 cet6 ky toefl,2291,1604,s:souls
sound,saund,n. the particular auditory effect produced by a given cause\nn. the subjective sensation of hearing something\nn. mechanical vibrations transmitted by an elastic medium\nn. the sudden occurrence of an audible event,"n. 声音, 语音, 吵闹, 声调, 听力范围, 探条, 海峡\na. 健全的, 可靠的, 合理的, 健康的, 彻底的, 资金充实的\nadv. 彻底地, 充分地\nvi. 发出声音, 回响, 测深, 试探, 听起来\nvt. 使发声, 宣告, 听诊, 测...深, 试探\n[计] 声音",,2,1,zk gk ielts,780,702,3:sounds/s:sounds/p:sounded/i:sounding/d:sounded/r:sounder
soup,su:p,n. liquid food especially of meat or fish or vegetable stock often containing pieces of solid food\nn. any composition having a consistency suggestive of soup\nn. an unfortunate situation\nv. dope (a racehorse),"n. 汤, 马力\nvt. 加速, 增加马力",,2,1,zk gk cet4 cet6 ky toefl,4360,2997,s:soups/p:souped/i:souping/3:soups/d:souped
sour,'sauә,n. a cocktail made of a liquor (especially whiskey or gin) mixed with lemon or lime juice and sugar\nn. the taste experience when vinegar or lemon juice is taken into the mouth\nv. go sour or spoil\nv. make sour or more sour,"a. 酸的, 酸臭的, 发酵的, 愠怒的, 讨厌的, 拙劣的, 不健全的\nvi. 变酸, 发酵, 厌烦, 变坏\nvt. 使变酸, 使失望\nn. 酸味, 酸饮料",,2,1,zk gk cet4 cet6 ky toefl ielts,7745,5281,d:soured/p:soured/3:sours/i:souring/r:sourer/t:sourest
south,sauθ,"n. the region of the United States lying to the south of the Mason-Dixon line\nn. the cardinal compass point that is at 180 degrees\nn. a location in the southern part of a country, region, or city\nn. the direction corresponding to the southward cardinal compass point","n. 南方, 南\na. 南的, 向南的\nadv. 在南方\nvi. 转向南方",,4,1,zk gk,601,636,
southeast,sauθ'i:st,n. the compass point midway between south and east; at 135 degrees\nn. the southeastern region of the United States\nn. the direction corresponding to the southeastward compass point,"n. 东南, 东南地区\na. 东南的, 向东南的, 来自东南的\nadv. 往东南, 来自东南",,,,gk cet4 cet6 ky,10728,3708,
southern,'sʌðәn,a. in or characteristic of a region of the United States south of (approximately) the Mason-Dixon line\na. situated in or coming from regions of the south,"n. 南方人, 男风\na. 向南方的, 来自南方的",,4,1,zk gk cet4 cet6 ky,1704,1105,
southwest,sauθ'west,"n. the compass point midway between south and west; at 225 degrees\nn. the southwestern region of the United States generally including New Mexico, Arizona, Texas, Nevada, California, and sometimes Utah and Colorado\nn. the direction corresponding to the southwestward compass point","n. 西南, 西南方, 西南地区\na. 西南的, 来自西南方的\nadv. 往西南, 来自西南",,,,gk cet4 cet6 ky,15280,3564,
souvenirs,su:və'nɪəz,n something of sentimental value\nn a reminder of past events,n. 纪念品( souvenir的名词复数 ),,,,gk ielts,0,0,0:souvenir/1:s
sow,sau. sәu,n. an adult female hog\nv. place (seeds) in or on the ground for future growth\nv. introduce into an environment,"n. 母猪, 懒胖女人\nvt. 播种, 散布, 使密布\nvi. 播种",,2,,gk cet4 cet6 ky toefl ielts gre,6893,10366,d:sown/s:sows/i:sowing/p:sowed/3:sows
space,speis,n. the unlimited expanse in which everything is located\nn. an empty area (usually bounded in some way between things)\nn. an area reserved for some particular purpose\nn. a blank character used to separate successive words in writing or printing,"n. 位置, 空间, 距离, 太空, 空白, 间隔, (期刊等的)篇幅\nvt. 隔开, 分隔\nvi. 留间隔\n[计] 空白, 空格校验",,4,1,zk gk cet4 cet6 ky ielts,715,521,s:spaces/d:spaced/i:spacing/p:spaced/3:spaces
spaceship,'speisʃip,n a spacecraft designed to carry a crew into interstellar space (especially in science fiction),n. 宇宙飞船,,,,gk cet4 cet6 ky toefl,16374,11577,s:spaceships
spade,speid,n. a playing card in the major suit that has one or more black figures on it\nn. a sturdy hand shovel that can be pushed into the earth with the foot\nv. dig (up) with a spade,"n. 铲子, 锄, 铲刀, 黑桃\nvt. 以锄掘, 把...弄实抹平\nvi. 铲",,1,,gk cet4 cet6 ky,8703,13365,s:spades/i:spading/p:spaded/3:spades/d:spaded
Spanish,'spæniʃ,n. the Romance language spoken in most of Spain and the countries colonized by Spain\nn. the people of Spain\na. of or relating to or characteristic of Spain or the people of Spain,"n. 西班牙人, 西班牙语\na. 西班牙的",,,,gk cet4 cet6 ielts,2474,2204,
spare,spєә,n. a score in tenpins; knocking down all ten after rolling two balls\nv. refrain from harming\nv. save or relieve from an experience or action\nv. give up what is not strictly needed,"n. 剩余, 备用品, 备件, 备用零件, 备用轮胎\na. 多余的, 备用的, 空闲的, 节约的, 瘦的\nvi. 节约, 省掉, 宽恕\nvt. 节约, 省用, 剩下, 饶恕, 赦免",,3,1,zk gk toefl ielts,3617,4585,d:spared/s:spares/p:spared/i:sparing/3:spares
sparrow,'spærәu,n. any of several small dull-colored singing birds feeding on seeds or insects,n. 麻雀,,1,,gk cet4 cet6 toefl,14590,14123,s:sparrows
speak,spi:k,v. use language\nv. make a characteristic or natural sound,"vi. 说, 说话, 演说, 发言\nvt. 说, 讲, 说出",,5,1,zk gk,352,335,p:spoke/i:speaking/d:spoken/3:speaks
speaker,'spi:kә,n. someone who expresses in language; someone who talks (especially someone who delivers a public speech or someone especially garrulous)\nn. the presiding officer of a deliberative assembly,"n. 说话人, 讲演者, 发言人, 喇叭, 扬声器\n[计] 扬声器",,3,1,zk gk cet4 cet6 ky ielts,996,2535,s:speakers
spear,spiә,n. a long pointed rod used as a tool or weapon\nn. an implement with a shaft and barbed point used for catching fish\nv. pierce with a spear\nv. thrust up like a spear,"n. 矛, 枪, 持矛者, 嫩枝\nvt. 用矛刺\nvi. 刺, 戳\na. 父系的",,1,,gk cet4 cet6 ky gre,8899,8310,s:spears/p:speared/d:speared/i:spearing/3:spears
special,'speʃәl,n. a special offering (usually temporary and at a reduced price) that is featured in advertising\nn. a dish or meal given prominence in e.g. a restaurant\nn. a television production that features a particular person or work or topic\ns. for a special service or occasion,"n. 专辑, 专车, 号外, 特别的东西, 负有特别任务的人员\na. 特别的, 专门的, 特殊的, 额外的, 附加的, 特别亲密的",,5,1,zk gk cet4 cet6 ky ielts,438,520,s:specials
specialist,'speiʃәlist,n. an expert who is devoted to one occupation or branch of learning\nn. practices one branch of medicine,"n. 专门医师, 专家\na. 专业的, 专家的",,3,1,gk cet4 cet6 ky,1808,2546,s:specialists
specific,spi'sifik,n. a medicine that has a mitigating effect on a specific disease\na. (sometimes followed by `to') applying to or characterized by or distinguishing something particular or special or unique\ns. stated explicitly or in detail\na. relating to or distinguishing or constituting a taxonomic species,"n. 特效药, 特性\na. 特殊的, 明确的, 具有特效的, 特定地, 具体地",,4,1,gk cet4 cet6 ky toefl ielts,882,979,s:specifics
speech,spi:tʃ,n. (language) communication by word of mouth\nn. something spoken\nn. the exchange of spoken words,"n. 演讲, 说话, 谈话, 言语, 引语, 民族语言\n[医] 言语, 语言",,4,1,zk gk cet4 cet6 ky ielts,1119,1100,s:speeches
speed,spi:d,n. distance travelled per unit time\nn. a rate (usually rapid) at which something happens\nn. changing location rapidly\nv. travel at an excessive or illegal velocity,"n. 速率, 速度, 迅速\nvi. 加速, 超速, 快进\nvt. 快速传送, 促进, 使加速\n[计] 中央处理机速度设置程序",,4,1,zk gk cet4 cet6 ky ielts,1245,1390,s:speeds/i:speeding/p:sped/3:speeds/d:speeded
spell,spel,n. a verbal formula believed to have magical force\nv. orally recite the letters of or give the spelling of\nv. indicate or signify\nv. write or name the letters that comprise the conventionally accepted form of (a word or part of a word),"n. 符咒, 魅力, 轮值, 轮班, 工作时间, 一次发作\nvt. 拼写, 拼成, 琢磨, 理解, 招致, 轮换, 迷住\nvi. 轮换, 拼字",,3,1,zk gk cet4 cet6 ky gre,3382,4299,s:spells/d:spelt/3:spells/i:spelling/p:spelt
spelling,'speliŋ,n. forming words with letters according to the principles underlying accepted usage,"n. 拼, 拼字, 拼法\n[计] 拼写检查",,1,1,gk cet4 cet6 ky,5779,7907,0:spell/1:i/i:spelling/s:spellings
spend,spend,v. pass time in a specific way\nv. pay out\nv. spend completely,"vt. 花费, 浪费, 度过, 消耗, 消磨\nvi. 花费, 用尽",,5,1,zk gk,424,342,d:spent/p:spent/i:spending/3:spends
spin,spin,n. a swift whirling motion (usually of a missile)\nn. the act of rotating rapidly\nn. a short drive in a car\nn. a distinctive interpretation (especially as used by politicians to sway public opinion),"n. 旋转, 自旋, 疾驰, 情绪低落\nvt. 纺织, 纺, 使旋转, 编造\nvi. 纺纱, 吐丝, 作茧, 结网, 旋转, 自旋, 疾驰",,3,1,gk cet4 cet6 ky toefl ielts gre,3841,2644,i:spinning/p:spun/d:spun/3:spins/s:spins
spirit,'spirit,n. the vital principle or animating force within living things\nn. the general atmosphere of a place or situation and the effect that it has on people\nn. a fundamental emotional and activating principle determining one's character\nn. any incorporeal supernatural being that can become visible (or audible) to human beings,"n. 精神, 心灵, 灵魂, 态度, 志气, 人格, 情绪, 心情, 烈酒\nvt. 诱拐, 鼓励, 鼓舞",,4,1,zk gk cet4 cet6 ky toefl,1189,1180,s:spirits/d:spirited/p:spirited/i:spiriting/3:spirits
spiritual,'spiritʃuәl,n. a kind of religious song originated by Blacks in the southern United States\ns. concerned with or affecting the spirit or soul\ns. lacking material body or form or substance,"a. 精神上的, 神圣的, 崇高的, 高尚的, 鬼的, 招魂术的\nn. 有关教会的事",,3,1,gk cet4 cet6 ky toefl ielts gre,3233,2096,s:spirituals
spit,spit,n. a narrow strip of land that juts out into the sea\nn. a skewer for holding meat over a fire\nn. the act of spitting (forcefully expelling saliva)\nv. expel or eject (saliva or phlegm or sputum) from the mouth,"n. 唾液, 唾吐, 小雨, 炙叉, 一铲的深度\nvt. 唾吐, 吐出, 降小雨, 用炙叉穿过\nvi. 吐唾沫, 吐痰, 唾弃, 飘霏霏细雨",,2,,gk cet4 cet6 ky ielts,5395,4932,d:spat/p:spat/i:spitting/3:spits/1:pd/0:spit/s:spits
splendid,'spendid,s having great beauty and splendor\ns very good; of the highest quality\ns characterized by grandeur,"a. 光亮的, 了不起的, 灿烂的, 壮丽的, 显著的, 杰出的",,2,,gk cet4 cet6 ky toefl ielts,3954,7708,
split,split,n. extending the legs at right angles to the trunk (one in front and the other in back)\nn. a bottle containing half the usual amount\nn. a promised or claimed share of loot or money\nn. a lengthwise crack in wood,"n. 劈开, 裂片, 裂缝, 分裂, 派系, 派别, 柳条\na. 劈开的\nvi. 分离, 分开, 裂开, 被劈开\nvt. 劈开, 切开, 使分裂, 使分离\n[计] 拆分",,4,1,gk cet4 cet6 ky toefl ielts gre,2573,2910,d:split/0:split/1:dp/i:splitting/p:split/s:splits/3:splits
spoken,'spәukәn,a. uttered through the medium of speech or characterized by speech; sometimes used in combination,"a. 口头讲的, 口语的\nspeak的过去分词",,,1,gk,6629,11639,0:speak/1:d/d:spoken
sponsor,'spɒnsә,v. assume sponsorship of\nv. assume responsibility for or leadership of,"n. 保证人, 赞助者, 发起者, 倡议者, 教父\nvt. 发起, 赞助, 倡议",,3,,gk cet4 cet6 ky toefl ielts,4150,3453,d:sponsored/s:sponsors/i:sponsoring/p:sponsored/3:sponsors
spoon,spu:n,n. a piece of cutlery with a shallow bowl-shaped container and a handle; used to stir or serve or take up food\nn. as much as a spoon will hold\nn. formerly a golfing wood with an elevated face\nv. scoop up or take up with a spoon,"n. 匙, 调羹, 匙形工具\nvt. 以匙舀起, 调情, 使成匙状",,2,1,zk gk cet4 cet6 ky toefl,6114,4339,s:spoons/p:spooned/i:spooning/d:spooned/3:spoons
spoonful,'spu:nful,n as much as a spoon will hold,"n. 一匙\n[医] 一匙, 匙",,1,,gk,15630,14845,s:spoonfuls
sport,spɒ:t,n. an active diversion requiring physical exertion and competition\nn. the occupation of athletes who compete for pay\nn. (Maine colloquial) a temporary summer resident of Maine\nn. a person known for the way she (or he) behaves when teased or defeated or subjected to trying circumstances,"n. 运动, 游戏, 娱乐, 消遣, 玩笑\na. 运动的, 户外穿戴的\nvi. 游戏, 参加体育运动, 戏弄, 产生变种\nvt. 炫耀, 使产生变种",,4,1,zk gk ielts gre,1122,666,s:sports/p:sported/i:sporting/3:sports/d:sported
spot,spɒt,n. a short section or illustration (as between radio or tv programs or in a magazine) that is often used for advertising\nn. a small contrasting part of something\nn. a section of an entertainment that is assigned to a specific performer or performance\nn. a business establishment for entertainment,"n. 污点, 地点, 斑点, 点, 娱乐场所, 处境, 少量\na. 当场的, 现场的, 现货买卖的, 现金交易的, 抽样的\nvt. 点缀, 玷污, 认出, 准确定...的位, 用灯光照射\nvi. 玷污, (从空中)侦察敌方目标",,4,1,gk cet4 cet6 ky toefl ielts,1723,1228,s:spots/p:spotted/d:spotted/i:spotting/3:spots
spray,sprei,n. a pesticide in suspension or solution; intended for spraying\nn. a quantity of small objects flying through the air\nn. flower arrangement consisting of a single branch or shoot bearing flowers and foliage\nn. water in small drops in the atmosphere; blown from waves or thrown up by a waterfall,"n. 水沫, 浪花, 水花, 喷雾, 喷雾器, 小树枝\nvt. 喷雾, 扫射, 喷射\nvi. 喷, 溅开",,3,1,gk cet4 cet6 ky toefl ielts,5640,4417,d:sprayed/s:sprays/i:spraying/p:sprayed/3:sprays
spread,spred,n. process or result of distributing or extending over a wide expanse of space\nn. a tasty mixture to be spread on bread or crackers or used in preparing other dishes\nn. two facing pages of a book or other publication\nn. the expansion of a person's girth (especially at middle age),"n. 传播, 散布, 伸展\na. 双唇展开的, 伸展的\nvt. 展开, 铺开, 传播, 推广, 伸出, 涂, 敷, 延伸\nvi. 展开, 扩大, 传开, 延伸\n[计] 展开",,4,1,zk gk cet4 cet6 ky,1575,1371,d:spread/0:spread/1:dp/p:spread/i:spreading/3:spreads/s:spreads
spring,spriŋ,n. the season of growth\nn. a metal elastic device that returns to its shape or position when pushed or pulled or pressed\nn. a natural flow of ground water\nn. a point at which water issues forth,"n. 春天, 弹簧, 跳跃, 弹性, 活力, 泉, 源泉\na. 春天的\nvi. 跳, 弹跳, 涌出, 生长, 裂开, 高耸\nvt. 使跳起, 使爆炸, 突然提出",,4,1,zk gk toefl ielts,1503,901,s:springs/p:sprang/d:sprung/i:springing/3:springs
spy,spai,"n. (military) a secret agent hired by a state to obtain information about its enemies or by a business to obtain industrial secrets from competitors\nn. a secret watcher; someone who secretly watches other people\nv. watch, observe, or inquire secretly\nv. catch sight of; to perceive with the eyes","n. 间谍, 侦探, 侦察\nvt. 侦察, 找出, 发现\nvi. 做密探, 侦查",,2,,gk cet4 cet6 ky,6072,4846,s:spies/i:spying/p:spied/d:spied/3:spies
square,skwєә,n. (geometry) a plane rectangle with four equal sides and four right angles; a four-sided regular polygon\nn. the product of two equal terms\nn. something approximating the shape of a square\nn. someone who doesn't understand what is going on,"n. 正方形, 街区, 广场, 平方, 直角尺\na. 正方形的, 正直的, 公正的, 平方的, 方正的, 结清的\nadv. 成直角地, 对准地\nvi. 一致, 符合, 结清\nvt. 使成方形, 使平方自乘, 调正, 结清, 使一致",,4,1,zk gk cet4 cet6 ky toefl ielts gre,1802,2747,s:squares/d:squared/i:squaring/p:squared/3:squares
squeeze,skwi:z,n. the act of gripping and pressing firmly\nn. a situation in which increased costs cannot be passed on to the customer\nn. (slang) a person's girlfriend or boyfriend\nn. a twisting squeeze,"n. 紧握, 挤, 榨, 榨取, 佣金\nvt. 紧握, 挤, 榨取\nvi. 压榨, 榨",,3,1,gk cet4 cet6 ky toefl ielts gre,3390,2891,p:squeezed/d:squeezed/i:squeezing/3:squeezes/s:squeezes
squid,skwid,n. (Italian cuisine) squid prepared as food\nn. widely distributed fast-moving ten-armed cephalopod mollusk having a long tapered body with triangular tail fins,"n. 枪乌贼, 鱿鱼, 反潜水雷发射装置\n[电] 超导量子干涉元件",,1,,gk,16736,11582,s:squids
squirrel,'skwә:rәl,n. a kind of arboreal rodent having a long bushy tail\nn. the fur of a squirrel,"n. 松鼠, 松鼠毛皮\nvt. 贮藏",,1,,gk cet4 cet6 ky toefl gre,10225,6904,s:squirrels/i:squirrelling/p:squirrelled/d:squirrelled
stable,'steibl,n. a farm building for housing horses or other livestock\nv. shelter in a stable\na. resistant to change of position or condition\ns. firm and dependable; subject to little fluctuation,"n. 马房, 牛棚\na. 稳定的, 安定的, 坚固的, 坚定的\nvt. 赶入马房\nvi. 被关在马厩",,4,1,gk cet4 cet6 ky toefl,2637,2903,s:stables/p:stabled/d:stabled/i:stabling/3:stables
stadium,'steidiәm,n. a large structure for open-air sports or entertainments,"n. 露天大型运动场\n[医] 期, 病期",,3,,gk cet4 cet6 ky ielts,5803,4128,s:stadia
staff,stɑ:f,n. personnel who assist their superior in carrying out an assigned task\nn. a strong rod or stick with a specialized utilitarian purpose\nn. the body of teachers and administrators at a school\nn. building material consisting of plaster and hair; used to cover external surfaces of temporary structure (as at an exposition) or for decoration,"n. 全体人员, 工作班子, 棍棒, 杆, 拐杖, 支柱, 权杖\na. 职员的, 雇员的, 参谋的\nvt. 为...配备人员",,5,1,gk cet4 cet6 ky toefl ielts,423,784,d:staffed/s:staffs/i:staffing/p:staffed/3:staffs
stage,steidʒ,n. a large platform on which people can stand and can be seen by an audience\nn. the theater as a profession (usually `the stage')\nn. a section or portion of a journey or course\nn. any scene regarded as a setting for exhibiting or doing something,"n. 阶段, 舞台, 场所, 戏剧, 站, 驿站, 级, 层, 脚手架\nvt. 上演, 表演, 筹划\nvi. 适于上演, 乘驿车旅行",,5,1,gk cet4 cet6 ky ielts,482,829,s:stages/d:staged/p:staged/i:staging/3:stages
stain,stein,n. a soiled or discolored appearance\nn. (microscopy) a dye or other coloring material that is used in microscopy to make structures visible\nv. color with a liquid dye or tint\nv. produce or leave stains,"n. 污染, 污点, 着色剂\nvt. 沾染, 染污, 着色\nvi. 变脏",,2,,gk cet4 cet6 ky toefl ielts gre,5778,6708,d:stained/i:staining/s:stains/p:stained/3:stains
stainless,'steinlis,s. (of reputation) free from blemishes,"a. 无瑕疵的, 不锈的\n[机] 不绣的, 污染的",,,,gk cet6,11524,8262,
stair,stєә,n support consisting of a place to rest the foot while ascending or descending a stairway,"n. 梯级, 楼梯, 阶梯",,2,1,gk cet4 cet6 ky,0,2863,
stamp,stæmp,n. a type or class\nn. a symbol that is the result of printing or engraving\nn. machine consisting of a heavy bar that moves vertically for pounding or crushing ores\nn. a block or die used to imprint a mark or design,"n. 印, 邮票, 打印器, 戳子, 图章, 印花税票, 标志, 特征, 类型, 跺脚\nvt. 盖章于, 顿足, 贴上邮票, 铭刻, 捣碎, 扑灭\nvi. 捣碎, 跺脚",,3,1,zk gk toefl gre,3923,5139,s:stamps/p:stamped/d:stamped/i:stamping/3:stamps
stand,stænd,n. the position where a thing or person stands\nn. a growth of similar plants (usually trees) in a particular area\nn. a small table for holding articles of various kinds\nn. an interruption of normal activity,"n. 站立, 站住, 停顿, 讲台, 看台, 立场, 法院证人席\nvi. 站, 立, 坐落, 停滞, 位于, 坚持, 维持原状\nvt. 忍受, 使站立, 抵挡",,5,1,zk gk toefl ielts,273,281,p:stood/i:standing/3:stands/d:stood/s:stands
standard,'stændәd,n. a basis for comparison; a reference point against which other things can be evaluated\nn. a board measure = 1980 board feet\nn. the value behind the money in a monetary system\nn. an upright pole or beam (especially one used as a support),"n. 标准, 规格, 旗, 军旗, 本位\na. 标准的, 合规格的\n[计] 标准",,4,1,zk gk cet4 cet6 ky toefl ielts,653,806,s:standards
star,stɑ:,n. (astronomy) a celestial body of hot gases that radiates energy derived from thermonuclear reactions in the interior\nn. any celestial body visible (as a point of light) from the Earth at night\nn. an actor who plays a principal role\nn. a plane figure with 5 or more points; often used as an emblem,"n. 星, 恒星, 星形物, 运气, 明星\nvt. 以星状物装饰, 用星号标, 使成为明星\nvi. 变成明星",,5,1,zk gk ielts,1001,538,s:stars/i:starring/p:starred/3:stars/d:starred
stare,stєә,n. a fixed look with eyes open wide\nv. fixate one's eyes,"vi. 注视, 凝视, 瞪视, 显眼\nvt. 盯\nn. 凝视",,3,1,gk cet4 cet6 ky toefl,1192,1131,p:stared/i:staring/3:stares/d:stared/s:stares
start,stɑ:t,n. the beginning of anything\nn. a turn to be a starter (in a game at the beginning)\nn. a line indicating the location of the start of a race or a game\nn. the advantage gained by beginning early (as in a race),"n. 惊起, 出发, 开端, 起点, 吃惊, 有利条件\nvi. 开始, 出发, 启动, 跳起, 吃惊, 出现, 松动, 脱落, 起价, 参赛\nvt. 使惊起, 开动, 发动, 启动, 开始, 创办, 提议, 使松动, 使脱落, 起用\n[计] 起始",,5,1,zk gk,205,173,p:started/d:started/3:starts/i:starting/s:starts
starvation,stɑ:'veiʃәn,n. a state of extreme hunger resulting from lack of essential nutrients over a prolonged period\nn. the act of depriving of food or subjecting to famine,"n. 饥饿, 饿死\n[医] 绝食, 饥锇(指长时期的)",,2,,gk cet4 toefl,8598,9590,s:starvations
starve,stɑ:v,v. be hungry; go without food\nv. die of food deprivation\nv. deprive of food\nv. deprive of a necessity and cause suffering,"v. (使)饿死, (使)挨饿",,2,,gk cet4 cet6 ky toefl ielts,7555,7450,d:starved/i:starving/p:starved/3:starves
state,steit,n. the territory occupied by one of the constituent administrative districts of a nation\nn. the way something is with respect to its main attributes\nn. the group of people comprising the government of a sovereign state\nn. a politically organized body of people under a single government,"n. 州, 状态, 情形, 国家, 政府, 领土, 国务, 社会地位\na. 国家的, 正式的, 礼仪用的, 州的\nvt. 说明, 陈述, 规定\n[计] 状态",,5,1,zk gk cet4 cet6 ky,194,137,s:states/p:stated/d:stated/3:states/i:stating
statement,'steitmәnt,n. a message that is stated or declared; a communication (oral or written) setting forth particulars or facts etc\nn. (music) the presentation of a musical theme\nn. a nonverbal message\nn. a document showing credits and debits,"n. 陈述, 指令, 声明\n[计] 程序语句; 语句",,4,1,gk cet4 cet6 ky ielts,717,921,s:statements
station,'steiʃәn,n. a facility equipped with special equipment and personnel for a particular purpose\nn. (nautical) the location to which a ship or fleet is assigned for duty\nn. the frequency assigned to a broadcasting station\nv. assign to a station,"n. 车站, 站, 局, 驻地, 位置, 身分, 地位\nvt. 安置, 配置, 驻扎\n[计] 站",,4,1,zk gk ielts,736,841,s:stations/d:stationed/i:stationing/p:stationed/3:stations
statistics,stә'tistiks,n. a branch of applied mathematics concerned with the collection and interpretation of quantitative data and the use of probability theory to estimate population parameters,"n. 统计学, 统计资料\n[计] 统计信息",,,,gk cet4 cet6 ky toefl ielts,2602,2709,
statue,'stætju,n. a sculpture representing a human or animal,vt. 以雕像装饰\nn. 雕像,,2,1,gk cet4 cet6 ky toefl ielts,4519,3872,s:statues
status,'steitәs,n. the relative position or standing of things or especially persons in a society,"n. 状态, 情形, 地位, 要人身份\n[计] 状态",,4,1,gk cet4 cet6 ky toefl ielts gre,1137,1215,
stay,stei,n. continuing or remaining in a place or state\nn. a judicial order forbidding some action until an event occurs or the order is lifted\nn. a thin strip of metal or bone that is used to stiffen a garment (e.g. a corset)\nn. (nautical) brace consisting of a heavy rope or wire cable used as a support for a mast or spar,"n. 停留, 逗留, 制止, 延缓, 停止, 支柱, 支撑物, 支索\nvt. 制止, 延缓, 坚持, 支持, 支撑, 用支索固定\nvi. 停留, 逗留, 暂停, 坚持, 中止",,5,1,zk gk,549,409,p:stayed/i:staying/d:stayed/3:stays/s:stays
steady,'stedi,v. make steady\na. not subject to change or variation especially in behavior\ns. securely in position; not shaky\ns. not easily excited or upset,"a. 稳定的, 不动摇的, 沉着的, 稳固的, 坚定的, 经常的\nvt. 使稳定, 使坚定\nvi. 变为沉着, 稳固",,3,1,gk cet4 cet6 ky toefl ielts,2922,2914,p:steadied/i:steadying/d:steadied/r:steadier/3:steadies/t:steadiest
steak,steik,n. a slice of meat cut from the fleshy part of an animal or large fish,"n. 牛排, 鱼排, 肉排",,2,,gk cet6 ky toefl ielts,7171,4634,s:steaks
steal,sti:l,n. a stolen base; an instance in which a base runner advances safely during the delivery of a pitch (without the help of a hit or walk or passed ball or wild pitch)\nv. take without the owner's consent\nv. move stealthily\nv. steal a base,vt. 剽窃；偷偷地做；偷窃；vi. 窃取；偷偷地行动；[棒球]偷垒；n. [口]偷窃；便宜货；偷垒；[篮球]断球,,3,1,zk gk cet4 cet6 ky toefl,1891,1784,d:stolen/p:stole/i:stealing/3:steals
steam,sti:m,n. water at boiling temperature diffused in the atmosphere\nv. emit steam\nv. rise as vapor\nv. get very angry,"n. 蒸汽, 精力\na. 蒸汽的\nvi. 蒸发, 行驶, 发怒\nvt. 蒸, 煮, 散发",,3,1,gk cet4 cet6 ky toefl ielts,2756,4139,i:steaming/p:steamed/d:steamed/s:steams/3:steams
steel,sti:l,"n. an alloy of iron with small amounts of carbon; widely used in construction; mechanical properties can be varied over a wide range\nn. knife sharpener consisting of a ridged steel rod\nv. get ready for something difficult or unpleasant\nv. cover, plate, or edge with steel","n. 钢, 钢制品, 钢铁, 坚硬, 坚固\na. 钢的, 钢制的, 钢铁业的, 坚强的\nvt. 使坚强, 钢化, 使冷酷",,3,1,zk gk cet4 cet6 ky ielts,2282,2152,p:steeled/s:steels/i:steeling/d:steeled/3:steels
steep,sti:p,n. a steep place (as on a hill)\nv. devote (oneself) fully to\nv. let sit in a liquid to extract a flavor or to cleanse\na. having a sharp inclination,"n. 浸渍, 悬崖\na. 险峻的, 陡峭的, 急剧升降的, 夸大的\nv. 浸, 泡",,2,1,gk cet4 cet6 ky toefl ielts gre,3793,3973,r:steeper/d:steeped/t:steepest/i:steeping/p:steeped/3:steeps
step,step,n. the act of changing location by raising the foot and setting it down\nn. support consisting of a place to rest the foot while ascending or descending a stairway\nn. a short distance\nn. a solid block joined to the beams in which the heel of a ship's mast or capstan is fixed,"n. 步骤, 步, 步幅, 脚步声, 踏级, 步伐, 短距离, 步态, 手段, 等级\nvt. 踏, 以步测量, 跨步, 使成阶梯状\nvi. 跨步, 轻快地走, 跳舞, 踩, 踏上, 行走\n[计] 步骤",,5,1,zk gk cet4 cet6 ky,720,587,s:steps/p:stepped/i:stepping/d:stepped/3:steps
steward,'stju:wәd,n. someone who manages property or other affairs for someone else\nn. the ship's officer who is in charge of provisions and dining arrangements\nn. an attendant on an airplane,"n. 管理人, 招待员, 管家, 乘务员\n[经] 轮船, 飞机的服务员, (财务)管理员",,2,,gk cet4 cet6 ky ielts,4750,10595,s:stewards/i:stewarding/p:stewarded
stewardess,'stju:wәdis,n. a woman steward on an airplane,"n. 空中小姐, 女管理人, 女管家",,,,gk cet4 cet6,22477,17096,s:stewardesses
stick,stik,n. an implement consisting of a length of wood\nn. a small thin branch of a tree\nn. a lever used by a pilot to control the ailerons and elevators of an airplane\nn. a rectangular quarter pound block of butter or margarine,"n. 棍, 棒, 刺, 枯枝, 茎, 条状物\nvt. 插进, 刺入, 钉住, 伸出, 粘贴, 停止\nvi. 粘住, 停留, 坚持, 陷住, 伸出",,3,1,zk gk cet4 cet6 ky toefl ielts,1545,1209,p:stuck/i:sticking/d:stuck/s:sticks/3:sticks
still,stil,n. a static photograph (especially one taken from a movie and used for advertising purposes)\nn. an apparatus used for the distillation of liquids; consists of a vessel in which a substance is vaporized by heat and a condenser where the vapor is condensed\nv. lessen the intensity of or calm\nv. make motionless,"n. 蒸馏室, 寂静, 剧照\nv. 蒸馏, (使)平静, (使)静止\na. 静止的, 不动的, 静寂的, 不起泡的, 静物摄影的\nadv. 仍然, 更, 静止地\nconj. 然而, 但是",,5,1,zk gk toefl,112,126,s:stills/i:stilling/p:stilled/3:stills/d:stilled
stocking,'stɒkiŋ,n. close-fitting hosiery to cover the foot and leg; come in matched pairs (usually used in the plural)\nn. the activity of supplying a stock of something,n. 长袜\n[医] 马足水肿; 长袜,,1,,gk cet4 cet6 ky,6503,8355,0:stock/1:i/s:stockings/i:stocking
stomach,'stʌmәk,n. an enlarged and muscular saclike organ of the alimentary canal; the principal organ of digestion\nn. an inclination or liking for things involving conflict or difficulty or unpleasantness\nn. an appetite for food\nv. bear to eat,"n. 胃, 食欲, 欲望, 肚子\nvt. 吃下, 忍受",,3,1,zk gk cet4 cet6 ky toefl ielts gre,2661,2503,s:stomachs/i:stomaching/p:stomached/3:stomaches/d:stomached
stomachache,'stʌmәkeik,n. an ache localized in the stomach or abdominal region,"n. 胃痛, 肚子痛",,,,gk,0,25221,
stone,stәun,n. building material consisting of a piece of rock hewn in a definite shape for a special purpose\nn. an avoirdupois unit used to measure the weight of a human body; equal to 14 pounds\nn. the hard inner (usually woody) layer of the pericarp of some fruits (as peaches or plums or cherries or olives) that contains the seed\nn. United States jurist who was named chief justice of the United States Supreme Court in 1941 by Franklin D. Roosevelt (1872-1946),"n. 石头, 宝石, 果核, 纪念碑, 结石\nvt. 投扔石子, 铺石头\na. 石的, 石制的, 完全的",,4,1,zk gk cet4 cet6 ky ielts,888,1220,s:stones/d:stoned/p:stoned/i:stoning/3:stones
stop,stɒp,n. the event of something ending\nn. the act of stopping something\nn. a brief stay in the course of a journey\nn. a spot where something halts or pauses,"n. 停止, 车站, 逗留, 填塞, 障碍, (风琴的)音栓\nvi. 停止, 被塞住\nvt. 塞住, 堵塞, 阻止, 击落, 停止, 终止, 断绝",,5,1,zk gk,359,329,p:stopped/d:stopped/i:stopping/3:stops/s:stops
stopwatch,'stɒpwɒtʃ,n. a timepiece that can be started or stopped for exact timing (as of a race),"n. 计时表, 码表",,,,gk,34023,20916,
storage,'stɒ:ridʒ,n. the act of storing something\nn. the commercial enterprise of storing goods and materials\nn. (computer science) the process of storing information in a computer memory or on a magnetic tape or disk,"n. 存储器, 储藏, 保管, 库存, 仓库\n[计] 存放处; 存储",,2,,gk cet4 cet6 ky toefl ielts,2703,2941,s:storages
store,stɒ:,n. a supply of something available for future use\nv. keep or lay aside for future use\nv. find a place for and put away for storage,"n. 商店, 贮藏, 仓库, 备用品, 存储器\nvt. 储存, 贮藏, 供给\nvi. 贮藏\na. 贮藏的, 现成的\n[计] 存储器操作; 存储",,4,1,zk gk ielts,1583,700,s:stores/d:stored/p:stored/i:storing/3:stores
storm,stɒ:m,n. a violent weather condition with winds 64-72 knots (11 on the Beaufort scale) and precipitation and thunder and lightning\nn. a violent commotion or disturbance\nn. a direct and violent assault on a stronghold\nv. take by force,"n. 暴风雨, 骚动, 风波, 风暴, 猛攻\nvi. 起风, 猛冲, 怒吼\nvt. 猛攻",,3,1,zk gk cet4 cet6 ky toefl,2871,1656,s:storms/p:stormed/i:storming/d:stormed/3:storms
story,'stɒ:ri,n. a piece of fiction that narrates a chain of related events,"n. 故事, 小说, 传奇, 描述, 阅历, 经历, 层",,5,1,zk gk ielts,542,233,s:stories
stout,staut,n. a strong very dark heavy-bodied ale made from pale malt and roasted unmalted barley and (often) caramel malt with hops\nn. a garment size for a large or heavy person,a. 结实的；矮胖的；勇敢的；激烈的\nn. 矮胖子；烈性啤酒,,1,,gk cet6 toefl gre,9786,13326,r:stouter/t:stoutest/s:stouts
stove,stәuv,n. a kitchen appliance used for cooking food\nn. any heating apparatus,"n. 火炉, 窑\nvt. 用火炉烤\nstave的过去式和过去分词",,1,1,gk cet4 cet6 ky toefl,6609,4388,s:stoves/d:stoved/p:stoved/0:stove/1:p
straight,streit,n. a poker hand with 5 consecutive cards (regardless of suit)\ns. successive (without a break)\na. having no deviations\na. (of hair) having no waves or curls,"n. 直线, 直\na. 直的, 笔直的, 正直的, 直接的, 连续的, 整齐的\nadv. 直接地, 立即, 不断地",,4,1,gk toefl,1598,1634,r:straighter/s:straights/t:straightest
straightforward,streit'fɒ:wәd,s. free from ambiguity\ns. pointed directly ahead,"a. 笔直的, 率直的, 明确的, 简单的, 直接的",,2,,gk cet6 ky ielts gre,3491,6187,
strait,streit,n. a narrow channel of the sea joining two larger bodies of water\ns. narrow,"n. 海峡, 困境\na. 困难的, 窘迫的, 狭窄的",,1,,gk cet6 toefl ielts gre,8841,12059,s:straits
strange,streindʒ,a. being definitely out of the ordinary and unexpected; slightly odd or even a bit weird\ns. not known before,"a. 奇怪的, 陌生的, 生疏的, 不熟悉的, 不可思议的, 外行的, 外地的, 异乡的",,4,1,zk gk,1397,1580,r:stranger/t:strangest
stranger,'streindʒә,n. anyone who does not belong in the environment in which they are found\nn. an individual that one is not acquainted with,"n. 陌生人, 门外汉\n[法] 局外人, 非当事人, 第三者",,2,1,zk gk cet4 cet6 ky,3225,2691,0:strange/1:r/s:strangers
straw,strɒ:,n. plant fiber used e.g. for making baskets and hats or as fodder\nn. a thin paper or plastic tube used to suck liquids into the mouth\nv. cover or provide with or as if with straw\ns. of a pale yellow color like straw; straw-colored,"n. 稻草, 麦管, 吸管, 一文不值的东西, 草帽\na. 稻草的, 稻草色的, 琐碎的, 无价值的",,2,,gk cet4 cet6 ky,4301,4730,s:straws/i:strawing/p:strawed/3:straws/d:strawed
strawberry,'strɒ:bәri,n. sweet fleshy red fruit\nn. any of various low perennial herbs with many runners and bearing white flowers followed by edible fruits having many small achenes scattered on the surface of an enlarged red pulpy berry\nn. a soft red birthmark,n. 草莓,,2,,zk gk cet4 cet6 ky,7842,5437,s:strawberries
stream,stri:m,"n. a natural body of running water flowing on or under the earth\nn. dominant course (suggestive of running water) of successive events or ideas\nn. something that resembles a flowing stream in moving continuously\nv. to extend, wave or float outward, as if in the wind","n. 水流, 小河, 流出, 趋势, 人潮\nvt. 流出, 流动, 展开\nvi. 流, 涌, 飘扬\n[计] 流",,3,1,zk gk cet4 cet6 ky gre,2467,2231,s:streams/i:streaming/p:streamed/d:streamed/3:streams
street,stri:t,n. a thoroughfare (usually including sidewalks) that is lined with buildings\nn. the part of a thoroughfare between the sidewalks; the part of the thoroughfare on which vehicles travel\nn. the streets of a city viewed as a depressed environment in which there is poverty and crime and prostitution and dereliction\nn. a situation offering opportunities,"n. 街道, 马路, 街区\na. 街道的",,5,1,zk gk ielts,380,554,s:streets
strength,streŋθ,n. the property of being physically or mentally strong\nn. the condition of financial success,"n. 力量, 实力, 强度, 浓度, 人数, 抵抗力\n[化] 强度",,4,1,gk cet4 cet6 ky toefl ielts,1194,1275,s:strengths
strengthen,'streŋθәn,v. make strong or stronger\nv. gain strength,"vt. 加强, 变坚固\nvi. 变强, 股票上涨",,3,,gk cet4 cet6 ky toefl ielts,2706,3074,d:strengthened/i:strengthening/p:strengthened/3:strengthens
stress,stres,n. the relative prominence of a syllable or musical note (especially with regard to stress or pitch)\nn. special emphasis attached to something\nn. difficulty that causes worry or emotional tension\nn. (physics) force that produces strain on a physical body,"n. 压力, 紧迫, 强调, 重音, 重点, 应力\nvt. 加压力于, 着重, 重读",,4,1,gk cet4 cet6 ky toefl ielts,2093,1731,p:stressed/d:stressed/3:stresses/i:stressing/s:stresses
strict,strikt,"s rigidly accurate; allowing no deviation from a standard\ns (of rules) stringently enforced\na characterized by strictness, severity, or restraint\ns incapable of compromise or flexibility\ns severe and unremitting in making demands","a. 严厉的, 绝对的, 详尽的, 严格的, 精确的\n[法] 严格的, 精确的, 绝对的",,3,1,zk gk cet4 cet6 ky toefl,3091,3553,r:stricter/t:strictest
strike,straik,"n. a group's refusal to work in protest against low pay or bad work conditions\nn. an attack that is intended to seize or inflict damage on or destroy an objective\nn. a score in tenpins: knocking down all ten with the first ball\nn. (baseball) a pitch that the batter swings at and misses, or that the batter hits into foul territory, or that the batter does not swing at but the umpire judges to be in the area over home plate and between the batter's knees and shoulders","n. 罢工, 打击, 殴打\nvt. 打, 撞击, 冲击, 侵袭, 取消, 结算, 打掉, 罢工, 刺透, 使生根, 遇见\nvi. 打, 打击, 抓, 罢工, 搏动, 触礁, 敲, 响, 穿透, 打动",,4,1,gk cet4 cet6 ky toefl ielts,1294,1145,p:struck/d:struck/s:strikes/3:strikes/i:striking
string,striŋ,"n. a lightweight cord\nn. a tightly stretched cord of wire or gut, which makes sound when plucked, struck, or bowed\nn. a sequentially ordered set of things or events or ideas in which each successive member is related to the preceding\nn. a linear sequence of symbols (characters or words or phrases)","n. 线, 细绳, 一串, 字符串\nvt. 串起, 成串, 收紧, 缚, 扎\nvi. 成一串\n[计] 字符串, 串",,3,1,gk cet4 cet6 ky toefl ielts,2170,2671,s:strings/d:strung/i:stringing/3:strings/p:strung
strong,strɒŋ,a. having strength or power greater than average or expected\ns. not faint or feeble\ns. of verbs not having standard (or regular) inflection\ns. freshly made or left,"a. 强壮的, 坚固的, 坚强的, 强烈的, 有力的, 优良的\nadv. 强劲地, 有力地, 猛烈地",,5,1,zk gk,506,458,r:stronger/t:strongest
struggle,'strʌgl,n. an energetic attempt to achieve something\nn. strenuous effort\nv. to exert strenuous effort against opposition,"n. 斗争, 努力, 奋斗\nvi. 努力, 奋斗, 挣扎",,4,1,gk cet4 cet6 ky toefl,2047,1669,i:struggling/p:struggled/s:struggles/d:struggled/3:struggles
stubborn,'stʌbәn,a. tenaciously unwilling or marked by tenacious unwillingness to yield,"a. 顽固的, 不听话的, 执拗的, 棘手的",,2,,gk cet6 ky toefl ielts gre,9547,7548,
student,'stju:dnt,n. a learner who is enrolled in an educational institution,"n. 学生, 研究者, 学者",,5,1,zk gk ielts,432,157,s:students
studio,'stju:diәu,n. workplace for the teaching or practice of an art\nn. workplace consisting of a room or building where movies or television shows or radio programs are produced and recorded,"n. 工作室, 画室, 演播室, 电影制片厂",,4,1,gk cet6 ky toefl ielts gre,1191,1515,s:studios
study,'stʌdi,n. applying the mind to learning and understanding a subject (especially by reading)\nn. a state of deep mental absorption\nn. a room used for reading and writing and studying\nn. someone who memorizes quickly and easily (as the lines for a part in a play),"n. 学习, 研究, 学科, 论文, 求学, 书房, 试作\nvt. 学习, 读书, 研究, 考虑, 计划\nvi. 学习, 思索",,5,1,zk gk ielts,270,240,s:studies/i:studying/d:studied/p:studied/3:studies
stupid,'stju:pid,n. a person who is not very bright\na. lacking or marked by lack of intellectual acuity,"a. 愚蠢的, 麻木的",,3,1,zk gk cet4 cet6 ky,2558,2704,
style,stail,n. a particular kind (as to appearance)\nn. (botany) the narrow elongated part of the pistil between the ovary and the stigma\nn. editorial directions to be followed in spelling and punctuation and capitalization and typographical display\nn. a slender bristlelike or tubular process,"n. 风格, 时尚, 文体, 风度, 字体, 类型\nvt. 称呼, (根据新款式)设计, 使合潮流\nn. 风格, 样式\n[计] 风格, 样式",,4,1,gk cet4 cet6 ky ielts,790,968,s:styles/d:styled/p:styled/i:styling/3:styles
subject,'sʌbdʒekt,n. the subject matter of a conversation or discussion\nn. something (a person or object or scene) selected by an artist or photographer for graphic representation\nn. (grammar) one of the two main constituents of a sentence; the grammatical constituent about which something is predicated\nn. a person who is subjected to experimental or other observational procedures; someone who is an object of investigation,"n. 科目, 主题, 臣民, 主语, 题目, (事物的)经受者, 学科, 受治疗者, 原因, 理由\na. 服从的, 易患...的, 隶属的, 受支配的\nadv. 在...条件下\nvt. 使隶属, 使受到\n[计] 主题, 主体",,4,1,gk ielts gre,358,670,s:subjects/d:subjected/i:subjecting/p:subjected/3:subjects
subjective,sәb'dʒektiv,a. taking place within the mind and modified by individual bias,"a. 主观的, 个人的\n[医] 主观的, 自觉的",,1,,gk cet6 ky ielts gre,5186,5947,
submit,sәb'mit,v. refer for judgment or consideration\nv. put before\nv. yield to the control of another\nv. yield to another's wish or opinion,"vt. 使服从, 使受到, 委托, 提交, 认为\nvi. 屈服, 服从",,2,,gk cet4 cet6 ky toefl ielts gre,2259,3184,d:submitted/p:submitted/i:submitting/3:submits
subscribe,sәb'skraib,"v. offer to buy, as of stocks and shares\nv. adopt as a belief\nv. receive or obtain regularly","vt. 捐献, 签署\nvi. 赞成, 同意, 捐款, 预订, 认购\n[计] 订阅",,1,,gk cet6 ky ielts gre,6864,7979,d:subscribed/i:subscribing/p:subscribed/3:subscribes
substitute,'sʌbstitju:t,n. a person or thing that takes or can take the place of another\nn. an athlete who plays only when a starter on the team is replaced\nv. put in the place of another; switch seemingly equivalent items\nv. be a substitute,"n. 代理, 代理人, 代用品, 代替者, 代替物\nvt. 代替\nvi. 替代, 取代, 代用\na. 代替的, 代用的, 代用品的\n[计] 置换; 替代",,3,1,gk cet4 cet6 ky toefl ielts gre,4548,5613,s:substitutes/d:substituted/i:substituting/p:substituted/3:substitutes
subtraction,sәb'trækʃәn,n. an arithmetic operation in which the difference between two numbers is calculated\nn. the act of subtracting (removing a part from the whole),n. 减少\n[计] 减法,,,,gk toefl,21520,21980,s:subtractions
succeed,sәk'si:d,v. attain success or reach a desired goal\nv. be the successor (of),"vi. 成功, 继承, 继续\nvt. 继承, 接替",,4,1,zk gk cet4 cet6 ky toefl,1741,2018,d:succeeded/p:succeeded/3:succeeds/i:succeeding
success,sәk'ses,n. an event that accomplishes its intended purpose\nn. an attainment that is successful\nn. a state of prosperity or fame,"n. 成功, 成就, 胜利",,4,1,zk gk cet4 cet6 ky,705,777,s:successes
successful,sәk'sesful,a. having succeeded or being marked by a favorable outcome,"a. 成功的, 一帆风顺的, 顺利的\n[经] 成功的",,4,1,zk gk cet4 cet6 ky toefl ielts,915,1101,
such,sʌtʃ,s. of so extreme a degree or extent\nr. to so extreme a degree,"a. 如此的, 这样的",,5,1,zk gk,108,183,
suck,sʌk,"v. draw into the mouth by creating a practical vacuum in the mouth\nv. draw something in by or as if by a vacuum\nv. attract by using an inexorable force, inducement, etc.\nv. be inadequate or objectionable","vt. 吸, 吮, 吸入, 吮吸, 吸收\nvi. 吸, 吸奶\nn. 吸, 吸入, 吮吸",,2,1,gk cet4 cet6 ky ielts,4142,3618,i:sucking/d:sucked/p:sucked/3:sucks/s:sucks
sudden,'sʌdn,a. happening without warning or in a short space of time,"n. 突然, 忽然\na. 突然的, 意外的, 快速的",,3,1,zk gk cet4 cet6 ky,2250,2868,
suffer,'sʌfә,v. undergo or be subjected to\nv. undergo (as of injuries and illnesses)\nv. experience (emotional) pain\nv. get worse,"vt. 遭受, 经历, 忍受\nvi. 受痛苦, 受损害",,4,1,gk cet4 cet6 ky toefl,821,1099,d:suffered/p:suffered/i:suffering/3:suffers
suffering,'sʌfәriŋ,n. misery resulting from affliction\nn. feelings of mental or physical pain\ns. troubled by pain or loss,"n. 苦难, 受苦",,2,1,gk,4466,3933,0:suffer/1:i/i:suffering/s:sufferings
sugar,'ʃugә,n. a white crystalline carbohydrate used as a sweetener and preservative\nv. sweeten with sugar,"n. 糖, 糖块, 甜言蜜语\nvt. 加糖于, 使甜蜜, 粉饰, 美化\nvi. 制成糖",,3,1,zk gk toefl ielts,2294,1591,s:sugars/i:sugaring/p:sugared/3:sugars/d:sugared
suggest,sәg'dʒest,v. imply as a possibility\nv. call to mind,"vt. 提议, 建议, 促成, 暗示, 启发, 使人想起\n[法] 建议, 提出, 提议",,5,1,zk gk toefl,314,430,3:suggests/d:suggested/p:suggested/i:suggesting
suggestion,sә'dʒestʃәn,n. an idea that is suggested\nn. a proposal offered for acceptance or rejection\nn. persuasion formulated as a suggestion\nn. the sequential mental process in which one thought leads to another by association,"n. 提议, 意见\n[医] 暗示",,3,1,zk gk ielts,1775,2507,s:suggestions
suit,sju:t. su:t,n. a set of garments (usually including a jacket and trousers or skirt) for outerwear all of the same fabric and color\nn. (slang) a businessman dressed in a business suit\nn. a petition or appeal made to a person of superior status or rank\nn. playing card in any of four sets of 13 cards in a pack; each set has its own symbol and color,"n. 套装, 诉讼, 请求, 起诉, 套, 组\nvt. 适合, 使适应\nvi. 合适, 相称",,4,1,gk cet4 cet6 ky toefl ielts,2119,1411,d:suited/3:suits/s:suits/p:suited/i:suiting
suitable,'sju:tәbl,s. meant or adapted for an occasion or use,"a. 适当的, 相配的\n[法] 合适的, 适宜的, 适当的",,3,1,gk cet4 cet6 ky toefl ielts,1541,4756,
suitcase,'sju:tkeis,n a portable rectangular container for carrying clothes,n. 手提箱,,2,1,gk cet6 toefl ielts gre,6625,5600,s:suitcases
suite,swi:t,n. a musical composition of several movements only loosely connected\nn. apartment consisting of a series of connected rooms used as a living unit (as in a hotel)\nn. a matching set of furniture,"n. 随员, 套房, (一)组, (一)套, 组曲, 继之而来的事\n[电] 程序组",,2,,gk ky toefl ielts,4292,4726,s:suites
summary,'sʌmәri,n. a brief statement that presents the main points in a concise form,"n. 摘要, 概要\na. 摘要的, 简略的\n[计] 摘要; 概要",,2,1,gk cet4 cet6 ky ielts gre,2708,4917,s:summaries
summer,'sʌmә,"n. the warmest season of the year; in the northern hemisphere it extends from the summer solstice to the autumnal equinox\nn. the period of finest development, happiness, or beauty\nv. spend the summer","n. 夏季, 全盛时期\nvi. 避暑, 过夏天\n[计] 加法器",,4,1,zk gk ielts,858,619,s:summers/i:summering/p:summered/3:summers/d:summered
sun,sʌn,n. the star that is the source of light and heat for the planets in the solar system\nn. a person considered as a source of warmth or energy or glory etc\nn. any star around which a planetary system revolves\nv. expose one's body to the sun,"n. 太阳, 日, 日光, 阳光\nvt. 晒\nvi. 晒太阳",,2,1,zk gk,872,1233,s:suns/i:sunning/p:sunned/3:suns/d:sunned
sunburnt,'sʌnb\\\\:nt,s suffering from overexposure to direct sunlight,"a. 晒黑的, 有晒斑的, 日炙的",,,,gk,34021,32133,
Sunday,'sʌndi,n. first day of the week; observed as a day of rest and worship by most Christians\nn. United States evangelist (1862-1935),"n. 星期日\na. 星期日的, 业余的\nvi. 度星期日",,4,1,zk gk ielts,988,0,s:sundays/f:Sundays
sunglasses,,n. spectacles that are darkened or polarized to protect the eyes from the glare of the sun,"n. 太阳镜, 墨镜, 太阳眼镜",,1,,gk toefl,0,7032,0:sunglass/1:s
sunlight,'sʌnlait,n. the rays of the sun,"n. 日光\n[医] 日光, 太阳光",,2,,gk cet4 cet6 toefl ielts,4796,3895,
sunny,'sʌni,s bright and pleasant; promoting a feeling of cheer,"a. 阳光充足的, 乐观的, 快乐的, 像太阳的",,2,,zk gk,5585,4866,r:sunnier/t:sunniest/s:sunnies
sunrise,'sʌnraiz,n. atmospheric phenomena accompanying the daily appearance of the sun\nn. the daily event of the sun rising above the horizon\ns. of an industry or technology; new and developing,"n. 日出, 黎明, 拂晓",,1,,gk cet4 cet6 ky toefl,11920,7313,s:sunrises
sunset,'sʌnset,n. the time in the evening at which the sun begins to fall below the horizon\nn. atmospheric phenomena accompanying the daily disappearance of the sun\nn. the daily event of the sun sinking below the horizon\ns. of a declining industry or technology,"n. 日落, 晚年",,2,,gk cet4 cet6 ky toefl,7738,5739,s:sunsets
sunshine,'sʌnʃain,n the rays of the sun\nn moderate weather; suitable for outdoor activities\nn the quality of being cheerful and dispelling gloom,"n. 阳光, 光明, 晴天",,2,,gk cet4 cet6 ky toefl,4726,7752,
super,'sju:pә,s. including more than a specified category\ns. extremely large,"n. 跑龙套角色, 冗员, 特级品, 特大号, 管理人\na. 上等的, 特大的, 超级的, 极好的, 十分的, 过分的\nadv. 非常",,3,,gk cet4 cet6 ky,4154,2651,s:supers
superb,sju'pә:b,s. surpassingly good,"a. 极度的, 华丽的, 极好的",,3,,gk cet6 ky toefl ielts gre,3385,6911,
superior,sju:'piәriә,n. one of greater rank or station or quality\nn. the head of a religious community\nn. a town in northwest Wisconsin on Lake Superior across from Duluth\na. of high or superior quality or performance,"n. 长者, 占优势的人, 上级\na. 上级的, 出众的, 高傲的",,3,1,gk cet4 cet6 ky toefl ielts,3513,3410,s:superiors
superman,'sju:pәmæn,n a person with great powers and abilities\nn street name for lysergic acid diethylamide,"n. 具有超人能力的人, 超人",,,,gk,22870,20120,s:supermen
supermarket,'sju:pәmɑ:kit,n. a large self-service grocery store selling groceries and dairy products and household goods,"n. 超级市场\n[经] 超级市场, 自助售货商店",,2,1,zk gk ielts,4087,4682,s:supermarkets
supper,'sʌpә,n. a light evening meal; served in early evening if dinner is at midday or served late in the evening at bedtime\nn. a social gathering where a light evening meal is served,n. 晚餐,,2,,zk gk,4153,5514,s:suppers
supply,sә'plai,n. an amount of something available for use\nn. offering goods and services for sale\nv. give something useful or necessary to,"n. 补给, 供给, 供应品\nvt. 补给, 供给, 提供, 补充\nvi. 替代",,4,1,zk gk cet4 cet6 ky ielts,1048,1494,d:supplied/s:supplies/i:supplying/p:supplied/3:supplies
support,sә'pɒ:t,n. the activity of providing for or maintaining by supplying with money or necessities\nn. aiding the cause or policy or interests of\nn. something providing immaterial assistance to a person or cause or interest\nn. a military operation (often involving new supplies of men and materiel) to strengthen a military force or aid in the performance of its mission,"n. 支持, 支撑, 援助, 供养, 支撑物\nvt. 支援, 支撑, 帮助, 支持, 忍受, 供养, 证实\n[计] 后援; 支持",,5,1,gk cet4 cet6 ky ielts,481,524,d:supported/i:supporting/3:supports/p:supported/s:supports
suppose,sә'pәuz,v. express a supposition,"vt. 推想, 假设, 以为, 想像, 假定\nvi. 料想",,4,1,zk gk cet4 cet6 ky toefl,840,2161,p:supposed/d:supposed/i:supposing/3:supposes
supreme,sju'pri:m,s. final or last in your life or progress\ns. highest in excellence or achievement\ns. greatest or maximal in degree; extreme,"n. 至高, 霸权\na. 至高的, 终极的, 极端的, 最大的",,1,,gk cet4 cet6 ky toefl ielts gre,2550,1618,
sure,ʃuә,s. physically secure or dependable\ns. (of persons) worthy of trust or confidence\ns. infallible or unfailing\ns. certain not to fail,"a. 确信, 必然的, 必定的\nadv. 当然, 确实地, 无疑地",,5,1,zk gk,386,347,t:surest/r:surer
surface,'sә:fis,n. the outer boundary of an artifact or a material layer constituting or resembling such a boundary\nn. the extended two-dimensional outer boundary of a three-dimensional object\nn. the outermost level of the land or sea\nn. a superficial aspect as opposed to the real nature of something,"n. 面, 表面, 水面, 外表, 平面\na. 表面的, 外观的, 肤浅的, 水面上的\nvt. 使成平面, 使浮出水面\nvi. 浮出水面, 呈现, 在地面上工作",,4,1,zk gk toefl ielts,971,1015,s:surfaces/p:surfaced/d:surfaced/i:surfacing/3:surfaces
surgeon,'sә:dʒәn,n. a physician who specializes in surgery,"n. 外科医生, 军医, 船医\n[医] 外科医师",,2,,gk cet4 cet6 ky toefl ielts gre,3940,3413,s:surgeons
surplus,'sә:plәs,"n a quantity much larger than is needed\ns more than is needed, desired, or required","n. 剩余, 过剩, 盈余\na. 过剩的, 剩余的",,3,,gk cet4 cet6 ky toefl ielts gre,4815,6243,
surprise,sә'praiz,n. the astonishment you feel when something totally unexpected happens to you\nn. a sudden unexpected event\nn. the act of surprising someone\nv. cause to be surprised,"n. 惊奇, 奇袭, 诧异\nvt. 使惊奇, 撞见, 奇袭",,5,1,zk gk ielts,1807,1624,p:surprised/s:surprises/d:surprised/3:surprises/i:surprising
surround,sә'raund,v. extend on all sides of simultaneously; encircle,"vt. 包围, 环绕, 围绕\nn. 围绕物",,4,1,gk cet4 cet6 ky,1987,1599,d:surrounded/i:surrounding/p:surrounded/3:surrounds/s:surrounds
surrounding,sә'raundiŋ,v extend on all sides of simultaneously; encircle\nv envelop completely\nv surround so as to force to give up\nv surround with a wall in order to fortify\ns closely encircling,n. 环境\na. 周围的,,,1,gk,3969,4398,0:surround/1:i/i:surrounding
survival,sә'vaivәl,n. a state of surviving; remaining alive\nn. a natural process resulting in the evolution of organisms best adapted to the environment\nn. something that survives,"n. 生存, 残存, 幸存者\na. 赖以生存的",,,,gk cet4 cet6 ky toefl ielts,2584,2656,s:survivals
survive,sә'vaiv,"v. continue to live through hardship or adversity\nv. continue in existence after (an adversity, etc.)","vt. 比...活得长, 生存, 生还, 幸免于\nvi. 活下来, 幸存",,4,1,gk cet4 cet6 ky toefl gre,1325,1342,p:survived/d:survived/3:survives/i:surviving
suspect,sә'spekt,n. someone who is under suspicion\nv. imagine to be the case or true or probable\nv. hold in suspicion; believe to be guilty,"n. 被怀疑者, 嫌疑犯\na. 令人怀疑的, 不可信的, 可疑的\nv. 怀疑, 猜想",,4,1,gk cet4 cet6 ky toefl ielts gre,2155,2100,p:suspected/d:suspected/s:suspects/3:suspects/i:suspecting
suspension,sә'spenʃәn,n. a mixture in which fine particles are suspended in a fluid where they are supported by buoyancy\nn. an interruption in the intensity or amount of something\nn. a mechanical system of springs or shock absorbers connecting the wheels and axles to the chassis of a wheeled vehicle\nn. the act of suspending something (hanging it from above so it moves freely),"n. 悬挂, 暂停, 中止\n[化] 悬浮; 悬浮体; 悬浮液",,2,,gk cet6 ielts,4354,5034,s:suspensions
swallow,'swɒlәu,n. a small amount of liquid food\nn. the act of swallowing\nn. small long-winged songbird noted for swift graceful flight and the regularity of its migrations\nv. pass through the esophagus as part of eating or drinking,"n. 燕子, 吞咽, 喉\nvt. 咽, 淹没, 吞没, 耗尽, 轻信, 忍受, 抑制\nvi. 吞下, 咽下",,2,1,gk cet4 cet6 ky toefl ielts gre,3290,3535,p:swallowed/d:swallowed/i:swallowing/s:swallows/3:swallows
swap,swɒp,"v. move (a piece of a program) into memory, in computer science","n. 以货易货\nv. 交换, 替换, 交易\n[计] 交换",,2,,gk,5955,8106,p:swapped/i:swapping/d:swapped/s:swaps/3:swaps
swear,swєә,v. promise solemnly; take an oath\nv. make a deposition; declare under oath,"vt. 发誓, 咒骂, 使宣誓\nvi. 发誓, 诅咒\nn. 诅咒, 誓言",,2,1,gk cet4 cet6 ky ielts gre,3224,3330,d:sworn/p:swore/i:swearing/3:swears
sweat,swet,n. condensation of moisture on a cold surface\nv. excrete perspiration through the pores in the skin,"n. 汗, 汗水, 水珠, 焦急\nvi. 出汗, 渗出, 冒出水气, 结水珠, 烦恼, 懊恼\nvt. 使出汗, 流出, 榨出, 使汗流浃背",,2,1,gk cet4 cet6 ky toefl,5134,3696,i:sweating/p:sweated/s:sweats/d:sweated/3:sweats
sweater,'swetә,n. a crocheted or knitted garment covering the upper part of the body,"n. 毛衣, 毛线衫, 运动衫, 出汗者\n[化] 发汗器",,2,1,zk gk cet4 cet6 ky ielts,6680,4789,s:sweaters
sweep,swi:p,"n. a wide scope\nn. a long oar used in an open boat\nn. a movement in an arc\nv. move with sweeping, effortless, gliding motions","n. 扫除, 打扫, 肃清, 视野, 范围, 全胜\nvt. 扫除, 掸去, 猛拉, 扫荡, 肃清, 冲走, 刮起, 环视, 掠过, 扫射\nvi. 扫, 打扫, 袭击, 席卷, 扫视, 掠过",,3,1,zk gk cet4 cet6 ky toefl ielts,2636,2639,d:swept/p:swept/i:sweeping/3:sweeps/s:sweeps
sweet,swi:t,n. English phonetician; one of the founders of modern phonetics (1845-1912)\nn. a food rich in sugar\nn. the taste experience when sugar dissolves in the mouth\na. having or denoting the characteristic taste of sugar,"n. 甜蜜, 糖果, 情人\na. 甜的, 芳香的, 悦耳的, 漂亮的, 和蔼的, 不咸的, 灵活的, 轻快的",,3,1,zk gk,2378,1567,s:sweets/r:sweeter/t:sweetest
swell,swel,"n. the undulating movement of the surface of the open sea\nn. a rounded elevation (especially one on an ocean floor)\nn. a crescendo followed by a decrescendo\nv. increase in size, magnitude, number, or intensity","n. 增大, 隆起的部分, 巨浪, 肿胀\na. 优秀的, 一流的\nvi. 增大, 膨胀, 肿胀, 增强, 骄傲\nvt. 使膨胀, 使增大, 使上涨, 使骄傲",,2,1,gk cet4 cet6 ky toefl ielts gre,5534,4867,d:swollen/i:swelling/p:swelled/s:swells/3:swells
swift,swift,n. United States meat-packer who began the use of refrigerated railroad cars (1839-1903)\nn. an English satirist born in Ireland (1667-1745)\nn. a small bird that resembles a swallow and is noted for its rapid flight,"n. 褐雨燕, 快速爬行的小蜥蜴, 蝙蝠蛾, 大滚筒\na. 迅速的, 快的, 敏捷的, 立刻的\nadv. 迅速地, 敏捷地",,2,,gk cet4 cet6 ky toefl ielts gre,5978,6627,s:swifts/r:swifter/t:swiftest
swim,swim,v. travel through water\nv. be dizzy or giddy\nv. be covered with or submerged in a liquid\nv. move as if gliding through water,"n. 游泳, 漂浮, 潮流, 眩晕\nvi. 游泳, 游, 漂浮, 浸, 覆盖, 充溢, 大量拥有, 旋转, 眩晕\nvt. 游过, 使浮起",,3,1,zk gk,3038,2848,i:swimming/p:swam/3:swims/d:swum/s:swims
swimming,'swimiŋ,n. the act of swimming,"n. 游泳, 眩晕",,2,1,zk gk ielts,3814,4441,0:swim/1:i/i:swimming
swing,swiŋ,n. a state of steady vigorous action that is characteristic of an activity\nn. mechanical device used as a plaything to support someone swinging back and forth\nn. a sweeping blow or stroke\nn. changing location by moving back and forth,"n. 摇摆, 振幅, 音律, 节奏, 涨落, 秋千, 旋转, 行动自由\nvi. 摇摆, 悬挂, 旋转, 大摇大摆地走, 转向\nvt. 挥舞, 使旋转, 使转向, 悬挂, 吊运\na. 旋转的, 悬挂的, 强节奏爵士音乐的",,3,1,zk gk cet4 cet6 ky toefl ielts gre,2479,2453,p:swung/i:swinging/s:swings/d:swung/3:swings
Swiss,swis,n. the natives or inhabitants of Switzerland\na. of or relating to Switzerland or its people or culture,"n. 瑞士人, 瑞士腔调\na. 瑞士的, 瑞士风格的",,,,gk cet4 cet6,41007,5727,
switch,switʃ,n. control consisting of a mechanical or electrical or electronic device for making or breaking or changing the connections in a circuit\nn. hairpiece consisting of a tress of false hair; used by women to give shape to a coiffure\nn. railroad track having two movable rails and necessary connections; used to turn a train from one track to another or to store rolling stock\nn. a flexible implement used as an instrument of punishment,"n. 开关, 电闸, 转换, 软枝, 鞭子, 道岔\nvt. 转变, 切换, 摆动, 转换, 使转轨\nvi. 转换, 变换, 摆动\n[计] 开关; 翻转; 转移",,3,1,gk cet4 cet6 ky toefl ielts,1952,2604,p:switched/d:switched/i:switching/s:switches/3:switches
Switzerland,'switsәlәnd,n. a landlocked federal republic in central Europe,n. 瑞士,,,,gk,4335,0,
sword,sɒ:d,n. a cutting or thrusting weapon that has a long metal blade and a hilt with a hand guard,"n. 刀, 剑, 战争, 武力, 剑状物",,2,,gk cet4 cet6 ky,3675,4105,s:swords
symbol,'simbl,n. an arbitrary sign (written or printed) that has acquired a conventional significance\nn. something visible that by association or convention represents something else that is invisible,"n. 符号, 象征, 代号, 信条\n[计] 符号; 码元",,3,1,zk gk cet4 cet6 ky toefl,2635,2340,s:symbols
sympathy,'simpәθi,n. an inclination to support or be loyal to or to agree with an opinion\nn. sharing the feelings of others (especially feelings of sorrow or anguish)\nn. a relation of affinity or harmony between people; whatever affects one correspondingly affects the other,"n. 同情, 赞同, 怜悯, 慰问, 吊唁\n[医] 交感[作用], 同感[作用], 感应, 同情",,3,1,gk cet4 cet6 ky toefl,3089,4270,s:sympathies
symphony,'simfәni,n. a long and complex sonata for symphony orchestra,"n. 交响乐, 交响曲",,2,,gk cet6 ky toefl ielts gre,5817,7665,s:symphonies
symptom,'simptәm,n. (medicine) any sensation or change in bodily function that is experienced by a patient and is associated with a particular disease\nn. anything that accompanies X and is regarded as an indication of X's existence,"n. 症状, 征候, 征兆\n[医] 症状",,3,,gk cet6 ky toefl ielts,2342,2249,s:symptoms
system,'sistәm,n. instrumentality that combines interrelated interacting artifacts designed to work as a coherent entity\nn. a group of independent but interrelated elements comprising a unified whole\nn. (physical chemistry) a sample of matter in which substances in different phases are in equilibrium\nn. a complex of methods or rules governing behavior,"n. 系统, 体系, 制度, 方式, 秩序, 分类原则\n[计] 系统; 体制; 体系",,5,1,gk cet4 cet6 ky toefl ielts,136,191,s:systems
systematic,.sisti'mætik,a. characterized by order and planning,"a. 有系统的, 分类上的, 体系的\n[医] 系统的, 系的, 分类的",,2,,gk cet4 cet6 ky toefl ielts,4045,5408,s:systematics
table,'teibl,n. a set of data arranged in rows and columns\nn. a piece of furniture having a smooth flat top that is usually supported by one or more vertical legs\nn. a piece of furniture with tableware for a meal laid out on it\nn. a company of people assembled at a table for a meal or game,"n. 桌子, 餐桌, 工作台, 铭文, 表格, 表, 高原, 平地层\nvt. 搁置, 嵌合, 制表, 把...列入议事日程\n[计] 表格, 模拟运算表",,4,1,zk gk ielts gre,410,539,s:tables/d:tabled/p:tabled/i:tabling/3:tables
tail,teil,n. the posterior part of the body of a vertebrate especially when elongated and extending beyond the trunk or main part of the body\nn. any projection that resembles the tail of an animal\nn. a spy employed to follow someone and report their movements\nn. (usually plural) the reverse side of a coin that does not bear the representation of a person's head,"n. 尾部, 后部, 辫子, 随员, 特务, 燕尾服, 踪迹, 限定继承(权)\na. 在后面的, 从后面而来的, 限定继承的, 尾部的, 后部的\nvt. 为...装尾, 附于其后, 尾随, 使搭牢, 跟踪, 监视\nvi. 跟踪, 船尾搁浅",,3,1,zk gk cet4 cet6 ky toefl,2604,2985,s:tails/p:tailed/i:tailing/d:tailed/3:tails
tailor,'teilә,n. a person whose occupation is making and altering garments\nv. adjust to a specific need or market,"n. 裁缝, 成衣匠\nvt. 缝制, 制作, 使适应\nvi. 做裁缝",,2,,gk cet4 cet6 ky toefl,8827,7806,d:tailored/p:tailored/s:tailors/3:tailors/i:tailoring
take,teik,"n. the act of photographing a scene or part of a scene without interruption\nv. carry out\nv. require (time or space)\nv. get into one's hands, take physically","vt. 拿, 取, 抓, 带领, 获得, 就座, 接受, 吃, 吸引, 采取, 乘, 需要, 花费\nvi. 吃掉对方棋子, 抓住, 起作用, 依法获得财产\nn. 拿, 取, 收成, 奏效",,1,1,zk gk ielts,51,63,p:took/d:taken/i:taking/3:takes
tale,teil,n a message that tells the particulars of an act or occurrence or course of events; presented in writing or drama or cinema or as a radio or television program\nn a trivial lie,"n. 故事, 谎言, 谣言, 陈述, 叙述\n[法] 虚语, 诽语, 谣言",,3,,zk gk cet4 cet6 ky toefl,2493,2239,s:tales
talent,'tælәnt,n. a person who possesses unusual innate ability in some field or activity,"n. 天才, 才能, 有才干的人, 天资",,4,,gk cet4 cet6 ky toefl,2694,2030,s:talents
talk,tɒ:k,n. an exchange of ideas via conversation\nn. discussion; (`talk about' is a less formal alternative for `discussion of')\nn. the act of giving a talk to an audience\nn. idle gossip or rumor,"n. 谈话, 交谈, 会谈, 讲话, 演讲, 空谈, 谣言, 方言, 语言\nvi. 讲话, 演讲, 说话, 谈话, 交流, 闲聊, 说闲话\nvt. 讲, 说, 讨论, 谈论\n[计] 对话类, 聊天",,5,1,zk gk,289,168,i:talking/s:talks/p:talked/d:talked/3:talks
tall,tɒ:l,n. a garment size for a tall person\na. great in vertical dimension; high in stature\ns. impressively difficult,"a. 高的, 长的, 夸大的\nadv. 夸大地",,3,1,zk gk,1757,1524,r:taller/t:tallest
tank,tæŋk,n. an enclosed armored military vehicle; has a cannon and moves on caterpillar treads\nn. a large (usually metallic) vessel for holding gases or liquids\nn. as much as a tank will hold\nv. store in a tank by causing (something) to flow into it,"n. 槽, 箱, 柜, 罐, 池塘, 储水池, 坦克\nvt. 储于箱中",,3,1,gk cet4 cet6 ky toefl,1897,1874,s:tanks/i:tanking/p:tanked/3:tanks/d:tanked
tanker,'tæŋkә,n. a soldier who drives a tank,"n. 坦克手, 油船, 空中加油飞机, 运油飞机, 油槽/水槽汽车\n[化] 槽车; 油槽船",,2,,gk cet6 ky,8021,9275,s:tankers/d:tankered
tap,'tæp,n. a small metal plate that attaches to the toe or heel of a shoe (as in tap dancing)\nn. a tool for cutting female (internal) screw threads\nn. a plug for a bunghole in a cask\nn. a light touch or stroke,"n. 轻打, 水龙头\nvt. 轻打, 轻敲, 敲打出, 选择, 装上嘴子, 使流出, 开发, 分接, 向...乞讨\nvi. 轻叩, 轻拍, 啪塔啪塔地走\n[计] 接头",,3,1,gk cet4 cet6 ky toefl ielts,3299,2843,p:tapped/i:tapping/s:taps/d:tapped/3:taps
tape,teip,n. a long thin piece of cloth or paper as used for binding or fastening\nn. a recording made on magnetic tape\nn. the finishing line for a foot race\nn. measuring instrument consisting of a narrow strip (cloth or metal) marked in inches or centimeters and used for measuring lengths,"n. 带子, 录音带, 磁带, 窄带, 卷尺\nvt. 以带子绑起, 测量, 录音\n[计] 带",,4,1,zk gk cet4 cet6 ky toefl ielts,1561,1490,s:tapes/i:taping/d:taped/p:taped/3:tapes
target,'tɑ:git,n. a reference point to shoot at\nn. the location of the target that is to be hit\nn. sports equipment consisting of an object set up for a marksman or archer to aim at\nv. intend (something) to move towards a certain goal,"n. 目标, 靶子, 指标\nvt. 对准, 订指标",,4,1,gk cet4 cet6 ky toefl ielts,1095,1281,s:targets/d:targeted/i:targeting/p:targeted/3:targets
task,tɑ:sk,v. assign a task to,"n. 工作, 任务, 作业, 困难的工作\nvt. 派给...工作, 使辛劳\n[计] 任务",,4,1,zk gk cet4 cet6 ky,779,1047,s:tasks/d:tasked/i:tasking/p:tasked/3:tasks
taste,teist,n. the sensation that results when taste buds in the tongue and throat convey information about the chemical composition of a soluble stimulus\nn. delicate discrimination (especially of aesthetic values)\nn. a brief experience of something\nn. a small amount eaten or drunk,"n. 味道, 品味, 味觉, 感受, 体验, 爱好, 审美, 少量\nvt. 尝, 察觉...的味道, 体会\nvi. 品尝, 察觉味道, 有某种味道",,4,1,zk gk cet4 cet6 ky toefl,2077,2031,s:tastes/p:tasted/d:tasted/3:tastes/i:tasting
tasteless,'teistlis,a. lacking flavor\na. lacking aesthetic or social taste,"a. 没味道的, 无鉴赏力的",,,,gk toefl,18938,17733,
tasty,'teisti,a. pleasing to the sense of taste,"a. 好吃的, 可口的",,1,,gk toefl gre,9957,8471,r:tastier/t:tastiest
tax,tæks,n. charge against a citizen's person or property or activity for the support of government\nv. levy a tax on\nv. set or determine the amount of (a payment such as a fine)\nv. use to the limit,"n. 税, 税款, 重负, 会费\nvt. 课以税, 使负重荷, 斥责",,5,1,gk cet4 cet6 ky toefl,545,509,s:taxes/d:taxed/p:taxed/i:taxing/3:taxes
taxi,'tæksi,v. travel slowly\nv. ride in a taxicab,n. 出租车\nvi. 乘出租车\nvt. 用出租车送,,2,1,zk gk ielts,3317,5161,s:taxis/i:taxiing/p:taxied/3:taxies/d:taxied
tea,ti:,n. a beverage made by steeping tea leaves in water\nn. a light midafternoon meal of tea and sandwiches or cakes\nn. a tropical evergreen shrub or small tree extensively cultivated in e.g. China and Japan and India; source of tea leaves\nn. a reception or party at which tea is served,"n. 茶, 茶叶\n[医] 茶, 茶剂, 浸剂",,4,1,zk gk ielts,1140,2164,s:teas
teach,ti:tʃ,n. an English pirate who operated in the Caribbean and off the Atlantic coast of North America (died in 1718)\nv. impart skills or knowledge to\nv. accustom gradually to some action or attitude,"vt. 教, 讲授, 教导, 教育\nvi. 教书, 教学, 可以教",,4,1,zk gk,959,545,d:taught/i:teaching/p:taught/3:teaches
teacher,'ti:tʃә,n. a person whose occupation is teaching\nn. a personified abstraction that teaches,"n. 教师, 老师, 导师",,,1,zk gk ielts,486,371,s:teachers
team,ti:m,n. a cooperative unit (especially in sports)\nn. two or more draft animals that work together to pull something\nv. form a team,"n. 队, 组\nvt. 把马(牛)套在同一辆车上, 把...编成一组\nvi. 驾驶卡车, 协作",,5,1,zk gk cet4 cet6 ky toefl ielts,427,307,s:teams/d:teamed/p:teamed/i:teaming/3:teams
teamwork,'ti:mwә:k,n. cooperative work done by a team (especially when it is effective),"n. 协同作业, 协力\n[法] 联合工作, 联合行动, 协调工作",,,,gk,15491,11799,s:teamworks/i:teamworking
teapot,'ti:pɒt,n. pot for brewing tea; usually has a spout and handle,n. 茶壶,,1,,gk toefl,12436,12851,s:teapots
tear,tiә. tєә,n. a drop of the clear salty saline solution secreted by the lacrimal glands\nn. the act of tearing\nv. separate or cause to separate abruptly\nv. to separate or be separated by force,"n. 泪滴, 眼泪, 撕, 扯, 裂缝, 激怒, 飞奔\nvi. 流泪, 撕破, 赶快, 飞奔, 被撕破\nvt. 撕裂, 戳破, 拉掉, 撕掉, 使分裂, 使精神不安, 折磨",,3,1,gk cet4 cet6 ky toefl ielts gre,1861,1905,s:tears/d:torn/p:tore/i:tearing/3:tears
tease,ti:z,n. someone given to teasing (as by mocking or stirring curiosity)\nn. the act of harassing someone playfully or maliciously (especially by ridicule); provoking someone with persistent annoyances\nv. annoy persistently\nv. harass with persistent criticism or carping,"n. 揶揄, 戏弄, 逗惹\nvt. 戏弄, 取笑, 强求, 梳理, 使起毛",,2,,gk cet6 ky toefl ielts gre,6082,5458,p:teased/i:teasing/d:teased/3:teases/s:teases
technical,'teknikl,n. a pickup truck with a gun mounted on it\na. of or relating to technique or proficiency in a practical skill\na. characterizing or showing skill in or specialized knowledge of applied arts and sciences\na. of or relating to a practical subject that is organized according to scientific principles,"a. 技术上的, 专门的, 工业的, 严格根据法律的\n[化] 技巧",,3,1,gk cet4 cet6 ky toefl ielts,1394,2064,
technique,tek'ni:k,n. a practical method or art applied to some particular task,"n. 技巧, 技术, 方法\n[化] 工艺方法; 技巧",,4,1,gk cet4 cet6 ky ielts,949,1335,s:techniques
technology,tek'nɒlәdʒi,n. the practical application of science to commerce or industry,"n. 技术, 工业技术, 术语\n[医] 技术学, 工艺学",,4,1,zk gk cet4 cet6 ky ielts,756,585,s:technologies
teenager,'ti:nidʒә,n a juvenile between the onset of puberty and maturity,n. 十三岁到十九岁的少年,,3,,gk cet4 cet6 ky,3812,2440,s:teenagers
telegram,'teli^ræm,n. a message transmitted by telegraph,"n. 电报, 一封电报\n[计] 电报",,1,,gk cet4 cet6 ky,9971,12224,s:telegrams
telegraph,'teligrɑ:f,n. apparatus used to communicate at a distance over a wire (usually in Morse code),"n. 电报, 电报机\nvi. 打电报\nvt. 打电报给, 电汇, 流露, 显示出要...的样子",,1,,gk cet4 cet6 ky toefl,4974,26182,s:telegraphs/p:telegraphed/d:telegraphed/i:telegraphing/3:telegraphs
telephone,'telifәun,n. electronic equipment that converts sound into electrical signals that can be transmitted over distances and then converts received signals back into sounds\nn. transmitting speech at a distance,"n. 电话, 电话机\nv. 打电话",,4,1,zk gk ielts,1327,1865,p:telephoned/s:telephones/i:telephoning/d:telephoned/3:telephones
telescope,'teliskәup,n. a magnifier of images of distant objects\nv. crush together or collapse\nv. make smaller or shorter,"n. 望远镜\nvi. 叠缩, 嵌进, 缩短\nvt. 使叠缩, 使缩短",,2,,gk cet4 cet6 ky toefl ielts,8217,2759,s:telescopes/p:telescoped/i:telescoping/d:telescoped/3:telescopes
television,'teli.viʒәn,n. broadcasting visual images of stationary or moving objects\nn. a telecommunication system that transmits images of objects (stationary or moving) between distant points,n. 电视\n[电] 电视,,4,1,zk gk ielts,978,794,s:televisions
tell,tel,n. a Swiss patriot who lived in the early 14th century and who was renowned for his skill as an archer; according to legend an Austrian governor compelled him to shoot an apple from his son's head with his crossbow (which he did successfully without mishap)\nv. let something be known\nv. narrate or give a detailed account of\nv. discern or comprehend,"vt. 告诉, 说, 吩咐, 断定, 知道\nvi. 讲述, 泄密, 告发, 表明",,5,1,zk gk,107,103,p:told/d:told/i:telling/3:tells
temperature,'temprәtʃә,n. the degree of hotness or coldness of a body or environment (corresponding to its molecular activity)\nn. the somatic sensation of cold or heat,"n. 温度, 发烧, 热度\n[化] 温度",,3,1,zk gk cet4 cet6 ky toefl ielts,1622,1622,s:temperatures
temple,templ,n. place of worship consisting of an edifice for the worship of a deity\nn. the flat area on either side of the forehead\nn. an edifice devoted to special or exalted purposes,"n. 圣堂, 庙宇, 教堂, 礼拜堂, 太阳穴, 鬓角\n[医] 颞颥, 颞部",,3,,gk cet4 cet6 ky toefl ielts,3448,3616,s:temples
temporary,'tempәrәri,n a worker (especially in an office) hired on a temporary basis\na not permanent; not lasting\ns lacking continuity or regularity,"a. 暂时的, 临时的\nn. 临时工, 临时雇员\n[计] 临时",,3,1,gk cet4 cet6 ky toefl ielts,2302,3150,s:temporaries
temptation,temp'teiʃәn,n. something that seduces or has the quality to seduce\nn. the desire to have or do something that you know you should avoid,"n. 诱惑, 诱惑物\n[法] 诱惑, 诱惑物",,2,,gk cet4 cet6 ky ielts gre,4682,5906,s:temptations
ten,ten,n. the cardinal number that is the sum of nine and one; the base of the decimal system\ns. being one more than nine,"num. 十, 十个",,5,,zk gk,469,838,
tend,tend,v. have a tendency or disposition to do or be something; be inclined\nv. have care of or look after\nv. manage or run,"vi. 走向, 有某种的倾向, 易于, 照顾, 注意\nvt. 照料, 护理",,4,1,gk cet4 cet6 ky gre,849,1039,3:tends/p:tended/d:tended/i:tending
tendency,'tendәnsi,n. a characteristic likelihood of or natural disposition toward a certain condition or character or effect\nn. a general direction in which something tends to move,"n. 趋向, 倾向\n[医] 趋向, 趋势",,3,1,gk cet4 cet6 ky toefl ielts,2377,3040,s:tendencies
tennis,'tenis,n. a game played with rackets by two or four players who hit a ball back and forth over a net that divides the court,n. 网球,,3,,zk gk ielts,2846,3082,
tense,tens,"n. a grammatical category of verbs used to express distinctions of time\nv. increase the tension on\nv. become tense, nervous, or uneasy\nv. cause to be tense and uneasy or nervous or anxious","a. 紧张的, 拉紧的\nv. (使)紧张, (使)拉紧\nn. 时态",,2,,gk cet4 cet6 ky toefl,5962,6263,p:tensed/i:tensing/d:tensed/s:tenses/3:tenses
tension,'tenʃәn,n. (psychology) a state of mental or emotional strain or suspense\nn. the physical condition of being stretched or strained\nn. a balance between and interplay of opposing elements or tendencies (especially in art or literature)\nn. (physics) a stress that produces an elongation of an elastic physical body,"n. 紧张, 不安, 拉紧, 张力, 压力, 电压\nvt. 拉紧, 使紧张",,3,1,gk cet4 ky toefl ielts gre,2092,2186,s:tensions/d:tensioned
tent,tent,n. a portable shelter (usually of canvas stretched over supporting poles and fastened to the ground with ropes and pegs)\nn. a web that resembles a tent or carpet,"n. 帐篷, 帷幕, 住处, 塞条, 塞子\nvi. 住帐蓬, 宿营, 暂时居住\nvt. 用帐篷遮盖, 使住帐篷, 用塞条嵌入",,2,1,zk gk cet4 cet6 ky,4158,3071,s:tents/p:tented/i:tenting/3:tents/d:tented
tentative,'tentәtiv,s under terms not final or fully worked out or agreed upon\ns unsettled in mind or opinion,"n. 试验\na. 试验性的, 暂时的",,2,,gk cet6 ky toefl ielts gre,7552,7722,
term,tә:m,n. a word or expression used for some particular thing\nn. a limited period of time\nn. any distinct quantity contained in a polynomial\nn. one of the substantive phrases in a logical proposition,"n. 术语, 专有名词, 期限, 学期, 任期, 条件, 价钱, 关系, 地位, 项, 界石\nvt. 称, 呼\n[计] 检索词; 项",,5,1,zk gk cet4 cet6 ky toefl ielts,316,626,s:terms/d:termed/p:termed/3:terms/i:terming
terminal,'tә:minәl,n. station where transport vehicles load or unload passengers or goods\nn. a contact on an electrical device (such as a battery) at which electric current enters or leaves\nn. electronic equipment consisting of a device providing access to a computer; has a keyboard and display\na. of or relating to or situated at the ends of a delivery route,"n. 终端机, 终点, 末端, 极限, 终点站\na. 终点的, 定期的, 致死的, 结尾的, 末端的, 晚期的\n[计] 终端; 终端设备",,2,,gk cet4 cet6 ky toefl ielts gre,4011,5777,s:terminals
terrible,'terәbl,s causing fear or dread or terror\ns exceptionally bad or displeasing\ns intensely or extremely bad or unpleasant in degree or quality\ns extreme in degree or extent or amount or impact,"a. 可怕的, 令人恐惧的, 极坏的",,4,1,zk gk cet4 cet6 ky toefl,1927,1944,
terrify,'terifai,v. fill with terror; frighten greatly,"vt. 使恐惧, 恐吓",,2,,gk cet6 ky toefl ielts,8606,5828,d:terrified/i:terrifying/p:terrified/3:terrifies
terror,'terә,n. a person who inspires fear or dread\nn. a very troublesome child\nn. the use of extreme fear in order to coerce people (especially for political reasons),"n. 恐怖, 可怕的人\n[医] 惊吓, 惊悸",,2,,gk cet4 cet6 ky toefl ielts,4120,2732,s:terrors
test,test,n. any standardized procedure for measuring sensitivity or memory or intelligence or aptitude or personality etc\nn. the act of undergoing testing\nn. the act of testing something\nn. a hard outer covering as of some amoebas and sea urchins,"n. 测试, 试验, 化验, 检验, 考验, 甲壳\nvt. 测试, 试验, 化验\nvi. 接受测验, 进行测试",,5,1,zk gk cet4 cet6 ky ielts,627,575,s:tests/d:tested/i:testing/p:tested/3:tests
text,tekst,n. the words of something written\nn. a passage from the Bible that is used as the subject of a sermon\nn. the main body of a written work (as distinct from illustrations or footnotes etc.),"n. 文本, 正文, 课文, 主题, 圣经文句, 乐谱\n[计] 电文; 文本; 正文",,3,1,zk gk ielts,1002,1289,s:texts
textbook,'tekstbuk,n. a book prepared for use in schools or colleges,n. 教科书,,1,,gk cet4 cet6 ky ielts,6096,4473,s:textbooks
than,ðæn,"conj. A particle expressing comparison, used after certain\n   adjectives and adverbs which express comparison or diversity, as more,\n   better, other, otherwise, and the like. It is usually followed by the\n   object compared in the nominative case. Sometimes, however, the object\n   compared is placed in the objective case, and than is then considered\n   by some grammarians as a preposition. Sometimes the object is expressed\n   in a sentence, usually introduced by that; as, I would rather suffer\n   than that you should want.\nadv. Then. See Then.","conj. 比, 除...外\nprep. 比",,5,1,zk gk,89,73,
thank,θæŋk,v. express gratitude or show appreciation to,"n. 谢意, 感谢\nvt. 谢谢, 感谢",,5,1,zk gk,768,498,p:thanked/i:thanking/d:thanked/3:thanks
thankful,'θæŋkfәl,a feeling or showing gratitude,"a. 感谢的, 感激的, 欣慰的",,1,,gk,9671,8424,
that,ðæt,"pron., a., conj., &  As a demonstrative pronoun (pl. Those),\n   that usually points out, or refers to, a person or thing previously\n   mentioned, or supposed to be understood. That, as a demonstrative, may\n   precede the noun to which it refers; as, that which he has said is\n   true; those in the basket are good apples.\npron., a., conj., &  As an adjective, that has the same\n   demonstrative force as the pronoun, but is followed by a noun.\npron., a., conj., &  As a relative pronoun, that is\n   equivalent to who or which, serving to point out, and make definite, a\n   person or thing spoken of, or alluded to, before, and may be either\n   singular or plural.\npron., a., conj., &  As a conjunction, that retains much of\n   its force as a demonstrative pronoun.\npron., a., conj., &  To introduce a clause employed as the\n   object of the preceding verb, or as the subject or predicate nominative\n   of a verb.\npron., a., conj., &  To introduce, a reason or cause; --\n   equivalent to for that, in that, for the reason that, because.\npron., a., conj., &  To introduce a purpose; -- usually\n   followed by may, or might, and frequently preceded by so, in order, to\n   the end, etc.\npron., a., conj., &  To introduce a consequence, result, or\n   effect; -- usually preceded by so or such, sometimes by that.\npron., a., conj., &  In an elliptical sentence to introduce\n   a dependent sentence expressing a wish, or a cause of surprise,\n   indignation, or the like.\npron., a., conj., &  As adverb: To such a degree; so; as, he\n   was that frightened he could say nothing.","a. 那, 那个\nconj. 以致, 因为\npron. 那\nadv. 那么, 那样",,5,1,zk gk,14,12,
the,ðә,"v. i. See Thee.\ndefinite article. A word placed before nouns to limit or\n   individualize their meaning.\nadv. By that; by how much; by so much; on that account; -- used\n   before comparatives; as, the longer we continue in sin, the more\n   difficult it is to reform.",art. 那,,5,1,zk gk,1,1,
theatre,,n a building where theatrical performances or motion-picture shows can be presented\nn the art of writing and producing plays\nn a region in which active military operations are in progress,"n. 戏院, 电影院, 剧场, 全体观众, 戏剧, 戏剧效果, 阶梯式讲堂, 场所",,4,1,zk gk cet4 cet6 ielts,1464,0,s:theatres
theft,θeft,n the act of taking something from someone unlawfully,"n. 盗窃, 失窃, 盗窃罪, 赃物\n[法] 盗窃行为, 偷窃, 失窃",,2,,gk cet6 ky toefl ielts,3545,5367,s:thefts
their,ðєә,"pron. & a. The possessive case of the personal pronoun they;\n   as, their houses; their country.",pron. 他们的,,5,1,zk gk,36,36,
theirs,ðєәz,,pron. 他们的,,,1,zk gk,5531,5421,
them,ðem,pron. The objective case of they. See They.,"pron. 他们, 她们, 它们",,5,1,zk gk,46212,59,s:thems
theme,θi:m,n. a unifying idea that is a recurrent element in literary or artistic work\nn. (music) melodic subject of a musical composition\nv. provide with a particular theme or motive,"n. 主题, 话题, 题目",,3,1,gk cet4 cet6 ky toefl ielts,1703,1655,s:themes
themselves,ðәm'selvz,"pron. The plural of himself, herself, and itself. See\n   Himself, Herself, Itself.","pron. 他们自己, 她们自己, 它们自己",,5,1,zk gk,394,449,
then,ðen,n. that time; that moment\ns. at a specific prior time\nr. subsequently or soon afterward (often used as sentence connectors)\nr. in that case or as a consequence,"adv. 然后, 当时\nconj. 然后, 当时\nn. 那时",,5,1,zk gk,59,77,
theoretical,θiә'retikәl,a. concerned primarily with theories or hypotheses rather than practical considerations\na. concerned with theories rather than their practical applications,"a. 理论的, 理论上的, 假设的, 推理的\n[计] 理论的",,2,,gk cet4 cet6 ky toefl ielts gre,2729,3781,
theory,'θiәri,n. a well-substantiated explanation of some aspect of the natural world; an organized system of accepted knowledge that applies in a variety of circumstances to explain a specific set of phenomena\nn. a belief that can guide behavior,"n. 理论, 学说, 原理, 意见, 推测\n[化] 理论",,4,1,gk cet4 cet6 ky ielts,596,918,s:theories
there,ðєә,n. a location other than here; that place\nr. in or at that place\nr. in that matter\nr. to or toward that place; away from the speaker,adv. 在那里,,5,1,zk gk,37,53,
therefore,'ðєәfɒ:,r. (used to introduce a logical conclusion) from that fact or reason or as a result,"adv. 因此, 所以",,4,1,gk cet4 cet6 ky toefl,408,1161,
thermos,'θә:mәs,n. vacuum flask that preserves temperature of hot or cold drinks,n. 热水瓶,,,,gk,24637,17096,
these,ði:z,pron. The plural of this. See This.\npl.  of This,pron. 这些,,5,,zk gk,76,82,
they,ðei,"obj. The plural of he, she, or it. They is never used\n   adjectively, but always as a pronoun proper, and sometimes refers to\n   persons without an antecedent expressed.","pron. 他们, 它们",,5,1,zk gk,18,21,
thick,θik,a. not thin; of a specific thickness or of relatively great extent from one surface to the opposite usually in the smallest of the three solid dimensions\ns. having component parts closely crowded together\na. relatively dense in consistency\ns. (of darkness) very intense,"a. 厚的, 粗壮的, 浓的, 迟钝的, 浑浊的, 多雾的, 过分的, 口齿不清的\nadv. 厚地, 密地, 浓浓地\nn. 最浓处, 最厚处, 最密集处\n[计] 暗, 粗线",,3,1,zk gk cet4 cet6 ky,1806,1721,r:thicker/t:thickest
thief,θi:f,n. a criminal who takes property belonging to someone else with the intention of keeping it or selling it,"n. 小偷, 贼\n[化] 取样",,2,1,gk cet4 cet6 ky ielts,3965,5007,s:thieves
thin,θin,v. lose thickness; become thin or thinner\nv. make thin or thinner\na. of relatively small extent from one surface to the opposite or in cross section\na. lacking excess flesh,"a. 薄的, 细的, 瘦的, 稀疏的, 稀薄的, 淡的, 弱的, 空洞的\nvt. 使变薄, 使变细, 使稀少, 使淡\nvi. 变薄, 变细, 变少, 变淡\nadv. 薄地, 稀疏地, 微弱地\nn. 细小部分",,3,1,zk gk toefl,1670,1621,r:thinner/i:thinning/t:thinnest/d:thinned/3:thins/p:thinned
thing,θiŋ,n. a special situation\nn. an action\nn. a special abstraction\nn. an artifact,"n. 事物, 东西, 物, 用品, 事, 事件, 情况, 行为, 特征",,5,1,zk gk,106,97,s:things
think,θiŋk,"n. an instance of deliberate thinking\nv. judge or regard; look upon; judge\nv. expect, believe, or suppose\nv. use or exercise the mind or one's power of reason in order to make inferences, decisions, or arrive at a solution or judgments","vt. 想, 考虑, 想起, 想像, 打算, 认为\nvi. 思考, 料想\nn. 想法\na. 思想的",,5,1,zk gk,64,56,p:thought/d:thought/i:thinking/3:thinks
thinking,'θiŋkiŋ,n. the process of using your mind to consider something carefully,"n. 思考, 思想\na. 思考的, 有理性的",,4,1,gk ielts,2075,1695,0:think/1:i/i:thinking
third,θә:d,n. following the second position in an ordering or series\nn. the musical interval between one note and another three notes away from it\ns. coming next after the second and just before the fourth in position\nr. in the third place,"num. 第三, 三分之一\n[机] 第三; 第三的",,4,,zk gk ielts,465,584,
thirst,θә:st,n. a physiological need to drink\nv. feel the need to drink,"n. 口渴, 渴望\nvi. 口渴, 渴望",,1,,gk cet4 cet6 ky ielts,11770,10813,i:thirsting/s:thirsts/p:thirsted/3:thirsts/d:thirsted
thirsty,'θә:sti,s. needing moisture\na. feeling a need or desire to drink\ns. able to take in large quantities of moisture,"a. 口渴的, 渴望的, 干燥的",,1,1,zk gk,11904,10308,r:thirstier/t:thirstiest
thirteen,'θә:'ti:n,n. the cardinal number that is the sum of twelve and one\ns. being one more than twelve,"num. 十三, 十三个",,5,,zk gk,3309,5649,
thirty,'θә:ti,n. the cardinal number that is the product of ten and three\ns. being ten more than twenty,"num. 三十, 三十个",,5,,zk gk,1003,2833,
this,θis,"pron. & a. As a demonstrative pronoun, this denotes something\n   that is present or near in place or time, or something just mentioned,\n   or that is just about to be mentioned.\npron. & a. As an adjective, this has the same demonstrative\n   force as the pronoun, but is followed by a noun; as, this book; this\n   way to town.","pron. 这, 本\na. 这, 本\nadv. 这么",,5,1,zk gk,23,20,
thorough,'θʌrә,s. painstakingly careful and accurate,"a. 十分的, 彻底的",,3,1,gk cet4 cet6 ky toefl ielts,5257,5852,
those,ðәuz,pron. The plural of that. See That.,pron. 那些,,5,,zk gk,100,102,
though,ðәu,r. (postpositive) however,"adv. 然而, 可是\nconj. 虽然, 纵然",,5,1,zk gk,377,245,
thought,θɒ:t,n. the organized beliefs of a period or group or individual,"n. 想法, 思想, 思维, 关心, 挂念\nthink的过去式和过去分词",,5,1,zk gk cet4 cet6 ky toefl ielts,710,760,0:think/1:pd/s:thoughts
thousand,'θauznd,"n. the cardinal number that is the product of 10 and 100\ns. denoting a quantity consisting of 1,000 items or units","num. 千\na. 成千的, 许多的\nn. 许许多多",,5,,zk gk ielts,631,651,
thread,θred,n. a fine cord of twisted fibers (of cotton or silk or wool or nylon etc.) used in sewing and weaving\nv. pass a thread through\nv. remove facial hair by tying a fine string around it and pulling at the string\nv. pass through or into,"n. 线, 丝, 纤维, 线索\nvt. 穿线于, 穿过, 通过, 用线穿成\nvi. 穿过\n[计] 线索, 线程",,2,1,zk gk cet4 cet6 ky toefl gre,5022,4714,s:threads/p:threaded/i:threading/d:threaded/3:threads
three,θri:,n. the cardinal number that is the sum of one and one and one\ns. being one more than two,"num. 三, 三个",,5,,zk gk,104,135,
thrill,θril,n. something that causes you to experience a sudden intense feeling or sensation\nv. cause to be thrilled by some perceptual input\nv. feel sudden intense sensation or emotion,"n. 震颤, 激动, 刺激性, 一阵激动\nvi. 震颤, 颤抖, 激动\nvt. 使激动, 使颤动",,2,,gk cet4 cet6 ky ielts,7773,5858,s:thrills/3:thrills/i:thrilling/p:thrilled/d:thrilled
thriller,'θrilә,n. a suspenseful adventure story or play or movie,"n. 使人激动的东西, 使人毛骨悚然的东西, 使人毛骨悚然的小说",,2,,gk ielts,9961,8642,s:thrillers
throat,θrәut,n. the passage to the stomach and lungs; in the front part of the neck below the chin and above the collarbone\nn. an opening in the vamp of a shoe at the instep\nn. a passage resembling a throat in shape or function; \nn. the part of an animal's body that corresponds to a person's throat,"n. 咽喉, 喉咙, 嗓音\nvt. 用喉音说, 开沟于",,3,1,gk cet4 cet6 ky ielts,2449,2454,s:throats
through,θru:,s. (of a route or journey etc.) continuing without requiring stops or changes\nr. from beginning to end\nr. over the whole distance\nr. to completion,"adv. 穿越, 从头至尾, 到底, 因为\nprep. 经过, 穿过\na. 对穿的, 直达的, 完结的",,5,1,zk gk,109,112,
throughout,θru:'aut,r. from first to last,"adv. 到处, 贯穿全部地, 自始至终\nprep. 遍及, 在各处\n[计] 吞吐量",,4,1,gk cet4 cet6 ky ielts,859,983,
throw,θrәu,n. the act of throwing (propelling something with a rapid movement of the arm and wrist)\nn. a single chance or instance\nn. the maximum movement available to a pivoted or reciprocating piece by a cam\nn. bedclothes consisting of a lightweight cloth covering (an afghan or bedspread) that is casually thrown over something,"vt. 投, 掷, 抛, 发射, 摔下, 匆匆穿上(或脱下), 抛弃, 摆脱\nvi. 丢, 掷, 抛\nn. 投掷, 掷骰子, 冒险",,4,1,zk gk toefl,868,677,d:thrown/p:threw/i:throwing/3:throws/s:throws
thunder,'θʌndә,"n. a booming or crashing noise caused by air expanding along the path of a bolt of lightning\nv. move fast, noisily, and heavily\nv. utter words loudly and forcefully\nv. be the case that thunder is being heard","n. 雷, 雷声\nvi. 打雷, 轰隆地响, 怒喝\nvt. 大声喊出, 轰隆地发出",,2,,gk cet4 cet6 ky toefl ielts,6539,8090,p:thundered/i:thundering/s:thunders/d:thundered/3:thunders
thunderstorm,'θʌndәstɒ:m,n. a storm resulting from strong rising air currents; heavy rain or hail along with thunder and lightning,n. 雷暴雨,,1,,gk toefl,18737,10620,s:thunderstorms
Thursday,'θә:zdi,n. the fifth day of the week; the fourth working day,n. 星期四,,4,1,zk gk ielts,2258,0,s:thursdays
thus,ðʌs,r. in the way indicated; (`thusly' is a nonstandard variant),"adv. 如此, 因此, 到如此程度\n[医] 乳香",,4,1,gk cet4 cet6 ky,479,744,
Tibet,ti'bet,n. an autonomous region of the Peoples Republic of China; located in the Himalayas,n. 西藏,,,,gk,16142,0,
tick,tik,n. a metallic tapping sound\nn. any of two families of small parasitic arachnids with barbed proboscis; feed on blood of warm-blooded animals\nn. a light mattress\nv. make a sound like a clock or a timer,"n. 滴答声, 一瞬间, 壁虱, 褥套, 信用, 赊欠\nvi. 滴答响, 活动\nvt. 滴答地记录, 标记号于",,2,,gk cet4 cet6 ky ielts,5977,7358,i:ticking/s:ticks/p:ticked/d:ticked/3:ticks
ticket,'tikit,n. a commercial document showing that the holder is entitled to something (as to ride on public transportation or to enter a public entertainment)\nn. a summons issued to an offender (especially to someone who violates a traffic regulation)\nn. the appropriate or desirable thing\nv. issue a ticket or a fine to as a penalty,"n. 票, 券, 车票, 标签, 入场券, 证明书\nvt. 加标签于, 为...购票",,4,1,zk gk toefl ielts,1884,1576,s:tickets/i:ticketing/p:ticketed/3:tickets/d:ticketed
tidy,'taidi,n. receptacle that holds odds and ends (as sewing materials)\nv. put (things or places) in order\na. marked by order and cleanliness in appearance or habits,"n. 椅子的背罩, 装杂物的容器\na. 整齐的, 有条理的\nvt. 弄整齐, 收拾, 整理\nvi. 整理, 收拾",,2,1,zk gk cet4 cet6 ky ielts gre,6376,9867,i:tidying/p:tidied/d:tidied/r:tidier/3:tidies/t:tidiest/s:tidies
tie,tai,n. equality of score in a contest\nn. a horizontal beam used to prevent two other structural members from spreading apart or separating\nn. (music) a slur over two notes of the same pitch; indicates that the note is to be sustained for their combined time value\nn. one of the cross braces that support the rails on a railway track,"n. 带子, 线, 鞋带, 领带, 领结, 关系, 束缚, 平局, 不分胜负\nvt. 系, 打结, 扎, 约束, 与...成平局\nvi. 结合, 打结, 不分胜负",,4,1,zk gk cet4 cet6 ky,2118,1501,d:tied/s:ties/p:tied/i:tying/3:ties
tiger,'taigә,n. a fierce or audacious person\nn. large feline of forests in most of Asia having a tawny coat with black stripes; endangered,"n. 老虎, 虎, 凶暴的人",,1,,zk gk cet4 cet6 ky,4773,5908,s:tigers
tight,tait,a. closely constrained or constricted or constricting\ns. set so close together as to be invulnerable to penetration\ns. affected by scarcity and expensive to borrow\na. of such close construction as to be impermeable,"a. 紧的, 密封的, 吝啬的, 严厉的\nadv. 紧紧地",,3,1,gk cet4 cet6 ky toefl,2805,2741,r:tighter/s:tights/t:tightest
till,til,"n. unstratified soil deposited by a glacier; consists of sand and clay and gravel and boulders mixed together\nv. work land as by ploughing, harrowing, and manuring, in order to make it ready for cultivation","prep. 直到, 在...以前, 迄\nconj. 直到...为止\nvt. 耕种\nn. 放钱的抽屉, 备用现金, 冰碛",,3,1,zk gk toefl,2835,4897,s:tills/i:tilling/p:tilled/d:tilled/3:tills
time,taim,n. an instance or single occasion for some event\nn. a period of time considered as a resource under your control and sufficient to accomplish something\nn. an indefinite period (usually marked by specific attributes or activities)\nn. a suitable moment,"n. 时间, 时侯, 时机, 时期, 期限, 次数, 节拍, 暂停, 规定时间\nvt. 测定...的时间, 记录...的时间, 计时, 定时\na. 时间的, 记时的, 定时的, 定期的, 分期的\n[计] DOS内部命令:用于显示或设定系统的时间",,5,1,zk gk ielts,50,52,s:times/d:timed/i:timing/p:timed/3:times
timetable,'taimteibl,n. a schedule listing events and the times at which they will take place\nn. a schedule of times of arrivals and departures,n. 时间表,,2,1,gk cet4 cet6 ielts,4536,8819,s:timetables/i:timetabling/d:timetabled/p:timetabled
tin,tin,"n. a silvery malleable metallic element that resists corrosion; used in many alloys and to coat other metals to prevent corrosion; obtained chiefly from cassiterite where it occurs as tin oxide\nn. a vessel (box, can, pan, etc.) made of tinplate and used mainly in baking\nv. plate with tin\nv. prepare (a metal) for soldering or brazing by applying a thin layer of solder to the surface","n. 锡, 马口铁, 罐头\nvt. 在...镀锡于\na. 锡制的\n[计] tin阅读程序",,2,1,gk cet4 cet6 ky toefl,2956,5424,s:tins/i:tinning/d:tinned/p:tinned/3:tins
tiny,'taini,s very small,"a. 很少的, 微小的",,3,1,zk gk cet4 cet6 ky toefl,1666,1313,t:tiniest/r:tinier/s:tinies
tip,tip,n. the extreme end of something; especially something pointed\nn. an indication of potential opportunity\nv. cause to tilt\nv. mark with a tip,"n. 顶, 尖端, 梢, 末端, 倾斜, 垃圾场, 小费, 轻击, 指点, 秘密消息\nvt. 装顶端, 使倾斜, 使翻倒, 泄露, 告诫, 暗示, 给...小费, 轻击\nvi. 倾斜, 翻倒, 倾覆, 踮脚走, 给小费\n[计] 终端接口处理器, 提示, 技巧",,3,1,gk cet4 cet6 ky toefl,2631,1928,s:tips/d:tipped/p:tipped/i:tipping/3:tips
tire,taiә,n. hoop that covers a wheel\nv. lose interest or become bored with something or somebody\nv. exhaust or get tired through overuse or great strain or stress,"n. 轮胎, 头饰\nvt. 使疲倦, 使厌烦, 打扮\nvi. 疲劳, 厌倦",,1,1,gk cet4 cet6 ky toefl gre,11152,2850,p:tired/3:tires/d:tired/i:tiring
tired,taiәd,a. depleted of strength or energy,"a. 疲累的, 疲乏的, 厌倦的",,3,1,zk gk,2210,1959,d:tired/0:tired/1:dp/p:tired
tissue,'tiʃu:,n. part of an organism consisting of an aggregate of cells having a similar structure and function\nn. a soft thin (usually translucent) paper,"n. 薄的织物, 薄纱, 棉纸, 组织, 一套\n[化] 组织",,3,,gk cet4 cet6 ky toefl ielts gre,2784,2688,s:tissues/i:tissuing/p:tissued/3:tissues/d:tissued
title,'taitl,n. a heading that names a statute or legislative bill; may give a brief summary of the matters it deals with\nn. the name of a work of art or literary composition etc.\nn. a general or descriptive heading for a section of a written work\nn. an identifying appellation signifying status or function: e.g. `Mr.' or `General',"n. 头衔, 名称, 标题, 书名, 扉页, 权利, 资格, 冠军, 字幕\nvt. 授予头衔, 加标题于\n[计] 标题",,4,1,gk cet4 cet6 ky toefl ielts,855,1323,s:titles/d:titled/i:titling/p:titled/3:titles
to,tu:,"prep. The preposition to primarily indicates approach and arrival,\n   motion made in the direction of a place or thing and attaining it,\n   access; and also, motion or tendency without arrival; movement toward;\n   -- opposed to from.\nprep. Hence, it indicates motion, course, or tendency toward a\n   time, a state or condition, an aim, or anything capable of being\n   regarded as a limit to a tendency, movement, or action; as, he is going\n   to a trade; he is rising to wealth and honor.\nprep. In a very general way, and with innumerable varieties of\n   application, to connects transitive verbs with their remoter or\n   indirect object, and adjectives, nouns, and neuter or passive verbs\n   with a following noun which limits their action. Its sphere verges upon\n   that of for, but it contains less the idea of design or appropriation;\n   as, these remarks were addressed to a large audience; let us keep this\n   seat to ourselves; a substance sweet to the taste; an event painful to\n   the mind; duty to God and to our parents; a dislike to spirituous\n   liquor.\nprep. As sign of the infinitive, to had originally the use of last\n   defined, governing the infinitive as a verbal noun, and connecting it\n   as indirect object with a preceding verb or adjective; thus, ready to\n   go, i.e., ready unto going; good to eat, i.e., good for eating; I do my\n   utmost to lead my life pleasantly. But it has come to be the almost\n   constant prefix to the infinitive, even in situations where it has no\n   prepositional meaning, as where the infinitive is direct object or\n   subject; thus, I love to learn, i.e., I love learning; to die for one's\n   country is noble, i.e., the dying for one's country. Where the\n   infinitive denotes the design or purpose, good usage formerly allowed\n   the prefixing of for to the to; as, what went ye out for see? (Matt.\n   xi. 8).\nprep. In many phrases, and in connection with many other words, to\n   has a pregnant meaning, or is used elliptically.\nprep. Extent; limit; degree of comprehension; inclusion as far as;\n   as, they met us to the number of three hundred.\nprep. Effect; end; consequence; as, the prince was flattered to\n   his ruin; he engaged in a war to his cost; violent factions exist to\n   the prejudice of the state.\nprep. Apposition; connection; antithesis; opposition; as, they\n   engaged hand to hand.\nprep. Accord; adaptation; as, an occupation to his taste; she has\n   a husband to her mind.\nprep. Comparison; as, three is to nine as nine is to twenty-seven;\n   it is ten to one that you will offend him.\nprep. Addition; union; accumulation.\nprep. Accompaniment; as, she sang to his guitar; they danced to\n   the music of a piano.\nprep. Character; condition of being; purpose subserved or office\n   filled.","prep. 到, 向, 趋于\nadv. 向前",,5,1,zk gk,7,7,
toast,tәust,n. slices of bread that have been toasted\nn. a celebrity who receives much acclaim and attention\nv. propose a toast to,"n. 吐司, 烤面包, 干杯\nvt. 敬酒, 烤, 使暖和\nvi. 烤, 烘",,,,gk cet4 cet6 ky ielts,5754,6163,i:toasting/s:toasts/p:toasted/d:toasted/3:toasts
tobacco,tә'bækәu,n. leaves of the tobacco plant dried and prepared for smoking or ingestion\nn. aromatic annual or perennial herbs and shrubs,"n. 烟草, 香烟\n[医] 烟草",,2,,gk cet4 cet6 ky toefl,4278,3010,s:tobaccos
today,tә'dei,n. the present time or age\nn. the day that includes the present moment (as opposed to yesterday or tomorrow)\nr. on this day as distinct from yesterday or tomorrow,"n. 今天, 当今, 现在\nadv. 今天, 当今",,5,1,zk gk,350,214,s:todays
together,tә'geðә,s. mentally and emotionally stable\nr. in contact with each other or in proximity\nr. assembled in one place\nr. in each other's company,"adv. 一起, 共同, 彼此",,5,1,zk gk,288,324,
toilet,'tɒilit,n. a room or building equipped with one or more toilets\nn. a plumbing fixture for defecation and urination\nn. the act of dressing and preparing yourself,"n. 厕所, 梳妆\nvi. 梳妆, 打扮, 上厕所\nvt. 给...梳妆打扮",,2,1,zk gk cet4 cet6 ky,3550,3983,s:toilets
Tokyo,'tәukjәu,n. the capital and largest city of Japan; the economic and cultural center of Japan,n. 东京\n[经] 东京,,,,gk,5474,0,
tolerate,'tɒlәreit,v. recognize and respect (rights and beliefs of others)\nv. have a tolerance for a poison or strong drug or pathogen or environmental condition,"vt. 宽容, 容许, 有耐力",,2,,gk cet4 cet6 ky toefl,4959,4319,d:tolerated/p:tolerated/i:tolerating/3:tolerates
tomato,tә'mɑ:tәu,n. mildly acid red or yellow pulpy fruit eaten as a vegetable\nn. native to South America; widely cultivated in many varieties,"n. 番茄, 西红柿",,2,1,zk gk cet4 cet6 ky toefl,4402,2400,s:tomatoes
tomb,tu:m,n a place for the burial of a corpse (especially beneath the ground and marked by a tombstone),"n. 坟墓, 死亡\nvt. 埋葬",,1,,gk cet4 cet6 ky,6130,6183,s:tombs
tomorrow,tә'mɒ:rәu,"n. the day after today\nn. the near future\nr. the next day, the day after, following the present day","n. 明天, 未来\nadv. 明天, 未来地",,4,1,zk gk,1075,1334,s:tomorrows
ton,tʌn,n a United States unit of weight equivalent to 2000 pounds\nn a British unit of weight equivalent to 2240 pounds,n. 吨\n[经] 吨,,3,1,zk gk cet4 cet6 ky,3936,0,s:tons/i:toning/r:tonner
tongue,tʌŋ,n. a mobile mass of muscular tissue covered with mucous membrane and located in the oral cavity\nn. any long thin projection that is transient\nn. a manner of speaking\nn. the tongue of certain animals used as meat,"n. 舌, 语言能力, 讲话方式, 语言\nvt. 舔, 斥责, 发...的音\nvi. 使用舌头, 吹管乐器",,2,1,zk gk cet4 cet6 ky toefl ielts,2831,2871,s:tongues/i:tonguing/p:tongued/3:tongues/d:tongued
tonight,tә'nait,n. the present or immediately coming night\nr. during the night of the present day,"n. 今晚, 今夜\nadv. 今晚, 今夜",,4,1,zk gk,1385,910,
too,tu:,r to a degree exceeding normal or proper limits\nr in addition,"adv. 也, 非常, 太",,5,1,zk gk,115,133,
tool,tu:l,n. an implement used in the practice of a vocation\nv. drive\nv. furnish with tools\nv. work with a tool,"n. 工具, 机床, 傀儡\nvt. 用工具加工\nvi. 使用工具",,3,1,zk gk cet4 cet6 ky,1739,1291,s:tools/i:tooling/p:tooled/3:tools/d:tooled
tooth,tu:θ,n. hard bonelike structures in the jaws of vertebrates; used for biting and chewing or for attack and defense\nn. something resembling the tooth of an animal\nn. toothlike structure in invertebrates found in the mouth or alimentary canal or on a shell\nn. a means of enforcement,"n. 牙齿, 齿状物, 爱好\nvt. 装以齿, 将...切成齿状\nvi. 啮合",,3,1,zk gk,1747,1854,s:teeth
toothache,'tu:θeik,n. an ache localized in or around a tooth,n. 牙痛\n[医] 牙痛,,,,zk gk,21284,24353,
toothbrush,'tu:θbrʌʃ,n. small brush; has long handle; used to clean teeth,n. 牙刷,,1,,zk gk,15334,13896,s:toothbrushes/i:toothbrushing
toothpaste,'tu:θpeist,n. a dentifrice in the form of a paste,n. 牙膏\n[化] 牙膏,,1,,zk gk,15700,14165,s:toothpastes
top,tɒp,n. the upper part of anything\nn. the highest or uppermost side of anything\nn. the first half of an inning; while the visiting team is at bat\nn. the greatest possible intensity,"n. 顶部, 顶端, 极点, 上面, 上部, 顶篷, 最高地位, 首位, 陀螺\na. 最高的, 顶上的, 头等的\nvt. 盖, 加以顶, 高达, 超越\nvi. 结束, 达到顶点, 高出\n[计] TOP协议",,5,1,zk gk cet4 cet6 ky ielts,776,678,s:tops/d:topped/p:topped/i:topping/3:tops
topic,'tɒpik,n. some situation or event that is thought about,"n. 主题, 论题, 话题",,2,1,gk cet4 cet6 ky toefl ielts,2051,1860,s:topics
tortoise,'tɒ:tәs,n. usually herbivorous land turtles having clawed elephant-like limbs; worldwide in arid area except Australia and Antarctica,"n. 龟, 行动迟缓的人",,1,,gk cet4 cet6,12178,13299,s:tortoises/i:tortoising/p:tortoised
total,'tәutl,v. add up in number or quantity\nv. determine the sum of\nv. damage beyond the point of repair,"a. 全体的, 总的, 全然的\nvt. 计算...的总和, 共计为\nvi. 合计\nn. 总数, 全体, 合计\nadv. 统统",,5,1,zk gk cet4 cet6 ky ielts,831,1038,i:totalling/p:totalled/s:totals/3:totals/d:totalled
totally,'tәutli,r to a complete degree or to the full or entire extent (`whole' is often used informally for `wholly'),adv. 完全地,,,1,gk,1608,1911,
touch,tʌtʃ,n. the event of something coming in contact with the body\nn. the faculty by which external objects or forces are perceived through contact with the body (especially the hands)\nn. a suggestion of some quality\nn. a distinguishing style,"n. 触觉, 碰, 触, 机灵, 轻触, 格调, 少许, 缺点, 弹力\nvt. 接触, 触摸, 触及, 使接触, 达到, 涉及, 影响到, 使轻度受害, 感动\nvi. 触摸, 接近, 涉及, 提到",,4,1,zk gk cet4 cet6 ky toefl,1372,1166,p:touched/d:touched/i:touching/s:touches/3:touches
tough,tʌf,a. not given to gentleness or sentimentality\na. physically toughened\na. resistant to cutting or chewing,"n. 恶棍\na. 强硬的, 艰苦的, 坚固的, 坚韧的, 粗暴的, 咬不动的",,4,1,gk cet4 cet6 ky toefl ielts,2160,1012,r:tougher/t:toughest/s:toughs
tour,tuә,n. a journey or route all the way around a particular place or area\nv. make a tour of a certain place,"n. 旅游, 观光旅行, 任期\nvi. 旅行, 周游, 巡回\nvt. 周游, 观光, 游历, 使巡回演出",,4,1,zk gk cet4 cet6 ky ielts,1420,1474,s:tours/i:touring/p:toured/d:toured/3:tours
tourism,'tuәrizm,n. the business of providing services to tourists,"n. 观光业, 游览\n[经] 旅游业",,2,,gk ielts,4425,4721,
tourist,'tuәrist,n. someone who travels for pleasure,"n. 观光客, 旅行者\na. 旅游的",,3,1,zk gk ielts,2425,2394,s:tourists
tournament,'tә:nәmәnt,n. a sporting competition in which contestants play a series of games to decide the winner\nn. a series of jousts between knights contesting for a prize,"n. 比赛, 竞赛, 锦标赛, 联赛",,3,,gk ky toefl ielts gre,3482,2761,s:tournaments
toward,tә'wɒ:d,"prep. Alt. of Towards\nadv. Alt. of Towards\nprep. Approaching; coming near.\nprep. Readly to do or learn; compliant with duty; not froward;\n   apt; docile; tractable; as, a toward youth.\nprep. Ready to act; forward; bold; valiant.","prep. 向, 对于, 为了\na. 即将来临的, 进行中的",,,,zk gk cet4 ky,4712,384,
towel,'tauәl,n. a rectangular piece of absorbent cloth (or paper) for drying or wiping\nv. wipe with a towel,"n. 手巾, 毛巾\nv. 擦干身子",,2,1,zk gk cet4 cet6 ky toefl ielts,4814,3682,s:towels/p:towelled/i:towelling/3:towels/d:towelled
tower,'tauә,n. a structure taller than its diameter; can stand alone or be attached to a larger building,"n. 塔, 高楼, 堡垒\nvi. 高耸, 翱翔",,3,1,zk gk cet4 cet6 ky toefl ielts,2131,2412,s:towers/p:towered/i:towering/3:towers/d:towered
town,taun,n. an urban area with a fixed boundary that is smaller than a city\nn. the people living in a municipality smaller than a city\nn. United States architect who was noted for his design and construction of truss bridges (1784-1844),"n. 城镇, 市, 镇\n[法] 城镇, 城市, 闹市",,5,1,zk gk ielts,433,488,s:towns
toy,tɒi,n. a nonfunctional replica of something else (frequently used as a modifier)\nn. a device regarded as providing amusement\nv. manipulate manually or in one's mind or imagination,"n. 玩具, 小玩艺儿, 小型的东西, 消遣\na. 供玩耍的, 作为玩具的\nvi. 玩弄, 戏弄, 调情",,3,1,zk gk cet4 cet6 ky gre,3412,2418,s:toys/p:toyed/i:toying/d:toyed/3:toys
track,træk,n. a pair of parallel rails providing a runway for wheels\nn. an endless metal belt on which tracked vehicles move over the ground\nn. (computer science) one of the circular magnetic paths on a magnetic disk that serve as a guide for writing and reading data\nn. a groove on a phonograph recording,"n. 轨迹, 足迹, 径迹, 小道, 轨道, 磁轨, 途径\nvt. 循路而行, 追踪, 通过, 用纤拉\nvi. 追踪, 留下足迹, 沿轨道运行\n[计] 跟踪",,4,1,gk cet4 cet6 ky toefl ielts gre,1268,1143,s:tracks/d:tracked/p:tracked/i:tracking/3:tracks
tractor,'træktә,n. a wheeled vehicle with large wheels; used in farming and other applications\nn. a truck that has a cab but no body; used for pulling large trailers or vans,"n. 牵引器, 拖拉机, 拉纸器\n[计] 进纸器",,1,,gk cet4 cet6 ky toefl ielts,7015,6548,s:tractors
trade,treid,n. the commercial exchange (buying and selling on domestic or international markets) of goods and services\nn. the skilled practice of a practical occupation\nn. the business given to a commercial establishment by its customers\nv. engage in the trade of,"n. 贸易, 商业, 交易, 生意, 职业, 顾客, 信风\nvi. 进行交易, 做买卖, 经商, 对换, 购物\nvt. 用...进行交换",,5,1,zk gk cet4 cet6 ky ielts,485,800,s:trades/i:trading/d:traded/p:traded/3:trades
tradition,trә'diʃәn,n. an inherited pattern of thought or action,"n. 传说, 传统, 交付\n[法] 传统, 惯例, 移交",,3,1,gk cet4 cet6 ky,1417,1243,s:traditions
traditional,trә'diʃәnl,a. consisting of or derived from tradition\ns. pertaining to time-honored orthodox doctrines,"a. 传统的, 惯例的\n[经] 传统的, 惯例的",,4,1,zk gk cet4 cet6 ielts,1006,925,
traffic,'træfik,n. the aggregation of things (pedestrians or vehicles) coming and going in a particular locality during a specified period of time\nn. buying and selling; especially illicit trade\nn. the amount of activity over a communication system during a given period of time\nv. deal illegally,"n. 交通, 通行, 运输, 交通量, 贸易, 交易, 交往, 通信量\nvi. 交易, 做买卖\nvt. 用...作交换\n[计] 通信量, 传输量",,3,1,zk gk cet4 cet6 ky toefl ielts,1423,1712,i:trafficking/p:trafficked/3:traffics/d:trafficked
train,trein,n. public transport provided by a line of railway cars coupled together and drawn by a locomotive\nn. a series of consequences wrought by an event\nn. piece of cloth forming the long back section of a gown that is drawn along the floor\nv. create by training and teaching,"n. 火车, 列车, 行列, 长队, 一连串的后果, 顺序\nvt. 训练, 教育, 对准\nvi. 受训练, 锻炼",,4,1,zk gk ielts,1186,1516,d:trained/s:trains/i:training/p:trained/3:trains
trainer,'treinә,n. one who trains other persons or animals,"n. 训练员, 驯马师\n[电] 列车器",,1,,gk,3854,4458,s:trainers
training,'treiniŋ,n. activity leading to skilled behavior,"n. 训练, 培养\n[医] 训练",,,1,zk gk cet4 cet6 ky ielts,516,796,i:training/0:training/1:i
tram,træm,v. travel by tram,"n. 电车轨道, 煤车, 纬纱, 纬丝\nvt. 用煤车运载\nvi. 乘电车",,1,,gk cet4 cet6 ky,6704,14885,s:trams/i:tramming/p:trammed/3:trams/d:trammed
transform,træns'fɒ:m,"v. subject to a mathematical transformation\nv. change or alter in form, appearance, or nature\nv. change in outward structure or looks\nv. convert (one form of energy) to another","vt. 使转换, 改变, 改造, 使...变形\nvi. 改变, 转化, 变换\n[计] 变换",,3,1,gk cet4 cet6 ky toefl ielts,2693,2185,d:transformed/i:transforming/p:transformed/3:transforms
translate,træns'leit,v. restate (words) from one language into another language\nv. change from one form or medium into another\nv. bring to a certain spiritual state\nv. change the position of (figures or bodies) in space without rotation,"vt. 翻译, 解释, 转化, 转变为, 调动\nvi. 翻译, 被译\n[计] 转换",,2,1,zk gk cet4 cet6 ky,3281,2729,d:translated/i:translating/3:translates/p:translated
translation,træns'leiʃәn,n. a written communication in a second language having the same meaning as the written communication in a first language\nn. a uniform movement without rotation\nn. (mathematics) a transformation in which the origin of the coordinate system is moved to another position but the direction of each axis remains the same\nn. (genetics) the process whereby genetic information coded in messenger RNA directs the formation of a specific protein at a ribosome in the cytoplasm,"n. 翻译, 译文, 转化, 调任, 平移, 转译\n[计] 转换",,2,1,gk cet4 cet6 ky toefl,3982,4290,s:translations
translator,træn'leitә,n. a person who translates written messages from one language to another\nn. a program that translates one programming language into another,n. 翻译者\n[计] 翻译程序; 翻译器,,2,,gk,12093,6785,s:translators
transparent,træns'pærәnt,s. easily understood or seen through (because of a lack of subtlety),"a. 透明的, 显然的, 清晰的\n[计] 透明",,1,1,gk cet4 cet6 ky toefl ielts gre,6902,5884,s:transparents
transport,træns'pɒ:t,"n. an exchange of molecules (and their kinetic energy and momentum) across the boundary between adjacent layers of a fluid or across cell membranes\nv. move something or somebody around; usually over long distances\nv. move while supporting, either in a vehicle or in one's hands or on one's body\nv. transport commercially","n. 运输, 运输工具, 激动, 狂喜, 流放犯\nvt. 传送, 运输, 流放\n[计] 传送",,4,1,gk cet4 cet6 ky ielts gre,1202,4640,d:transported/i:transporting/p:transported/3:transports/s:transports
trap,træp,n. a device in which something (usually an animal) can be caught and penned\nn. drain consisting of a U-shaped section of drainpipe that holds liquid and so prevents a return flow of sewer gas\nn. something (often something deceptively attractive) that catches you unawares\nn. a device to hurl clay pigeons into the air for trapshooters,"n. 圈套, 陷阱, 诡计, 存水弯\nvi. 设圈套, 设陷阱\nvt. 诱捕, 诱骗, 抓住, 使受限制\n[计] 俘获; 陷井",,3,1,gk cet4 cet6 ky toefl ielts,3373,3538,d:trapped/s:traps/p:trapped/i:trapping/3:traps
travel,'trævl,"n. the act of going from one place to another\nv. change location; move, travel, or proceed, also metaphorically\nv. undertake a journey or trip\nv. make a trip for pleasure","n. 旅行, 游历, 行进\nvi. 旅行, 行进, 移动, 被传播\nvt. 旅行, 通过, 使移动",,4,1,zk gk ielts,1132,1081,i:travelling/p:travelled/d:travelled/s:travels/3:travels
traveler,'trævlә,n. a person who changes location,"n. 旅行者, 游客, 旅客, 旅行推销员, 活动起重架, 行车, 临时记帐单",,,,gk,0,3795,s:travelers
treasure,'treʒә,n. accumulated wealth in the form of money or jewels etc.\nn. any possession that is highly valued by its owner\nn. a collection of precious things,"n. 宝物, 财富\nvt. 珍爱, 重视, 秘藏",,2,,zk gk cet4 cet6 ky toefl,4538,4074,s:treasures/d:treasured/p:treasured/3:treasures/i:treasuring
treat,tri:t,n. an occurrence that causes special pleasure or delight\nv. interact in a certain way\nv. provide treatment for\nv. provide with a gift or entertainment,"n. 宴请, 款待\nvt. 视为, 对待, 论述, 治疗, 款待\nvi. 讨论, 谈判, 作东",,4,1,gk cet4 cet6 ky toefl,856,960,d:treated/i:treating/p:treated/3:treats/s:treats
treatment,'tri:tmәnt,n. care provided to improve a situation (especially medical procedures or applications that are intended to relieve illness or injury)\nn. the management of someone or something\nn. a manner of dealing with something artistically,"n. 治疗, 待遇, 处理\n[医] 疗法, 治疗; 处理",,4,1,zk gk cet4 cet6 toefl ielts,766,745,s:treatments
tree,tri:,n. a tall perennial woody plant having a main trunk and branches forming a distinct elevated crown; includes both gymnosperms and angiosperms\nn. a figure that branches from a single root\nn. English actor and theatrical producer noted for his lavish productions of Shakespeare (1853-1917)\nv. plant with trees,"n. 树, 木料, 树状物\nvt. 把...赶上树\n[计] 树; DOS外部命令:显示指定磁盘驱动器的目录结构",,4,1,zk gk ielts,680,596,s:trees/i:treeing/p:treed/3:trees/d:treed
tremble,'trembl,n. a reflex motion caused by cold or fear or excitement\nv. move or jerk quickly and involuntarily up and down or sideways,"n. 战栗, 颤抖\nvi. 战栗, 忧虑, 摇晃",,2,,gk cet4 cet6 ky toefl ielts,4432,5233,i:trembling/p:trembled/3:trembles/d:trembled
trend,trend,n a general direction in which something tends to move\nn general line of orientation\nn a general tendency to change (as of opinion)\nn the popular taste at a given time\nv turn sharply; change direction abruptly,"n. 趋势, 倾向, 走向\nvi. 倾向, 转向\n[计] 趋势",,3,1,gk cet4 cet6 ky toefl ielts gre,1949,1697,s:trends/i:trending/p:trended/3:trends/d:trended
trial,'traiәl,n. trying something to find out about it\nn. (law) the determination of a person's innocence or guilt by due process of law\nn. (sports) a preliminary competition to determine qualifications\nn. an annoying or frustrating or catastrophic event,"n. 审判, 试验, 艰苦, 麻烦事, 考验\na. 审讯的, 试验性的",,4,1,gk cet4 cet6 ky toefl ielts,1166,898,s:trials/p:trialled
triangle,'traiæŋgl,n. a three-sided polygon\nn. something approximating the shape of a triangle\nn. any of various triangular drafting instruments used to draw straight lines at specified angles\nn. a percussion instrument consisting of a metal bar bent in the shape of an open triangle,"n. 三角形, 三个一组, 三角关系\n[医] 三角, 三角形",,1,1,gk cet4 cet6 ky toefl ielts,5296,5605,s:triangles
trick,trik,"n. a cunning or deceitful action or device\nn. a period of work or duty\nn. an attempt to get you to do something foolish or imprudent\nn. (card games) in a single round, the sequence of cards played by all the players; the high card is the winner","n. 诡计, 欺诈, 谋略, 恶作剧, 习惯, 决窍\nvt. 愚弄, 欺骗, 装饰\nvi. 哄骗, 戏弄\na. 有决窍的, 特技的, 欺诈的, 漂亮的, 靠不住的",,3,1,gk cet4 cet6 ky toefl ielts,3180,3068,s:tricks/d:tricked/p:tricked/3:tricks/i:tricking
trip,trip,n. a journey for some purpose (usually including the return)\nn. a hallucinatory experience induced by drugs\nn. an exciting or stimulating experience\nn. a light or nimble tread,"n. 旅行, 绊倒, 摔倒, 失足, 差错, 旅程\nvt. 使跌倒, 使犯错, 使失败\nvi. 轻快地走, 绊倒, 失误, 犯错, 结巴, 旅行, 远足",,4,1,zk gk toefl ielts,1664,962,s:trips/i:tripping/p:tripped/3:trips/d:tripped
troop,tru:p,n. a group of soldiers\nn. a cavalry unit corresponding to an infantry company\nn. a unit of Girl or Boy Scouts\nn. an orderly crowd,"n. 军队, 一群, 一队\nvi. 群集, 结队, 成群而行",,4,,gk cet4 cet6 ky toefl,1740,1137,s:troops/p:trooped/i:trooping/3:troops/d:trooped
trouble,'trʌbl,n. a source of difficulty\nn. an event causing distress or pain\nn. an effort that is inconvenient\nn. an unwanted pregnancy,"n. 烦恼, 麻烦, 困难, 动乱, 故障\nvt. 困扰, 麻烦, 使烦恼, 折磨\nvi. 烦恼, 费心",,4,1,zk gk toefl ielts,1005,981,s:troubles/d:troubled/p:troubled/3:troubles/i:troubling
troublesome,'trʌblsәm,s. difficult to deal with,"a. 麻烦的, 令人讨厌的",,1,,gk cet4 cet6 ky toefl,9603,9839,
trousers,'trauzәz,"n (usually in the plural) a garment extending from the waist to the knee or ankle, covering each leg separately\nn a garment (or part of a garment) designed for or relating to trousers","pl. 裤子, 长裤",,2,1,zk gk cet4 cet6 ky ielts,2969,7124,s:trousers/0:trousers/1:s
truck,trʌk,n. an automotive vehicle suitable for hauling\nv. convey (goods etc.) by truck,"n. 卡车, 货车, 对...进行交易, 来往, 实物工资, (供应市场的)蔬菜, 废物, 废话\nvt. 对...进行交易, 交往, 以卡车运输\nvi. 驾驶卡车, 以物易物",,3,1,zk gk cet4 cet6 ky,3631,1237,s:trucks/i:trucking/d:trucked/p:trucked/3:trucks
true,tru:,"n. proper alignment; the property possessed by something that is in correct or proper alignment\nv. make level, square, balanced, or concentric\na. consistent with fact or reality; not false\ns. accurately placed or thrown","a. 真实的, 正确的, 忠诚的, 可靠的, 纯粹的, 正式的\nn. 真实, 准确\nadv. 真实地, 准确地",,4,1,zk gk,547,492,r:truer/t:truest/i:truing/p:trued/3:trues/d:trued
truly,'tru:li,r. in accordance with truth or fact or reality,"adv. 真实地, 不假",,3,1,gk cet4 cet6,2576,1719,
trunk,trʌŋk,n. the main stem of a tree; usually covered with bark; the bole is usually the part that is commercially useful for lumber\nn. luggage consisting of a large strong case used when traveling or for storage,"n. 树干, 干线, 躯干, 主干, 象鼻, 箱子\nvt. 把...放入旅行箱内\na. 树干的, 躯干的, 干线的, 箱形的\n[计] 中继线; 母线",,2,,gk cet4 cet6 ky toefl ielts gre,4993,3533,s:trunks/i:trunking
trust,trʌst,n. something (as property) held by one party (the trustee) for the benefit of another (the beneficiary)\nn. the trait of believing in the honesty and reliability of others\nn. a consortium of independent organizations formed to limit competition by controlling the production and distribution of a product or service\nv. have confidence or faith in,"n. 信任, 信赖, 相信, 受托, 职责, 信心, 托拉斯\na. 信托的, 托拉斯的\nvt. 信赖, 信任, 相信, 盼望, 赊卖给\nvi. 相信, 信赖, 依靠\n[计] 委托, 信任",,4,1,zk gk cet4 cet6 ky,1160,1841,s:trusts/d:trusted/p:trusted/i:trusting/3:trusts
truth,tru:θ,n. a fact that has been verified\nn. conformity to reality or actuality\nn. a true statement\nn. United States abolitionist and feminist who was freed from slavery and became a leading advocate of the abolition of slavery and for the rights of women (1797-1883),"n. 事实, 实情\n[法] 真实, 真相, 事实",,4,1,zk gk cet4 cet6 ky toefl,1152,850,s:truths
try,trai,v. make an effort or attempt\nv. give pain or trouble to\nv. test the limits of\nv. melt (fat or lard) in order to separate out impurities,"n. 尝试, 试验, 审理, 审判\nvt. 试, 尝试, 试验, 考验, 审问, 提炼\nvi. 尝试, 试图",,5,1,zk gk,159,127,i:trying/p:tried/d:tried/3:tries/s:tries
tube,tju:b,n. conduit consisting of a long hollow object (usually cylindrical) used to hold and conduct objects or liquids or gases\nn. electronic device consisting of a system of electrodes arranged in an evacuated glass or metal envelope\nn. (anatomy) any hollow cylindrical body structure\nv. provide with a tube or insert a tube into,"n. 管, 软管, 隧道\nvt. 把...装管, 使通过管子\n[计] 管子",,3,1,gk cet4 cet6 ky toefl ielts,2688,2520,s:tubes/d:tubed/i:tubing/p:tubed/3:tubes
Tuesday,'tju:zdi,n. the third day of the week; the second working day,n. 星期二,,4,1,zk gk ielts,2348,0,s:tuesdays
tune,tju:n,n. a succession of notes forming a distinctive sequence\nn. the property of producing accurately a note of a given pitch\nn. the adjustment of a radio receiver or other circuit to a required frequency\nv. adjust for (better) functioning,"n. 歌曲, 主旋律, 心情, 声调, 和谐, 一致, 语调, 程度\nvt. 为...调音, 调整, 调谐, 使一致\nvi. 协调, 调谐",,3,1,gk cet4 cet6 ky toefl ielts,3770,3646,s:tunes/d:tuned/i:tuning/p:tuned/3:tunes
turkey,'tә:ki,"n. large gallinaceous bird with fan-shaped tail; widely domesticated for food\nn. a Eurasian republic in Asia Minor and the Balkans; on the collapse of the Ottoman Empire in 1918, the Young Turks, led by Kemal Ataturk, established a republic in 1923\nn. flesh of large domesticated fowl usually roasted\nn. an event that fails badly or is totally ineffectual","n. 火鸡, 无用的家伙, 土耳其",,1,,gk cet4 cet6 ky,4180,3292,s:turkeys
turn,tә:n,n. the act of changing or reversing the direction of the course\nn. (game) the activity of doing something in an agreed succession\nn. an unforeseen development\nn. the act of turning away or in the opposite direction,"n. 转弯, 转动, 旋转, 翻转, 一圈, 顺次, 改动, 变化, 性格, 特色, 形状, 转折\nvt. 使旋转, 转弯, 转动, 使转向, 驱赶, 阻挡, 兑换, 改写, 使作对, 绕过, 使流通\nvi. 转动, 转弯, 转向, 翻转, 回转, 改变, 转身, 变成, 变质, 晕眩, 易脱手",,5,1,zk gk,183,170,p:turned/d:turned/i:turning/3:turns/s:turns
tutor,'tju:tә,v. be a tutor to someone; give individual instruction\nv. act as a guardian to someone,"n. 家庭教师, 导师, 助教, 监护人\nvt. 当...的教师, 教, 指导, 约束, 克制\nvi. 当家庭教师, 受家庭教师的指导",,2,,gk cet4 cet6 ky toefl ielts gre,3839,9093,s:tutors/i:tutoring/p:tutored/3:tutors/d:tutored
TV,'ti:'vi:,n broadcasting visual images of stationary or moving objects\nn an electronic device that receives television signals and displays them on a screen,"电视\n[计] 电视, 转移向量",,4,1,zk gk ky ielts,1457,730,
twelfth,twelfθ,n. position 12 in a countable series of things\ns. coming next after the eleventh and just before the thirteenth in position,"num. 第十二, 十二分之一",,4,,zk gk,6150,12592,
twelve,twelv,n. the cardinal number that is the sum of eleven and one\ns. denoting a quantity consisting of 12 items or units,"num. 十二, 十二个",,5,,zk gk,1447,3218,
twentieth,'twentiiθ,n. position 20 in a countable series of things\ns. coming next after the nineteenth in position,"num. 第二十, 二十分之一",,4,,zk gk,3802,4889,
twenty,'twenti,n. the cardinal number that is the sum of nineteen and one\ns. denoting a quantity consisting of 20 items or units,"num. 二十, 二十个",,5,,zk gk,605,2086,
twice,twais,r. two times,"adv. 两次, 两倍",,5,1,zk gk,1501,1410,
twin,twin,n. either of two offspring born at the same time from the same pregnancy\nn. a waterfall in the Snake River in southern Idaho\nv. duplicate or match\nv. grow as twins,"n. 双胞胎中一人, 一对非常相像的人(或物)中的一个\na. 双胞胎的, 成对的, 孪生的\nvi. 生双胞胎, 成对\nvt. 怀(双胞胎), 使成对",,3,1,gk cet4 cet6 ky,2884,2376,s:twins/d:twinned/i:twinning/3:twins/p:twinned
twist,twist,n. a jerky pulling movement\nn. social dancing in which couples vigorously twist their hips and arms in time to the music; was popular in the 1960s\nn. turning or twisting around (in place)\nv. turn in the opposite direction,"n. 一扭, 扭曲, 曲折, 歪曲, 螺旋状, 新手法\nvt. 拧, 扭, 捻, 编织, 使扭转, 缠绕, 盘绕, 歪曲, 使转动, 使苦恼, 使混乱, 使旋转\nvi. 转向, 弯曲, 缠绕, 扭动, 呈螺旋形",,3,1,gk cet4 cet6 ky toefl ielts,3673,3759,p:twisted/i:twisting/d:twisted/s:twists/3:twists
two,tu:,n. the cardinal number that is the sum of one and one or a numeral representing this number\ns. being one more than one,"num. 二, 二个",,5,,zk gk,60,80,
type,taip,n. a subdivision of a particular kind of thing\nn. (biology) the taxonomic group whose characteristics are used to define the next higher taxon\nn. printed characters\nn. all of the tokens of the same symbol,"n. 类型, 样式, 典型, 榜样, 标志, 符号, 型, 式\nvi. 打字\nvt. 作为代表, 测定类型, 用打字机打\n[计] 类型; 键入; DOS内部命令:在屏幕上显示指定文件的内容",,4,1,gk cet4 cet6 ky ielts,356,590,s:types/d:typed/i:typing/p:typed/3:types
typewriter,'taip.raitә,n. hand-operated character printer for printing written messages one character at a time,n. 打字机,,1,,gk cet4 cet6 ky,7660,9870,s:typewriters
typhoon,tai'fu:n,n. a tropical cyclone occurring in the western Pacific or Indian oceans,n. 台风,,1,,gk cet4 cet6 ky ielts gre,25972,21835,s:typhoons
typical,'tipikl,a. exhibiting the qualities or characteristics that identify a group or kind or category\ns. conforming to a type,"a. 典型的, 象征性的\n[医] 典型的",,3,1,gk cet4 cet6 ky toefl ielts,1850,1835,
typist,'taipist,n. someone paid to operate a typewriter,n. 打字员,,,,gk cet4 cet6 ky,14970,22849,s:typists
tyre,'taiә,n a port in southern Lebanon on the Mediterranean Sea; formerly a major Phoenician seaport famous for silks\nn hoop that covers a wheel,n. 轮胎\nvt. 装轮胎于,,2,1,gk cet4 cet6 ielts,4491,0,s:tyres
ugly,'ʌgli,a. displeasing to the senses,"a. 丑陋的, 邪恶的, 险恶的, 不祥的\nn. 丑陋的人(或物)",,2,1,zk gk cet4 cet6 ky ielts gre,4485,3262,t:ugliest/r:uglier/s:uglies
umbrella,ʌm'brelә,n. a lightweight handheld collapsible canopy\nn. a formation of military planes maintained over ground operations or targets\nn. having the function of uniting a group of similar things\ns. covering or applying simultaneously to a number of similar items or elements or groups,"n. 伞, 雨伞, 保护伞\na. 伞的, 包罗万象的\nvt. 用伞遮掩",,2,1,zk gk,5549,5664,s:umbrellas
unable,ʌn'eibl,a. (usually followed by `to') not having the necessary means or skill or know-how\ns. (usually followed by `to') lacking necessary physical or mental ability,"a. 不能的, 不会的\n[法] 无能力的, 无资格的, 没有办法的",,3,1,gk cet4 cet6,1474,2136,
unbearable,.ʌn'bєәrәbl,a incapable of being put up with,"a. 无法忍受的, 承受不住的",,1,,gk cet4 cet6 toefl,9826,10284,
unbelievable,.ʌnbi'li:vәbl,a beyond belief or understanding\ns having a probability too low to inspire belief,a. 难以置信的,,2,,gk,8410,6070,
uncertain,.ʌn'sә:tn,a. lacking or indicating lack of confidence or assurance\na. not established beyond doubt; still undecided or unknown\na. not certain to occur; not inevitable\ns. not consistent or dependable,"a. 不确定的, 无常的, 不确信的, 不可预测的\n[法] 不确定的, 未定的, 不确信的",,2,1,gk cet4 cet6,3532,4291,
uncle,ʌŋkl,n. the brother of your father or mother; the husband of your aunt\nn. a source of help and advice and encouragement,"n. 叔父, 伯父, 姨丈",,3,1,zk gk,2301,3345,s:uncles
uncomfortable,.ʌn'kʌmfәtәbl,a. conducive to or feeling mental discomfort\na. providing or experiencing physical discomfort,"a. 不舒服的, 不自在的, 不安的",,2,1,gk cet4 cet6 ielts,4465,3640,
unconditional,.ʌnkәn'diʃәnl,a. not conditional\ns. not contingent; not determined or influenced by someone or something else,"a. 无条件的, 无限制的, 绝对的\n[经] 无条件的, 无保留的",,2,,gk ielts,10278,11570,
unconscious,.ʌn'kɒnʃәs,a. not conscious; lacking awareness and the capacity for sensory perception as if asleep or dead\ns. without conscious volition\ns. (followed by `of') not knowing or perceiving,"a. 未意识到的, 无意识的, 无知觉的\n[医] 人事不省的, 神志丧失的; 无意识的",,2,1,gk cet4 cet6 toefl ielts gre,5026,5668,
under,'ʌndә,"s. lower in rank, power, or authority\nr. down to defeat, death, or ruin\nr. through a range downward\nr. into unconsciousness","prep. 在...之下, 低于\na. 下面的, 从属的\nadv. 在下面",,5,1,zk gk,158,225,
underground,'ʌndәgraund,n. a secret group organized to overthrow a government or occupation force\nr. in or into hiding or secret operation\nr. beneath the surface of the earth,"n. 地下, 地铁, 地道, 秘密活动\na. 地下的, 秘密的\nadv. 在地下, 秘密地",,3,1,zk gk toefl ielts,5281,5341,i:undergrounding
underline,'ʌndәlain,v. draw a line or lines underneath to call attention to,"vt. 在...下面划线, 作...的衬里, 强调\nn. 下划线, 图下说明文字\n[计] 加下划线; 下划线",,2,,gk cet4 cet6 ky ielts,4685,9691,d:underlined/3:underlines/p:underlined/i:underlining
understand,.ʌndә'stænd,v. know and comprehend the nature or meaning of\nv. perceive (an idea or situation) mentally\nv. make sense of a language\nv. believe to be the case,"vt. 理解, 了解, 领会, 听说, 懂\nvi. 懂得, 认为",,5,1,zk gk toefl,391,320,d:understood/p:understood/i:understanding/3:understands
understanding,.ʌndә'stændiŋ,n. the cognitive condition of someone who understands\ns. characterized by understanding based on comprehension and discernment and empathy,"n. 理解, 谅解\n[法] 协商, 协议, 谅解",,3,1,gk cet4 cet6 ky ielts,1260,1298,0:understand/1:i/i:understanding/s:understandings
undertake,.ʌndә'teik,v. enter upon an activity or enterprise\nv. accept as a challenge\nv. promise to do or accomplish\nv. accept as a charge,"vt. 试图, 从事, 保证, 承担, 同意, 接受\n[化] 承包; 承担",,2,,gk cet4 cet6 ky toefl ielts,1604,4035,d:undertaken/p:undertook/i:undertaking/3:undertakes
underwear,'ʌndәwєә,n. undergarment worn next to the skin and under the outer garments,n. 内衣,,1,1,gk cet6,8792,6524,
undivided,.ʌndi'vaidid,s. not parted by conflict of opinion\ns. not shared by or among others\ns. not separated into parts or shares; constituting an undivided unit,"a. 未分开的, 专一的, (组织等)未分裂的\n[法] 不可分割的, 完整的, 未分割的",,,,gk,19323,20480,
undo,.ʌn'du:,"v. cancel, annul, or reverse an action or its effect\nv. cause the ruin or downfall of","vt. 解开, 取消, 破坏, 毁灭, 扰乱\nvi. 松开\n[计] 撤消",,1,1,gk cet4 cet6 ky toefl ielts,6417,6632,d:undone/p:undid/i:undoing/3:undoes
unemployment,.ʌnim'plɒimәnt,n. the state of being unemployed or not having a job,"n. 失业, 失业人数\n[经] 失业",,1,1,gk cet6 ky ielts,1495,3492,
unfair,.ʌn'fєә,a. not fair; marked by injustice or partiality or deception,"a. 不公平的, 不正直的, 不正当的\n[法] 不正直的, 不公平的, 偏颇的",,3,1,gk cet4 cet6 toefl ielts,3625,4493,t:unfairest
unfit,.ʌn'fit,a. below the required standards for a purpose\na. not in good physical or mental condition; out of condition,"a. 不适当的, 不胜任的, 不健康的\nvt. 使不相宜, 使不合格",,1,,gk cet6,9543,13433,3:unfits/i:unfitting/p:unfitted/d:unfitted
unfold,.ʌn'fәuld,v. open to the view\nv. extend or stretch out to a greater or the full length\nv. spread out or open from a closed or folded state,"vt. 展开, 打开, 披露, 开展, 挑明\nvi. 伸展, 开花, 呈现",,2,,gk cet6 ky toefl ielts gre,7574,4541,3:unfolds/p:unfolded/i:unfolding/d:unfolded
unfortunate,.ʌn'fɒ:tʃәnit,n. a person who suffers misfortune\na. not favored by fortune; marked or accompanied by or resulting in ill fortune\ns. unsuitable or regrettable,"a. 不幸的, 不合适的, 不吉利的",,2,1,gk cet4 cet6,4076,4970,s:unfortunates
unfortunately,ʌn'fɔ:tjjnәtli,r. by bad luck,"adv. 恐怕, 不幸的是",,3,1,gk cet4 cet6 ky toefl,1910,2016,
unhappy,.ʌn'hæpi,a. experiencing or marked by or causing sadness or sorrow or discontent\ns. causing discomfort,"a. 不快乐的, 不幸的, 不适当的",,3,1,gk cet4 cet6,3622,4717,t:unhappiest/r:unhappier
unhealthy,.ʌn'helθi,a. not in or exhibiting good health in body or mind\ns. not conducive to good health,a. 不健康的,,1,,gk ielts,11127,9533,
uniform,'ju:nifɒ:m,n. clothing of distinctive design worn by members of a particular group as a means of identification\nv. provide with uniforms\na. always the same; showing a single form or character in all occurrences\ns. evenly spaced,"n. 制服\na. 统一的, 一律的, 始终如一的",,3,1,gk cet4 cet6 ky toefl ielts gre,3504,3043,s:uniforms/i:uniforming/p:uniformed/3:uniforms/d:uniformed
unimportant,.ʌnim'pɒ:tnt,a. not important,a. 不重要的,,1,1,gk,9487,12727,
union,'ju:njәn,n. an organization of employees formed to bargain with the employer\nn. the United States (especially the northern states during the American Civil War)\nn. the state of being joined or united or linked\nn. healing process involving the growing together of the edges of a wound or the growing together of broken bones,"n. 联盟, 联合, 结合, 工会\n[化] 联合; 联管节; 活接头",,5,1,gk cet4 cet6 ky toefl ielts,467,1658,s:unions
unique,ju:'ni:k,s. (followed by `to') applying exclusively to a given category or condition or locality\ns. highly unusual or rare but not the single instance,"a. 独一无二的, 独特的, 稀罕的",,3,1,gk cet4 cet6 ky toefl ielts gre,2090,1726,
unit,'ju:nit,n. an individual or group or structure or other entity regarded as a structural or functional constituent of a whole\nn. an organization regarded as part of a larger social group\nn. a single undivided whole\nn. a single undivided natural thing occurring in the composition of something else,"n. 单位, 分队, 部队, 单元, 部件, 装置\na. 单位的, 单元的\n[计] 单元常数; 部件",,4,1,zk gk cet4 cet6 ky,560,966,s:units
unite,ju:'nait,v. act in concert or unite in a common purpose or belief\nv. have or possess in combination\nv. bring together for a common purpose or action or ideology or in a shared situation\nv. join or combine,"vi. 联合, 接合, 混合\nvt. 使联合, 统一, 使粘合, 使结合",,2,1,gk cet4 cet6 ky,3628,4146,d:united/p:united/3:unites/i:uniting
universal,.ju:ni'vә:sl,n. (linguistics) a grammatical rule (or other linguistic feature) that is found in all languages\nn. (logic) a proposition that asserts something of all members of a class\nn. a behavioral convention or pattern characteristic of all members of a particular culture or of all human beings\ns. applicable to or common to all members of a group or set,"a. 全世界的, 普遍的, 宇宙的, 通用的\nn. 一般概念",,2,,gk cet4 cet6 ky toefl ielts,2968,2642,s:universals
universe,'ju:nivә:s,n. everything that exists anywhere\nn. everything stated or assumed in a given discussion,"n. 宇宙, 星系, (思想等)范围",,3,1,gk cet4 cet6 ky toefl,2905,2120,s:universes
university,.ju:ni'vә:siti,"n. the body of faculty and students at a university\nn. establishment where a seat of higher learning is housed, including administrative and living quarters as well as facilities for research and teaching\nn. a large and diverse institution of higher learning created to educate for life and for a profession and to grant degrees",n. 大学,,5,1,zk gk cet4 cet6 ky,530,1106,s:universities
unknown,.ʌn'nәun,n. an unknown and unexplored region\nn. a variable whose values are solutions of an equation\na. not known\ns. not known to exist,"a. 不知道的, 未知的, 陌生的\nn. 未知物, 未知数",,3,1,gk cet4 cet6,2087,2825,s:unknowns
unless,.ʌn'les,"conj. Upon any less condition than (the fact or thing stated\n   in the sentence or clause which follows); if not; supposing that not;\n   if it be not; were it not that; except; as, we shall fail unless we are\n   industrious.",conj. 除非\nprep. 除...之外,,4,1,zk gk cet4 cet6 ky toefl,901,1332,
unlike,.ʌn'laik,a. marked by dissimilarity\na. not equal in amount,"a. 不像的, 不同的\nprep. 不像, 和...不同",,3,1,gk cet4 cet6 ky,2194,2468,
unmarried,.ʌn'mærid,a. not married or related to the unmarried state,"a. 未婚的, 单身的\n[法] 未婚的, 独身的",,1,,gk,7635,9465,
unpleasant,.ʌn'pleznt,"a. disagreeable to the senses, to the mind, or feelings","a. 使人不愉快的, 使人厌恶的, 煞风景的",,2,1,gk cet4 cet6,4722,6472,
unrest,.ʌn'rest,n. a feeling of restless agitation,"n. 不安的状态, 动荡的局面\n[医] 不安",,2,,gk ielts,6135,8995,s:unrests
unsafe,.ʌn'seif,a lacking in security or safety\na involving or causing danger or risk; liable to hurt or harm\ns not safe from attack,"a. 不安全的, 不安稳的, 危险的\n[经] 不安全",,1,,gk,9721,9139,
unsuccessful,.ʌnsәk'sesful,a. not successful; having failed or having an unfavorable outcome,a. 不成功的,,2,1,gk,5651,7731,
until,әn'til,"prep. To; unto; towards; -- used of material objects.\nprep. To; up to; till; before; -- used of time; as, he staid\n   until evening; he will not come back until the end of the month.\nconj. As far as; to the place or degree that; especially, up to\n   the time that; till. See Till, conj.","prep. 直到, 在...以前\nconj. 直到...时, 在...以前",,5,1,zk gk,382,270,
untrue,.ʌn'tru:,s. not according with the facts\ns. not true to an obligation or trust,"a. 不真实的, 不正确的, 不忠实的\n[法] 虚伪的, 不真实的, 不正确的",,1,,gk,11112,11958,
unusual,.ʌn'ju:ʒu:l,a. not usual or common or ordinary\ns. not commonly encountered,"a. 不寻常的, 罕见的, 与众不同的",,3,1,gk cet4 cet6 ky ielts,2152,2037,
unwilling,.ʌn'wiliŋ,a. not disposed or inclined toward\ns. in spite of contrary volition,"a. 不愿意的, 勉强的\n[法] 不愿意的, 勉强的, 不服从的",,2,1,gk cet4 cet6,5583,6237,
up,ʌp,v. raise\na. being or moving higher in position or greater in some value; being above a former position or level\ns. extending or moving toward a higher place\ns. (usually followed by `on' or `for') in readiness,"a. 向上的, 起床的, 涨的\nadv. 向上, 上涨\nprep. 在...上面, 向...的较高处",,2,1,zk gk,52,50,d:upped/0:up/i:upping/3:up/1:3/p:upped/s:ups
upon,ә'pɒn,"prep. On; -- used in all the senses of that word, with which it\n   is interchangeable.","prep. 在...之上, 迫近, 紧接着",,4,1,zk gk cet4 cet6 ky,405,693,
upper,'ʌpә,n. piece of leather or synthetic material that forms the part of a shoe or boot above the sole that encases the foot\ns. the topmost one of two\ns. higher in place or position\ns. superior in rank or accomplishment,"a. 上面的, 较高的, 上级的, 上院的, 穿在外面的, 北部的, 地表的, 后期的\nn. 鞋帮, 上齿",,3,1,gk cet4 cet6 ky,1743,1955,s:uppers
upset,ʌp'set,n. the act of disturbing the mind or body\nn. a tool used to thicken or spread metal (the end of a bar or a rivet etc.) by forging or hammering or swaging\nn. the act of upsetting something\nv. disturb the balance or stability of,"a. 弄翻的, 混乱的, 心烦的\nvt. 弄翻, 颠覆, 推翻, 打乱, 使不适, 使心烦\nvi. 翻倒",,3,1,gk cet4 cet6 ky toefl ielts,3776,3388,d:upset/0:upset/1:dp/i:upsetting/3:upsets/s:upsets/p:upset
upstairs,'ʌp'stєәz,n. the part of a building above the ground floor\na. on or of upper floors of a building\nr. on a floor above\nr. with respect to the mind,"a. 楼上的\nadv. 在楼上, 向楼上, 处于更高地位\nn. 楼层",,2,1,zk gk cet4 cet6 ky,3067,4381,
upward,'ʌpwәd,s. directed up,a. 向上的\nadv. 以上,,,1,gk cet4 cet6 ky,7607,6144,
urban,'ә:bәn,a. relating to or concerned with a city or densely populated area\na. located in or characteristic of a city or city life,"a. 都市的, 住在都市的, 习惯于都市的\n[法] 城市的, 都市的, 市区的",,3,1,gk cet4 cet6 ky toefl,1749,1583,
urge,ә:dʒ,n. an instinctive motive\nn. a strong restless desire\nv. force or impel in an indicated direction,"n. 冲动, 推动力, 迫切的要求\nvt. 驱策, 力劝, 竭力主张, 推动\nvi. 强烈要求",,4,1,gk cet4 cet6 ky toefl,2262,2261,p:urged/i:urging/d:urged/3:urges/s:urges
urgent,'ә:dʒәnt,s compelling immediate action,"a. 紧急的, 急迫的, 催逼的\n[经] 紧急的, 急迫的",,3,1,gk cet4 cet6 ky toefl gre,3268,5330,
use,ju:s,n. the act of using\nn. a particular service\nn. (law) the exercise of the legal right to enjoy the benefits of owning property\nv. put into service; make work or employ for a particular purpose or for its inherent or natural purpose,"n. 使用, 习惯, 使用价值, 用法, 使用权\nvt. 使用, 利用, 运用, 耗费\nvi. 惯常",,4,1,zk gk,87,92,d:used/i:using/p:used/3:uses/s:uses
useful,'ju:sful,a. being of use or service,"a. 有用的, 有益的\n[机] 有用的, 有效的",,4,1,zk gk cet4 cet6 ky ielts,986,2026,
useless,'ju:slis,a. having no beneficial use or incapable of functioning usefully,"a. 无用的, 无效的, 无益的\n[机] 无用, 无价值, 无效",,2,1,gk cet4 cet6 toefl ielts,4667,5657,
user,'ju:zә,n. a person who makes use of a thing; someone who uses or employs something,n. 使用者\n[计] 用户,,3,1,gk cet4 cet6,806,1813,s:users
usual,'ju:ʒuәl,a. occurring or encountered or experienced or observed frequently or in accordance with regular practice or procedure,"a. 平常的, 通常的",,4,1,zk gk cet4 cet6 ky ielts,1473,2360,
usually,'ju:ʒuәli,r under normal conditions,"adv. 通常, 大抵",,4,1,gk,526,724,
vacant,'veikәnt,s. void of thought or knowledge\ns. without an occupant or incumbent,"a. 空的, 空白的, 空虚的, 空闲的, 茫然的, 空缺的\n[法] 空的, 空虚的, 闲暇的",,1,,gk cet4 cet6 ky toefl,6366,6751,
vacation,vei'keiʃәn,n. leisure time away from work devoted to rest or pleasure\nn. the act of making something legally void\nv. spend or take a vacation,"n. 假期, 休假\n[法] 假期, 停审期, 休庭期",,2,1,zk gk cet4 cet6 ky toefl ielts,9542,2622,s:vacations/i:vacationing/p:vacationed/3:vacations/d:vacationed
vague,veig,"s not clearly understood or expressed\na not precisely limited, determined, or distinguished\ns lacking clarity or distinctness","a. 含糊的, 不清楚的, 茫然的",,2,,gk cet4 cet6 ky toefl gre,4265,4885,
vain,vein,s characteristic of false pride; having an exaggerated sense of self-importance\ns unproductive of success,"a. 无价值的, 徒然的, 空虚的, 自负的, 愚蠢的",,2,,gk cet4 cet6 ky ielts gre,9731,10144,t:vainest/r:vainer
valid,'vælid,a. well grounded in logic or truth or having legal force\ns. still legally acceptable,"a. 有确实根据的, 有法律效力的, 正当的, 正确的\n[经] 有效的",,2,1,gk cet4 cet6 ky toefl,3211,4703,
valley,'væli,n. a long depression in the surface of the land that usually contains a river,"n. 山谷, 溪谷, 流域, 凹地\n[医] 谷",,3,1,gk cet4 cet6 ky ielts,1795,2793,s:valleys
valuable,'væljuәbl,n. something of value\na. having great material or monetary value especially for use or exchange\ns. having worth or merit or value,"a. 有价值的, 贵重的, 宝贵的, 可估价的\n[经] 有价值的, 可估价的, 贵重的",,3,1,gk cet4 cet6 ky,2236,2605,
value,'vælju:,n. a numerical quantity measured or assigned or computed\nn. the quality (positive or negative) that renders something desirable or valuable\nn. the amount (of money or goods or services) that is considered to be a fair equivalent for something else\nn. relative darkness or lightness of a color,"n. 价值, 价格, 购买力, 评价, 估价, 计算结果\nvt. 评价, 估价, 重视\n[计] 计算结果",,5,1,zk gk cet4 cet6 ky ielts,367,499,s:values/d:valued/p:valued/i:valuing/3:values
vanilla,vә'nilә,n. any of numerous climbing plants of the genus Vanilla having fleshy leaves and clusters of large waxy highly fragrant white or green or topaz flowers\nn. a flavoring prepared from vanilla beans macerated in alcohol (or imitating vanilla beans)\nn. a distinctive fragrant flavor characteristic of vanilla beans,"n. 香草, 香子兰",,,,gk gre,16038,5374,
variety,vә'raiәti,n. (biology) a taxonomic category consisting of members of a species that differ from others of the same species in minor but heritable characteristics\nn. a difference that is usually pleasant,"n. 多样, 种类, 变种, 杂耍\n[化] 变种",,4,1,gk cet4 cet6 ky toefl ielts,977,1171,s:varieties
various,'vєәriәs,s of many different kinds purposefully arranged but lacking any uniformity\ns considered individually\ns distinctly dissimilar or unlike\ns having great diversity or variety,"a. 不同的, 各种的, 多方面的, 许多的, 个别的, 杂色的\n[法] 不同的, 种种的, 各式各样的",,4,1,gk cet4 cet6 ky toefl ielts,643,859,
vase,veis,n. an open jar of glass or porcelain used as an ornament or to hold flowers,"n. 花瓶, 瓶",,1,,gk cet4 cet6 ky,6555,7044,s:vases
vast,vɑ:st,s unusually great in size or amount or degree or especially extent or scope,"a. 巨大的, 广大的, 非常的, 大量的",,3,1,gk cet4 cet6 ky toefl,1936,1965,r:vaster
vcd,,,[电] 可变电容二极体的简写,,,,zk gk,0,0,
veal,vi:l,n. meat from a calf,n. 小牛肉\nvt. 宰小牛,,1,,gk,21553,12617,s:veals
vegetable,'vedʒәtәbl,n. edible seeds or roots or stems or leaves or bulbs or tubers or nonsweet fruits of any of numerous herbaceous plant\nn. any of various herbaceous plants cultivated for an edible part such as the fruit or the root of the beet or the leaf of spinach or the seeds of bean plants or the flower buds of broccoli or cauliflower,"n. 蔬菜, 植物, 无精打采之人\na. 蔬菜的, 植物的",,3,1,zk gk toefl ielts,2818,1934,s:vegetables
vehicle,'vi:ikl,n. a conveyance that transports people or objects\nn. a medium for the expression or achievement of something\nn. any substance that facilitates the use of a drug or pigment or other material that is mixed with it,"n. 交通工具, 车辆, 传播媒介\n[化] 载体; 运载体; 漆料",,4,1,zk gk cet4 cet6 ky toefl ielts gre,1319,1293,s:vehicles
version,'vә:ʒәn,n. an interpretation of a matter from a particular viewpoint\nn. something a little different from others of the same type\nn. manual turning of a fetus in the uterus (usually to aid delivery),"n. 一种描述, 版本, 译文\n[计] 版本",,4,1,gk cet4 cet6 ky toefl ielts,953,1130,s:versions
vertical,'vә:tikl,n. something that is oriented vertically\na. at right angles to the plane of the horizon or a base line\na. relating to or involving all stages of a business from production to distribution\ns. of or relating to different levels in a hierarchy (as levels of social class or income group),"a. 垂直的, 直立的\n[医] 垂直的, 顶的, 头顶的",,2,1,gk cet4 cet6 ky toefl ielts gre,3857,4448,s:verticals
very,'veri,s. precisely as stated\nr. used as intensifiers; `real' is sometimes used informally for `really'; `rattling' is informal\nr. precisely so,"a. 真正的, 恰好的, 十足的, 特有的\nadv. 非常, 完全",,5,1,zk gk,80,105,
vest,vest,"n. a man's sleeveless garment worn underneath a coat\nv. place (authority, property, or rights) in the control of a person or group of persons\nv. become legally vested\nv. clothe oneself in ecclesiastical garments","n. 背心, 汗背心\nvt. 使穿衣服, 授予\nvi. 穿衣服, 归属",,2,,gk cet4 cet6 ky,9247,6686,d:vested/s:vests/i:vesting/p:vested/3:vests
via,vaiә,"n. A road way.\nprep. By the way of; as, to send a letter via Queenstown to\n   London.","prep. 经由, 经过, 通过\n[医] 病毒灭活剂",,3,1,gk cet4 cet6 ky toefl ielts,2004,2576,
vice,vais,n. a specific form of evildoing,"n. 恶习, 恶行, 罪恶, 堕落, 缺陷, 恶癖, 老虎钳\nvt. 钳住\nprep. 代替",,3,,gk cet4 cet6 ky ielts,7210,9910,s:vices
victim,'viktim,n. an unfortunate person who suffers from some adverse circumstance\nn. a person who is tricked or swindled,"n. 受害人, 牺牲者, 牺牲品\n[法] 受害人, 被害人, 遭难者",,4,1,gk cet4 cet6 ky,1371,1063,s:victims
victory,'viktәri,n. a successful ending of a struggle or contest,"n. 胜利, 战胜, 克服",,4,1,zk gk cet4 cet6 ky toefl,1514,1463,s:victories
video,'vidiәu,n. the visible part of a television transmission\nn. (computer science) the appearance of text and graphics on a video display,"n. 影像, 电视\na. 图像的, 电视的",,4,1,zk gk cet4 cet6 ky ielts,1271,1109,s:videos/i:videoing
videophone,'vidiәu'fәun,,n. 电视电话,,,,gk,47402,27086,s:videophones
view,vju:,n. the visual percept of a region\nn. the act of looking or seeing or observing\nn. the range of the eye\nn. purpose; the phrase `with a view to' means `with the intention of' or `for the purpose of',"n. 视野, 风景, 见解, 视力, 观看, 视图, 指望, 意图, 印象\nvt. 看, 考虑, 视察, 查看, 估量\n[计] 视图",,5,1,gk cet4 cet6 ky ielts,311,485,s:views/d:viewed/p:viewed/i:viewing/3:views
viewer,'vju:ә,n. an optical device for viewing photographic transparencies,"n. 观察者, 看电视者, 视察员, 观察器\n[化] 指示器",,2,,gk,4851,2478,s:viewers
village,'vilidʒ,n. a community of people smaller than a town\nn. a settlement smaller than a town,"n. 村庄\na. 乡村的, 村庄的",,4,1,zk gk ielts,735,1245,s:villages
villager,'vilidʒә,n. one who has lived in a village most of their life,n. 村民,,2,,gk,6139,6100,s:villagers
vinegar,'vinigә,n. sour-tasting liquid produced usually by oxidation of the alcohol in wine or cider and used as a condiment or food preservative\nn. dilute acetic acid,"n. 醋, 尖酸刻薄\nvt. 加醋于",,2,,gk cet4 cet6 ky toefl,10241,5106,s:vinegars
violate,'vaiәleit,v. fail to agree with; be in violation of; as of rules or patterns\nv. destroy,"vt. 违犯, 亵渎, 违反, 侵犯, 妨碍\n[经] 违犯, 违反",,3,,gk cet6 ky toefl ielts gre,7012,2909,d:violated/i:violating/p:violated/3:violates/s:violates
violence,'vaiәlәns,n. an act of aggression (as one against a person who resists)\nn. a turbulent state resulting in injuries and destruction etc.,"n. 猛烈, 暴力, 暴虐, 暴行\n[法] 暴行, 暴力, 暴乱",,4,1,gk cet4 cet6 ky toefl,1677,1037,
violent,'vaiәlәnt,a. acting with or marked by or resulting from great force or energy or emotional intensity\ns. effected by force or injury rather than natural causes\ns. (of colors or sounds) intensely vivid or loud,"a. 暴力的, 猛烈的, 激烈的, 极端的, 凶暴的",,3,1,gk cet4 cet6 ky toefl ielts,2807,2158,
violin,.vaiә'lin,n. bowed stringed instrument that is the highest member of the violin family; this instrument has four strings and a hollow body and an unfretted fingerboard and is played with a bow,n. 小提琴,,2,,zk gk cet4 cet6 ky,7097,6665,s:violins
violinist,.vaiә'linist,n. a musician who plays the violin,"n. 小提琴演奏者, 小提琴家",,,,gk,20187,13694,s:violinists
virtue,'vә:tju:,n. the quality of doing what is right and avoiding what is wrong\nn. morality with respect to sexual relations\nn. a particular moral excellence,"n. 德行, 美德, 优点, 功效, 效力\n[法] 美德, 贞操, 优点",,2,,gk cet4 cet6 ky toefl,2960,3362,s:virtues
virus,'vaiәrәs,n. (virology) ultramicroscopic infectious agent that replicates itself only within cells of living hosts; many are pathogenic; a piece of nucleic acid (DNA or RNA) wrapped in a thin coat of protein\nn. a harmful or corrupting agency\nn. a software program capable of reproducing itself and usually capable of causing great harm to files or other programs on the same computer,"n. 病毒, 滤过性病毒, 毒害\n[化] 病毒",,3,1,gk cet4 cet6 ky toefl ielts gre,3589,2701,s:viruses
visa,'vi:zә,n. an endorsement made in a passport that allows the bearer to enter the country issuing it\nv. provide (a passport) with a visa\nv. approve officially,n. 签证\nvt. 签发,,2,,gk cet6 ky ielts,8033,5525,s:visas/i:visaing/p:visaed/3:visas/d:visaed
visit,'vizit,n. the act of going to see some person or place or thing for a short time\nn. a meeting arranged by the visitor to see someone (such as a doctor or lawyer) for treatment or advice\nn. the act of visiting in an official capacity (as for an inspection)\nn. the act of going to see some person in a professional capacity,"n. 拜访, 访问, 游览, 视察\nvt. 拜访, 访问, 参观, 视察, 降临\nvi. 访问, 参观, 闲谈",,5,1,zk gk,867,905,p:visited/s:visits/d:visited/i:visiting/3:visits
visitor,'vizitә,n. someone who visits,"n. 参观者, 游客, 访客\n[法] 视察人, 检视人, 检查员",,3,1,zk gk cet4 cet6 ky,1354,1698,s:visitors
visual,'viʒuәl,"a relating to or using sight\ns visible; give me the ocular proof""- Shakespeare","a. 视觉的\n[医] 视觉的, 视力的, 视觉性记忆优势者",,2,,gk cet4 cet6 ky toefl ielts,2511,2156,s:visuals
vital,'vaitl,s. performing an essential function in the living body\ns. manifesting or characteristic of life,"a. 生命的, 重要的, 充满活力的, 生死攸关的, 致命的\n[医] 生命的, 生活的, 生活上必需的, 紧要的",,3,1,gk cet4 cet6 ky toefl ielts gre,1803,2916,s:vitals
vivid,'vivid,s. having the clarity and freshness of immediate experience,"a. 生动的, 鲜明的, 鲜艳的, 活泼的, 逼真的, 清晰的",,2,,gk cet4 cet6 ky toefl ielts gre,5560,5539,
vocabulary,vә'kæbjulәri,n. a listing of the words used in some enterprise\nn. a language user's knowledge of words\nn. the system of techniques or symbols serving as a means of expression (as in arts or crafts),"n. 词汇(量), 词汇表\n[计] 词表",,1,1,gk cet4 cet6 ky ielts,4802,5564,s:vocabularies
voice,vɒis,n. the distinctive quality or pitch or condition of a person's speech\nn. the sound made by the vibration of vocal folds modified by the resonance of the vocal tract\nn. a sound suggestive of a vocal utterance\nn. a means or agency by which something is expressed or communicated,"n. 声音, 嗓音, 嗓子, 愿望, 发言权, 表达, 喉舌, 语态\nvt. 表达, 吐露, 调音",,4,1,zk gk cet4 cet6 ky,487,465,s:voices/d:voiced/p:voiced/i:voicing/3:voices
volcano,vɒl'keinәu,n. a mountain formed by volcanic material,n. 火山,,2,,gk cet4 cet6 ky toefl ielts,10407,6321,s:volcanos
volleyball,'vɒlibɒ:l,n. a game in which two teams hit an inflated ball over a high net using their hands\nn. an inflated ball used in playing volleyball,n. 排球,,1,,zk gk cet4 cet6 ky,24975,7896,
voluntary,'vɒlәntәri,n. composition (often improvised) for a solo instrument (especially solo organ) and not a regular part of a religious service or musical performance\na. of your own free will or design; done by choice; not forced or compelled\na. controlled by individual volition,"a. 自动的, 自愿的, 故意的, 志愿的, 自发的\nn. 自愿行动, 志愿者, 自由调",,3,,gk cet4 cet6 ky toefl ielts,2263,4701,s:voluntaries
volunteer,.vɒlәn'tiә,n. (military) a person who freely enlists for service\nn. a person who performs voluntary work\nv. tell voluntarily\nv. agree freely,n. 志愿者\na. 志愿的\nv. 自愿,,3,,gk cet4 cet6 ky toefl ielts,3012,2284,s:volunteers/p:volunteered/d:volunteered/i:volunteering/3:volunteers
vote,vәut,n. a choice that is made by counting the number of people in favor of each alternative\nn. the opinion of a group as determined by voting\nn. a body of voters who have the same interests\nn. the total number of voters who participated,"n. 投票, 选举, 选票, 表决, 选举权, 得票数\nvi. 投票, 选举\nvt. 投票选举, 投票决定, 公认, 使投票",,5,1,gk cet4 cet6 ky toefl,1228,1078,s:votes/d:voted/p:voted/i:voting/3:votes
voyage,'vɒiidʒ,n. a journey to some distant place\nv. travel on water propelled by wind or by other means,"n. 航行, 航海, 航程, 旅行, 航空\nvi. 航海, 航行\nvt. 航行越过, 飞过",,2,,gk cet4 cet6 ky toefl,6502,6619,s:voyages/i:voyaging/p:voyaged/3:voyages/d:voyaged
wag,wæg,n. a witty amusing person who makes jokes\nn. causing to move repeatedly from side to side\nv. move from side to side,"vt. 摇摆, 摇动, 饶舌\nvi. 摆动, 喋喋不休\nn. 摇摆, 爱说笑打趣的人",,1,,gk cet6 toefl gre,14798,11879,i:wagging/p:wagged/s:wags/3:wags/d:wagged
wage,weidʒ,n. something that remunerates,"n. 工资, 报应, 报偿\nvt. 开展, 进行\nvi. 进行",,3,1,gk cet4 cet6 ky toefl gre,1404,2586,s:wages/d:waged/i:waging/p:waged/3:wages
waist,weist,n. the narrowing of the body between the ribs and hips,"n. 腰部, 腰\n[医] 腰",,2,1,gk cet4 cet6 ky toefl,4386,4304,s:waists/p:waisted
wait,weit,n. the act of waiting (remaining inactive in one place while expecting something)\nv. stay in one place and anticipate or expect something\nv. wait before acting\nv. serve as a waiter or waitress in a restaurant,"n. 等待, 等候\nvt. 等候, 期待, 延缓, 伺候, 推迟\nvi. 等, 等候, 耽搁, 伺候用餐\n[计] 等待",,5,1,zk gk,463,400,i:waiting/p:waited/d:waited/3:waits/s:waits
waiter,'weitә,n. a person whose occupation is to serve at table (as in a restaurant)\nn. a person who waits or awaits,n. 侍者,,2,1,gk cet4 cet6 ky ielts,5772,5460,s:waiters
waitress,'weitris,n. a woman waiter,"n. 女侍者, 女服务员",,1,,gk cet6 ky ielts,10243,6390,s:waitresses/i:waitressing/d:waitressed/3:waitresses/p:waitressed
wake,weik,"n. the wave that spreads behind a boat as it moves forward\nn. a vigil held over a corpse the night before burial\nv. be awake, be alert, be there\nv. make aware of","vt. 叫醒, 激发\nvi. 醒来, 醒着, 觉醒, 活跃起来\nn. 守侯, 守夜, 尾迹, 痕迹",,3,1,zk gk,2178,1764,p:woke/d:woken/i:waking/3:wakes/s:wakes
walk,wɒ:k,n. the act of traveling by foot\nn. manner of walking\nn. the act of walking somewhere\nn. a path set aside for walking,"n. 走, 散步, 步行, 行走的路程, 竞走, 散步场所\nvi. 走路, 步行, 处世\nvt. 走过, 遛, 使走, 护送...走",,5,1,zk gk,458,358,p:walked/i:walking/s:walks/d:walked/3:walks
walkman,,n. (trademark) a pocket-sized stereo system with light weight earphones,n. 随身听（商标名称）,,1,,gk,16836,19415,s:walkmans
wall,wɒ:l,n. an architectural partition with a height and length greater than its thickness; used to divide or enclose an area or to support another structure\nn. anything that suggests a wall in structure or function or effect\nn. (anatomy) a layer (a lining or membrane) that encloses a structure\nn. a difficult or awkward situation,"n. 墙, 墙壁, 垣, 内壁, 分界物, 屏障\na. 墙的\nvt. 给...建墙, 禁闭, 用墙围住\n[计] 背景墙",,5,1,zk gk ielts,577,571,s:walls/d:walled/i:walling/p:walled/3:walls
wallet,'wɒlit,n. a pocket-size case for holding papers and paper money,"n. 皮夹\n[法] 皮包, 皮夹, 钱袋",,1,1,gk cet4 cet6 ky,7130,5587,s:wallets
walnut,'wɒ:lnәt,n. nut of any of various walnut trees having a wrinkled two-lobed seed with a hard shell\nn. hard dark-brown wood of any of various walnut trees; used especially for furniture and paneling\nn. any of various trees of the genus Juglans,n. 胡桃\n[机] 胡桃木,,1,,gk cet6 toefl,8979,7840,s:walnuts
wander,'wɒndә,v. go via an indirect route or at no set pace,"vi. 游荡, 漫步, 徘徊, 迷路, 离题, 蜿蜒\nvt. 在...漫游",,2,1,gk cet4 cet6 ky toefl ielts,3027,3183,i:wandering/p:wandered/d:wandered/3:wanders
want,wɒnt,"v. have need of\nv. hunt or look for; want for a particular reason\nv. wish or demand the presence of\nv. be without, lack; be deficient in","n. 需要的东西, 缺乏, 贫困, 需要\nvt. 要, 希望, 应该, 缺少\nvi. 生活困苦, 需要, 缺少",,5,1,zk gk gre,94,83,p:wanted/3:wants/d:wanted/i:wanting
war,wɒ:,n. the waging of armed conflict against an enemy\nn. a legal state created by a declaration of war and ended by official declaration during which the international rules of war apply\nn. an active struggle between competing entities\nn. a concerted campaign to end something that is injurious,"n. 战争, 战争状态, 战术, 军事, 冲突, 斗争, 竞争\nvi. 进行战争, 作战, 打仗, 战斗\na. 战争的, 战时用的",,5,1,zk gk cet4 cet6 ky,304,349,s:wars/i:warring/p:warred/3:wars/d:warred
ward,wɒ:d,n. a person who is under the protection or in the custody of another\nn. a district into which a city or town is divided for the purpose of administration and elections\nn. block forming a division of a hospital (or a suite of rooms) shared by patients who need a similar kind of care\nn. English economist and conservationist (1914-1981),"n. 病房, 守卫, 保卫, 保护, 监护, 牢房, 行政区, 锁孔内的榫舌\nvt. 使入病房, 守护, 保卫",,2,,gk cet6 ky toefl ielts,2949,5065,s:wards/i:warding/d:warded/p:warded/3:wards
warehouse,'wєәhaus,n. a storehouse for goods and merchandise\nv. store in a warehouse,"n. 仓库, 货栈, 大商店\nvt. 储入仓库",,2,,gk cet6 ky toefl ielts gre,4490,4922,s:warehouses/p:warehoused/i:warehousing/3:warehouses/d:warehoused
warm,wɒ:m,v. get warm or warmer\nv. make warm or warmer\na. having or producing a comfortable and agreeable degree of heat or imparting or maintaining heat\na. psychologically warm; friendly and responsive,"a. 暖和的, 暖的, 温暖的, 热烈的, 兴奋的, 激烈的, 多情的, 色情的\nvt. 使温暖, 弄热, 使兴奋, 使充满仇恨\nvi. 变暖和, 变温暖, 取暖, 激动, 同情, 爱好\nn. 暖, 保暖物",,4,1,zk gk ielts,1353,1356,r:warmer/i:warming/d:warmed/p:warmed/t:warmest/3:warms
warmth,wɒ:mθ,n. the quality of having a moderate degree of heat,"n. 温暖, 温情, 暖和, 激动, 生气",,2,1,gk cet4 cet6 ky,3527,4749,
warning,'wɒ:niŋ,"n. a message informing of danger\nn. notification of something, usually in advance","n. 警告, 预告, 预兆, 通知\n[法] 警告, 警戒, 预告; 警告的, 注意的",,3,1,gk cet6,1911,2102,0:warn/1:i/s:warnings/i:warning
wash,wɒʃ,n. a thin coat of water-base paint\nn. the work of cleansing (usually with soap and water)\nn. the dry bed of an intermittent stream (as at the bottom of a canyon)\nn. a watercolor made by applying a series of monochrome washes one over the other,"n. 洗, 洗涤, 冲洗, 洗的衣服, 冲积物, 洼地\nvt. 洗, 洗涤, 洗清, 用水冲洗, 流过, 弄湿, 粉刷, 镀金属薄层于\nvi. 洗涤, 洗澡, 被冲蚀, 漂浮",,3,1,zk gk,1853,2143,d:washed/i:washing/p:washed/s:washes/3:washes
washroom,'wɒʃrum,n. a lavatory (particularly a lavatory in a public place),n. 盥洗室,,,,gk,26000,24741,s:washrooms
waste,weist,n. any materials unused and rejected as worthless or unwanted\nn. useless or profitless activity; using or expending or consuming thoughtlessly or carelessly\nn. (law) reduction in the value of an estate caused by act or neglect\nv. spend thoughtlessly; throw away,"n. 浪费, 废物, 损耗, 消耗, 荒地, 垃圾, 地面风化物\na. 废弃的, 荒芜的, 多余的\nvt. 浪费, 消耗, 使荒芜\nvi. 浪费, 消耗, 变消瘦",,4,1,zk gk cet4 cet6 ky ielts gre,1624,1986,i:wasting/d:wasted/s:wastes/p:wasted/3:wastes
watch,wɒtʃ,n. a small portable timepiece\nn. a period of time (4 or 2 hours) during which some of a ship's crew are on duty\nn. a purposeful surveillance to guard or observe\nn. the period during which someone (especially a guard) is on duty,"n. 观察, 手表, 看守, 守护, 监视, 值班人\nvt. 看, 注视, 照顾, 看守, 守护, 监视\nvi. 观看, 注视, 守侯",,3,1,zk gk toefl,490,323,i:watching/p:watched/d:watched/3:watches/s:watches
water,'wɒ:tә,"n. binary compound that occurs at room temperature as a clear colorless odorless tasteless liquid; freezes into ice below 0 degrees centigrade and boils above 100 degrees centigrade; widely used as a solvent\nn. once thought to be one of four elements composing the universe (Empedocles)\nn. a liquid necessary for the life of most animals and plants\nv. supply with water, as with channels or ditches or streams","n. 水, 雨水, 海水, 水位, 水面, 流水\nvt. 给...浇水, 供以水, 注入水, 使湿\nvi. 流泪, 流口水, 加水\na. 水的, 水上的, 水生的, 含水的",,5,1,zk gk ielts,236,226,s:waters/d:watered/i:watering/3:waters/p:watered
watermelon,'wɒtә.melәn,n. an African melon\nn. large oblong or roundish melon with a hard green rind and sweet watery red or occasionally yellowish pulp,n. 西瓜,,,,zk gk,36234,10944,s:watermelons
wave,weiv,n. one of a series of ridges that moves across the surface of a liquid (especially across a large body of water)\nn. a movement like that of a sudden occurrence or increase in a specified phenomenon\nn. (physics) a movement up and down or back and forth\nn. something that rises rapidly,"n. 波, 波浪, 波动, 起伏, 高潮, 潮涌, 挥手致意, (气压)突变\nvi. 波动, 飘动, 挥手示意, 起伏\nvt. 使波动, 使飘扬, 挥舞, 使成波浪形",,4,1,gk cet4 cet6 ky ielts,1586,1398,s:waves/p:waved/i:waving/d:waved/3:waves
wax,wæks,n. any of various substances of either mineral origin or plant or animal origin; they are solid at normal temperatures and insoluble in water\nv. cover with wax\nv. go up or advance\nv. increase in phase,"n. 蜡, 蜡状物, 一阵发怒, 增加, (月亮)渐盈\nvi. 变大, 增大, 月亮渐满\nvt. 上蜡于",,2,,gk cet4 cet6 ky toefl ielts gre,7744,7228,i:waxing/p:waxed/s:waxes/3:waxes/d:waxed
way,wei,n. the condition of things generally\nn. a course of conduct\nn. any artifact consisting of a road or path affording passage from one place to another\nn. a journey or passage,"n. 路, 路线, 路途, 方法, 道路, 情形, 规模, 习惯, 行业, 方面\nadv. 远远地, 非常",,5,1,zk gk toefl,86,84,s:ways
wayside,'weisaid,n. edge of a way or road or path,n. 路旁\na. 路旁的,,,,gk,18440,17420,s:waysides
we,wi:,"pl.  of I\nobj. The plural nominative case of the pronoun of the first\n   person; the word with which a person in speaking or writing denotes a\n   number or company of which he is one, as the subject of an action\n   expressed by a verb.",pron. 我们,,5,1,zk gk,26,24,
weak,wi:k,a. wanting in physical strength\ns. tending downward in price\ns. deficient or lacking in some skill\ns. (used of verbs) having standard (or regular) inflection,"a. 不牢固的, 弱的, 虚弱的, 软弱的, 无力的, 无权力的, (论据等)不充分的\n[经] 疲软的",,4,1,zk gk cet4 cet6 ky,1990,2070,r:weaker/t:weakest
weakness,'wi:knis,n. the property of lacking physical or mental strength; liability to failure under pressure or stress or strain\nn. the condition of being financially weak\nn. a penchant for something even though it might not be good for you,"n. 虚弱, 薄弱, 弱点\n[经] 欲振乏力",,2,1,gk cet4 cet6,2867,3487,s:weaknesses
wealth,welθ,n. the state of being rich and affluent; having a plentiful supply of material goods and money\nn. the quality of profuse abundance\nn. an abundance of material possessions and resources\nn. property that has economic utility: a monetary value or an exchange value,"n. 财富, 资源, 财产, 丰富, 富裕, 大量\n[经] 财富",,3,1,zk gk cet4 cet6 ky ielts,2310,2559,
wealthy,'welθi,s having an abundant supply of money or possessions of value,"a. 富有的, 丰裕的, 充分的",,2,,gk cet4 cet6 ky,4114,3015,r:wealthier/t:wealthiest
wear,wєә,n. impairment resulting from long use\nn. the act of having on your person as a covering or adornment\nv. be dressed in\nv. have on one's person,"n. 穿着, 戴, 使用, 耗损, 服装, 耐久性\nvt. 穿着, 戴, 留(须、发等), 呈现, 磨损, 磨成, 耗损, 使疲乏, 消磨\nvi. 磨损, 变旧, 耐久, 渐变, 渐渐消失",,4,1,zk gk toefl ielts,673,518,i:wearing/p:wore/d:worn/3:wears
weather,'weðә,n. the atmospheric conditions that comprise the state of the atmosphere in terms of temperature and wind and clouds and precipitation\nv. face and withstand with courage\nv. cause to slope\nv. sail to the windward of,"n. 天气, 气象, 处境\na. 迎风的\nvt. 使受风吹雨打, 侵蚀, 使风化, 经受住\nvi. 风化, 受侵蚀, 经受风雨",,4,1,zk gk toefl ielts gre,1610,1614,d:weathered/s:weathers/p:weathered/i:weathering/3:weathers
weatherman,'weðәmæn,n. predicts the weather,n. 气象员；天气预报员,,,,gk,34137,19246,s:weathermen
web,web,n. an intricate network suggesting something that was formed by weaving or interweaving\nn. an intricate trap that entangles or ensnares its victim\nn. a fabric (especially a fabric in the process of being woven)\nn. membrane connecting the toes of some aquatic birds and mammals,"n. 网, 蛛丝, 蹼, 织物, 圈套, 卷筒纸\nvi. 结网, 形成网\nvt. 织蜘蛛网于, 使落入圈套",,1,1,gk cet6 ky ielts,6919,3706,s:webs/i:webbing/p:webbed/3:webs/d:webbed
website,,n a computer connected to the internet that maintains a series of web pages on the World Wide Web,n. 网站（全球资讯网的主机站）,,,1,zk gk ielts,0,4950,
wedding,'wediŋ,n. the social event at which the ceremony of marriage is performed\nn. a party of people at a wedding,"n. 婚礼, 结婚, 结婚周年纪念日, 结合\n[法] 结婚, 婚礼, 结婚纪念日",,3,1,gk cet4 cet6 ky toefl ielts,2391,2176,s:weddings/i:wedding/0:wedding/1:i
Wednesday,'wenzdi,n. the fourth day of the week; the third working day,n. 星期三,,4,1,zk gk ielts,1980,0,s:wednesdays
weed,wi:d,n. any plant that crowds out cultivated plants\nn. a black band worn by a man (on the arm or hat) as a sign of mourning\nv. clear of weeds,"n. 杂草, 野草\nvi. 除草\nvt. 除...的草, 剔除",,2,,gk cet4 cet6 ky toefl ielts gre,6003,4545,0:wee/1:dp/s:weeds/i:weeding/d:weeded/p:weeded/3:weeds
week,wi:k,n. any period of seven consecutive days\nn. a period of seven consecutive days starting on Sunday,"n. 星期, 周",,5,1,zk gk,180,188,s:weeks
weekday,'wi:kdei,n. any day except Sunday (and sometimes except Saturday),"n. 周日, 平日\n[计] 工作日",,1,,zk gk cet4 cet6 ky,11361,8312,s:weekdays
weekend,'wi:kend,n. a time period usually extending from Friday night through Sunday; more loosely defined as any period of successive days including one and only one Sunday\nv. spend the weekend,"n. 周末, 周末休假",,4,1,zk gk ielts,1317,1193,s:weekends/i:weekending/p:weekended/3:weekends/d:weekended
weekly,'wi:kli,n. a periodical that is published every week (or 52 issues per year)\ns. of or occurring every seven days,"n. 周刊, 周报\na. 每周的, 一周一次的, 周刊的\nadv. 每周, 一周一次",,3,1,gk cet4 cet6 ky ielts,3186,3220,s:weeklies
weep,wi:p,"v shed tears because of sadness, rage, or pain","n. 哭, 哭泣\nvi. 哭泣, 流泪, 哀悼, 滴落\nvt. 哭着使..., 悲叹, 滴下",,2,,gk cet4 cet6 ky toefl,5087,5709,p:wept/i:weeping/d:wept/3:weeps
weigh,wei,v. have a certain weight\nv. determine the weight of\nv. to be oppressive or burdensome,"vt. 称...重量, 衡量, 把...压弯, 考虑, 权衡, 起锚\nvi. 称分量, 有意义, 重压, 起锚\nn. 过秤, 称分量",,3,1,zk gk cet4 cet6 ky,3088,2504,i:weighing/p:weighed/3:weighs/d:weighed/s:weighs
weight,weit,n. the vertical force exerted by a mass as a result of gravity\nn. sports equipment used in calisthenic exercises and weightlifting; it is not attached to anything and is raised and lowered by use of the hands and arms\nn. the relative importance granted to something\nn. an artifact that is heavy,"n. 重, 重量, 体重, 砝码, 重大, 影响, 力量\nvt. 加重量于, 压迫, 使加权, 称重量\n[计] 粗细",,4,1,zk gk ielts,1056,954,s:weights/d:weighted/p:weighted/i:weighting/3:weights
welcome,'welkәm,n. the state of being welcome\nn. a greeting or reception\nv. accept gladly\nv. bid welcome to; greet upon arrival,"n. 欢迎, 欢迎词\na. 受欢迎的, 可随意的, 可喜的\nvt. 欢迎, 接待\ninterj. 欢迎",,4,1,zk gk,1647,1545,d:welcomed/p:welcomed/3:welcomes/i:welcoming/s:welcomes
welfare,'welfєә,n governmental provision of economic assistance to persons in need\nn something that aids or promotes well-being\nn a contented state of being happy and healthy and prosperous,"n. 福利, 安宁, 幸福, 福利事业\na. 福利的",,3,,gk cet4 cet6 ky toefl ielts,1883,1933,
well,wel,n. a deep hole or shaft dug or drilled to obtain water or oil or gas or brine\nn. a cavity or vessel used to contain liquid\nn. an abundant source\nn. an open shaft through the floors of a building (as for a stairway),"n. 井, 泉水, 源泉, 好\nv. 涌出\na. 健康的, 良好的, 适宜的, 恰当的\nadv. 很好地, 适当地, 好意地, 很, 完全\ninterj. 好啦",,2,1,zk gk toefl,84,100,s:wells/i:welling/p:welled/3:wells/d:welled
west,west,n. the countries of (originally) Europe and (now including) North America and South America\nn. the cardinal compass point that is a 270 degrees\nn. the region of the United States lying to the west of the Mississippi River\nn. the direction corresponding to the westward cardinal compass point,"n. 西方, 西部\na. 西方的, 向西的\nadv. 向西, 自西方, 在西方",,5,1,zk gk ielts,789,665,
western,'westәn,n. a film about life in the western United States during the period of exploration and development\nn. a sandwich made from a western omelet\na. relating to or characteristic of the western parts of the world or the West as opposed to the eastern or oriental parts\na. of or characteristic of regions of the United States west of the Mississippi River,"n. 西方人, 西部片, 西部小说\na. 向西方的, 来自西方的, 西方的, 西洋的, 西部的",,,1,zk gk ielts,1008,1079,s:westerns
westerner,,n. an inhabitant of a western area; especially of the U.S.,"n. 西方人, 西洋人",,1,,gk ielts,15728,23903,s:westerners
westwards,'westwәdz,n the cardinal compass point that is a 270 degrees\nr toward the west,adv. 向西,,,,gk,14658,0,
wet,wet,v. cause to become wet\nv. make one's bed or clothes wet by urinating\na. covered or soaked with a liquid such as water\na. containing moisture or volatile components,"n. 湿气, 潮湿, 水分, 雨天\na. 湿的, 潮的, 搞错的, 下雨的, 反对禁酒的\nvi. 变湿\nvt. 使...湿",,3,1,zk gk,2343,2471,d:wet/0:wet/1:dp/p:wet/r:wetter/i:wetting/t:wettest/s:wets/3:wets
whale,hweil,n. any of the larger cetacean mammals having a streamlined body and breathing through a blowhole on the head\nv. hunt for whales,"n. 鲸\nvi. 捕鲸\nvt. 使惨败, 猛揍",,2,,zk gk cet4 cet6 ky toefl,4811,4232,s:whales/i:whaling/p:whaled/3:whales/d:whaled
what,hwɒt,"pron., a., & adv. As an interrogative pronoun, used in asking\n   questions regarding either persons or things; as, what is this? what\n   did you say? what poem is this? what child is lost?\npron., a., & adv. As an exclamatory word: -- (a) Used absolutely\n   or independently; -- often with a question following.\npron., a., & adv. Used adjectively, meaning how remarkable, or\n   how great; as, what folly! what eloquence! what courage!\npron., a., & adv. Sometimes prefixed to adjectives in an\n   adverbial sense, as nearly equivalent to how; as, what happy boys!\npron., a., & adv. As a relative pronoun\npron., a., & adv. Used substantively with the antecedent\n   suppressed, equivalent to that which, or those [persons] who, or those\n   [things] which; -- called a compound relative.\npron., a., & adv. Used adjectively, equivalent to the . . .\n   which; the sort or kind of . . . which; rarely, the . . . on, or at,\n   which.\npron., a., & adv. Used adverbially in a sense corresponding to\n   the adjectival use; as, he picked what good fruit he saw.\npron., a., & adv. Whatever; whatsoever; what thing soever; --\n   used indefinitely.\npron., a., & adv. Used adverbially, in part; partly; somewhat;\n   -- with a following preposition, especially, with, and commonly with\n   repetition.\nn. Something; thing; stuff.\ninterrog. adv. Why? For what purpose? On what account?","pron. 什么\ninterj. 怎么, 多么\na. 什么的\nadv. 到什么程度",,5,1,zk gk,38,34,
whatever,hwɒt'evә,s one or some or every or all without specification,pron. 无论什么,,4,1,zk gk cet4 cet6 ky ielts,759,776,
wheat,hwi:t,n. annual or biennial grass having erect flower spikes and light brown grains\nn. grains of common wheat; sometimes cooked whole or cracked as cereal; usually ground into flour,n. 小麦,,2,,zk gk cet4 cet6 ky toefl,5619,4479,s:wheats
wheel,hwi:l,n. a simple machine consisting of a circular frame with spokes (or a solid disc) that can rotate on a shaft or axle (as in vehicles or other machines)\nn. forces that provide energy and direction\nn. a circular helm to control the rudder of a vessel\nv. change directions as if revolving on a pivot,"n. 轮子, 车轮, 轮, 方向盘, 旋转, 机构, 重要人物\nvt. 使旋转, 转动, 使转向\nvi. 旋转, 转弯, 盘旋",,3,1,zk gk cet4 cet6 ky ielts,2175,1999,s:wheels/p:wheeled/i:wheeling/d:wheeled/3:wheels
when,hwen,"adv. At what time; -- used interrogatively.\nadv. At what time; at, during, or after the time that; at or\n   just after, the moment that; -- used relatively.\nadv. While; whereas; although; -- used in the manner of a\n   conjunction to introduce a dependent adverbial sentence or clause,\n   having a causal, conditional, or adversative relation to the principal\n   proposition; as, he chose to turn highwayman when he might have\n   continued an honest man; he removed the tree when it was the best in\n   the grounds.\nadv. Which time; then; -- used elliptically as a noun.","conj. 当...的时候\nadv. 何时, 什么时候\npron. 什么时侯\nn. 时间",,5,1,zk gk,54,57,
whenever,hwen'evә,adv. & conj. At whatever time.,"conj. 每当\nadv. 不论何时, 每逢",,3,1,zk gk cet4 cet6 ky,2572,2314,
where,hwєә,"pron. & conj. Whether.\nadv. At or in what place; hence, in what situation, position,\n   or circumstances; -- used interrogatively.\nadv. At or in which place; at the place in which; hence, in the\n   case or instance in which; -- used relatively.\nadv. To what or which place; hence, to what goal, result, or\n   issue; whither; -- used interrogatively and relatively; as, where are\n   you going?\nconj. Whereas.\nn. Place; situation.",adv. 在哪里\npron. 哪里\nn. 地点,,5,1,zk gk,131,169,
wherever,hwєәr'evә,r. where in the world,adv. 无论哪里,,2,1,gk cet4 cet6 ky,3201,3710,
whether,'hweðә,"pron. Which (of two); which one (of two); -- used\n   interrogatively and relatively.\nconj. In case; if; -- used to introduce the first or two or\n   more alternative clauses, the other or others being connected by or, or\n   by or whether. When the second of two alternatives is the simple\n   negative of the first it is sometimes only indicated by the particle\n   not or no after the correlative, and sometimes it is omitted entirely\n   as being distinctly implied in the whether of the first.","conj. 是否, 不论\npron. 两个中的哪一个",,5,1,zk gk,265,321,
which,hwitʃ,"a. Of what sort or kind; what; what a; who.\na. A interrogative pronoun, used both substantively and\n   adjectively, and in direct and indirect questions, to ask for, or refer\n   to, an individual person or thing among several of a class; as, which\n   man is it? which woman was it? which is the house? he asked which route\n   he should take; which is best, to live or to die? See the Note under\n   What, pron., 1.\npron. A relative pronoun, used esp. in referring to an\n   antecedent noun or clause, but sometimes with reference to what is\n   specified or implied in a sentence, or to a following noun or clause\n   (generally involving a reference, however, to something which has\n   preceded). It is used in all numbers and genders, and was formerly used\n   of persons.\npron. A compound relative or indefinite pronoun, standing for\n   any one which, whichever, that which, those which, the . . . which, and\n   the like; as, take which you will.","pron. 哪一个, 那一个",,5,1,zk gk,28,58,
whichever,hwitʃ'evә,pron. & a. Alt. of Whichsoever,"pron. 无论那一个, 任何一个",,1,,gk cet4 cet6 ky,5925,10672,
while,hwail,n. a period of indeterminate length (usually short) marked by some action or condition,"n. 一会儿, (一段)时间\nconj. 当...的时候, 虽然\nvt. 消磨",,4,1,zk gk,173,153,
whisper,'hwispә,n. speaking softly without vibration of the vocal cords\nv. speak softly; in a low voice,"n. 耳语, 密谈, 谣传, 沙沙声\nvi. 耳语, 密谈, 沙沙地响\nvt. 低声说",,3,1,gk cet4 cet6 ky gre,2623,2446,p:whispered/i:whispering/s:whispers/3:whispers/d:whispered
whistle,'hwisl,"n. the sound made by something moving rapidly or by steam coming out of a small aperture\nn. the act of signalling (e.g., summoning) by whistling or blowing a whistle\nn. a small wind instrument that produces a whistling sound by blowing into it\nn. acoustic device that forces air or steam against an edge or into a cavity and so produces a loud shrill sound","n. 口哨, 汽笛, 啸啸声, 口哨声\nvi. 吹口哨, 鸣汽笛, 发嘘嘘声\nvt. 用口哨或吹哨传意, 用口哨演奏",,2,1,gk cet4 cet6 ky ielts gre,6960,6463,p:whistled/i:whistling/s:whistles/3:whistles/d:whistled
white,hwait,n. a member of the Caucasoid race\nn. the quality or state of the achromatic color of greatest lightness (bearing the least resemblance to black)\nn. United States jurist appointed chief justice of the United States Supreme Court in 1910 by President Taft; noted for his work on antitrust legislation (1845-1921)\nn. Australian writer (1912-1990),"n. 白色, 洁白, 眼白, 白种人, 蛋白\na. 白色的, 纯洁的, 白种的, 苍白的, 空白的, 幸运的",,5,1,zk gk,475,301,s:whites/r:whiter/i:whiting/p:whited/3:whites/d:whited
who,hu:,n a United Nations agency to coordinate international health activities and to help governments improve health services,pron. 谁,,5,1,zk gk,45,38,
whole,hәul,n. all of something including all its component elements or parts\nn. an assemblage of parts that is regarded as a single entity\na. including all components without exception; being one unit or constituting the full amount or extent or duration; complete\na. (of siblings) having the same parents,"n. 全部, 全体, 整体, 完全之体系\na. 所有的, 完整的, 完全的, 纯粹的",,5,1,zk gk cet4 cet6 ky,452,467,s:wholes
whom,hu:m,pron. The objective case of who. See Who.,pron. 谁,,4,1,zk gk,775,1018,
whose,hu:z,"pron. The possessive case of who or which. See Who, and Which.",pron. 谁的,,5,1,zk gk,501,527,
why,hwai,"n. the cause or intention underlying an action or situation, especially in the phrase `the whys and wherefores'","adv. 为什么\nn. 原因, 理由",,5,1,zk gk,169,158,
wide,waid,a. having great (or a certain) extent from one side to the other\na. great in degree\ns. having ample fabric\ns. not on target,"a. 宽的, 广阔的, 普遍的, 宽阔的, 广泛的, 一般的\nadv. 广阔地, 遍及各处地, 广泛地\nn. 大千世界",,5,1,zk gk ielts,600,940,r:wider/t:widest
widespread,'waidspred,s. widely circulated or diffused,"a. 充分伸展的, 广布的, 普及的, 流传广的",,3,,gk cet4 cet6 ky toefl,2621,3282,
wife,waif,n. a married woman; a man's partner in marriage,"n. 妻子, 太太, 夫人\n[法] 妻子, 已婚妇女",,5,1,zk gk,531,466,s:wives
wild,waild,n. a wild primitive state untouched by civilization\na. marked by extreme lack of restraint or control\na. in a natural state; not tamed or domesticated or cultivated\ns. in a state of extreme emotion,"n. 荒野, 荒地\na. 野性的, 野蛮的, 野生的, 失控的, 任性的, 杂乱的, 轻率的, 狂热的, 疯狂的\nadv. 狂暴地, 失控地",,4,1,gk cet4 cet6 ky,1698,1292,r:wilder/t:wildest/s:wilds
wildlife,'waildlaif,n. all living things (except people) that are undomesticated,n. 野生动植物,,2,,gk toefl ielts,3597,3859,
will,wil,n. a fixed and persistent intent or purpose\nn. a legal document declaring a person's wishes regarding the disposal of their property when they die\nv. decree or ordain\nv. determine by choice,"n. 意志, 决心, 意愿, 意向, 干劲, 遗嘱\nvt. 用意志的力量驱使, 决意, 愿意, 立遗嘱\nvi. 下决心, 愿意\naux. 将, 愿意, 必须",,4,1,zk gk,31,48,i:willing/p:willed/3:wills/d:willed
willing,'wiliŋ,a. disposed or inclined toward,"a. 乐意的, 自愿的, 甘愿的",,4,1,gk cet4 cet6 ky,2233,1274,i:willing/0:willing/1:i
willingly,'wiliŋli,r. in a willing manner,"adv. 自动地, 欣然地",,,1,gk,8478,9339,
willingness,,n. cheerful compliance,"n. 乐意, 心甘情愿, 愿意",,,1,gk,5008,4186,
win,win,n. a victory (as in a race or other competition)\nv. be the winner in a contest or competition; be victorious,"vt. 赢得, 打胜, 成功\nvi. 获胜, 达到, 影响\nn. 胜利, 赢, 收益",,5,1,zk gk cet4 cet6 ky,388,361,p:won/d:won/i:winning/3:wins/s:wins
wind,wind,n. air moving (sometimes with considerable force) from an area of high pressure to an area of low pressure\nn. a tendency or force that influences events\nn. breath\nn. empty rhetoric or insincere or exaggerated talk,"n. 风, 气息, 气味, 呼吸, 风声, 趋势, 空谈, 卷绕, 弯曲\nvt. 使通风, 嗅出, 使喘气, 吹号角, 上发条, 缠绕, 包, 绞起, 吊起, 使弯曲, 使迂回\nvi. 嗅出猎物, 吹响号角, 卷曲, 蜿蜒, 迂回, 缠绕",,4,1,zk gk ielts,1179,1092,s:winds/i:winding/p:wound/d:wound/3:winds
windbreaker,'wind.breikә,n a kind of heavy jacket (`windcheater' is a British term),"n. 防风林, 防风茄克衫, 风衣",,,,gk,0,18855,
window,'windәu,n. a framework of wood or metal that contains a glass windowpane and is built into a wall or roof to admit light or air\nn. a transparent opening in a vehicle that allow vision out of the sides or back; usually is capable of being opened\nn. a transparent panel (as of an envelope) inserted in an otherwise opaque material\nn. an opening that resembles a window in appearance or function,"n. 窗户, 窗子, 窗口\nvt. 给...开窗\n[计] 窗口",,4,1,zk gk ielts,517,607,s:windows
windy,'windi,"s. resembling the wind in speed, force, or variability","a. 多风的, 风强的, 腹胀的, 吹牛的",,1,,zk gk cet6 gre,9747,8867,s:windies/t:windiest/r:windier
wine,wain,n. fermented juice (of grapes especially)\nn. a red as dark as red wine\nv. drink wine\nv. treat to wine,"n. 葡萄酒, 果酒, 暗红色\nv. (请)喝酒",,4,1,zk gk cet4 cet6 ky,1304,1449,s:wines/p:wined/d:wined/i:wining/3:wines
wing,wiŋ,n. a movable organ for flying (one of a pair)\nn. one of the horizontal airfoils on either side of the fuselage of an airplane\nn. a stage area out of sight of the audience\nn. a unit of military aircraft,"n. 翅膀, 翼, 机翼, 派别\nvt. 给...装上翼, 飞过, 使飞, 空运, 增加...速度\nvi. 飞行",,4,1,zk gk cet4 cet6 ky ielts,1755,1889,s:wings/i:winging/3:wings/p:winged/d:winged
winner,'winә,n. the contestant who wins the contest\nn. a gambler who wins a bet,"n. 胜利者, 优胜者\n[法] 取胜者",,4,1,zk gk cet4 cet6,1790,1916,s:winners
winter,'wintә,n. the coldest season of the year; in the northern hemisphere it extends from the winter solstice to the vernal equinox\nv. spend the winter,"n. 冬季, 萧条期, 衰退期\na. 冬天的\nvt. 使度过冬天\nvi. 过冬",,3,1,zk gk,1300,1244,s:winters/i:wintering/p:wintered/3:winters/d:wintered
wipe,waip,v. rub with a circular motion,"n. 擦拭, 用力打, 凸轮\nvt. 擦, 揩, 消灭, 涂上, 拭去\nvi. 擦, 打",,3,,gk cet4 cet6 ky,3112,2711,p:wiped/i:wiping/d:wiped/3:wipes/s:wipes
wire,'waiә,n. ligament made of metal and used to fasten things or make cages or fences etc\nn. a metal conductor that carries electricity over a distance\nn. the finishing line on a racetrack\nv. provide with electrical circuits,"n. 电线, 电报, 电信, 铁丝网, 金属丝\nvt. 用金属丝捆扎, 拍电报\nvi. 打电报",,3,1,gk cet4 cet6 ky,2748,2370,s:wires/d:wired/p:wired/i:wiring/3:wires
wisdom,'wizdәm,n. accumulated knowledge or erudition or enlightenment\nn. the trait of utilizing knowledge and experience with common sense and insight\nn. ability to apply knowledge or experience or understanding or common sense and insight\nn. the quality of being prudent and sensible,"n. 智慧, 明智行为, 学识, 名言, 贤人",,2,,gk cet4 cet6 ky ielts,4281,2954,s:wisdoms
wise,waiz,n. a way of doing or being\nn. United States Jewish leader (born in Hungary) (1874-1949)\nn. United States religious leader (born in Bohemia) who united reform Jewish organizations in the United States (1819-1900)\na. having or prompted by wisdom or discernment,"a. 明智的, 慎虑的, 聪明的, 博学的, 狡猾的, 机灵的\nvi. 知道\nvt. 教导, 告诉, 劝导\nn. 方法, 方式\n[计] 教育信息系统",,3,1,zk gk cet4 cet6 ky ielts,3087,3234,r:wiser/t:wisest/d:wised
wish,wiʃ,n. a specific feeling of desire\nn. an expression of some desire or inclination\nn. the particular preference that you have\nv. hope for; have a wish,"n. 希望, 愿望, 祝愿, 命令, 请求\nvt. 愿, 想要, 希望, 祝愿\nvi. 希望",,4,1,zk gk,586,1055,p:wished/i:wishing/3:wishes/s:wishes/d:wished
with,wið,"n. See Withe.\nprep. With denotes or expresses some situation or relation of\n   nearness, proximity, association, connection, or the like.\nprep. To denote a close or direct relation of opposition or\n   hostility; -- equivalent to against.\nprep. To denote association in respect of situation or\n   environment; hence, among; in the company of.\nprep. To denote a connection of friendship, support, alliance,\n   assistance, countenance, etc.; hence, on the side of.\nprep. To denote the accomplishment of cause, means, instrument,\n   etc; -- sometimes equivalent to by.\nprep. To denote association in thought, as for comparison or\n   contrast.\nprep. To denote simultaneous happening, or immediate succession\n   or consequence.\nprep. To denote having as a possession or an appendage; as, the\n   firmament with its stars; a bride with a large fortune.","prep. 和...在一起, 以, 由于",,5,1,zk gk,16,16,
withdraw,wið'drɒ:,v. pull back or move away or backward\nv. remove (a commodity) from (a supply source),"vt. 撤回, 取回, 撤消, 使撤退, 拉开, 移开\nvi. 撤退, 离开",,4,1,gk cet4 cet6 ky toefl ielts gre,1920,2786,d:withdrawn/p:withdrew/i:withdrawing/3:withdraws
within,wi'ðin,r on the inside,"n. 内部, 里头\nadv. 在内部, 在内心里\nprep. 在...之内",,5,1,gk cet4 cet6 ky,190,352,
without,wi'ðaut,"prep. On or at the outside of; out of; not within; as,\n   without doors.\nprep. Out of the limits of; out of reach of; beyond.\nprep. Not with; otherwise than with; in absence of,\n   separation from, or destitution of; not with use or employment of;\n   independently of; exclusively of; with omission; as, without labor;\n   without damage.\nconj. Unless; except; -- introducing a clause.\nadv. On or art the outside; not on the inside; not within;\n   outwardly; externally.\nadv. Outside of the house; out of doors.","prep. 没有, 不, 在...之外\nadv. 在外面, 户外\nn. 外面, 外部",,5,1,zk gk,188,218,
witness,'witnis,n. someone who sees an event and reports what happened\nn. testimony by word or deed to your religious faith\nn. (law) a person who attests to the genuineness of a document or signature by adding their own signature\nn. (law) a person who testifies under oath in a court of law,"n. 证人, 目击者, 证据, 证词\nvt. 目击, 作证, 证明, 表明\nvi. 作证人, 作为证据",,3,1,gk cet4 cet6 ky toefl ielts gre,2473,1970,s:witnesses/d:witnessed/p:witnessed/i:witnessing/3:witnesses
wolf,wulf,n. any of various predatory carnivorous canine mammals of North America and Eurasia that usually hunt in packs\nn. Austrian composer (1860-1903)\nn. German classical scholar who claimed that the Iliad and Odyssey were composed by several authors (1759-1824)\nn. a man who is aggressive in making amorous advances to women,"n. 狼, 残忍贪婪之人, 极度穷困\nvt. 狼吞虎咽, 大吃",,1,,zk gk cet4 cet6 ky,5062,4150,s:wolves/p:wolfed/i:wolfing/d:wolfed/3:wolfs
woman,'wumәn,n. an adult female person (as opposed to a man)\nn. a female person who plays a significant role (wife or mistress or girlfriend) in the life of a particular man,"n. 女人, 妇女, 女仆\na. 女用的, 女性的, 妇女的\nvt. 贬称...为女人, 使成女人腔",,5,1,zk gk,130,111,s:women
wonder,'wʌndә,n. the feeling aroused by something strange and surprising\nn. something that causes feelings of wonder\nv. have a wish or desire to know something\nv. place in doubt or express doubtful speculation,"n. 奇迹, 惊奇, 惊愕\nvt. 惊奇, 想知道\nvi. 惊讶, 怀疑",,4,1,zk gk cet4 cet6 ky toefl,815,790,p:wondered/i:wondering/s:wonders/3:wonders/d:wondered
wonderful,'wʌndәful,s extraordinarily good or great; used especially as intensifiers,"a. 令人惊奇的, 奇妙的, 极好的",,4,1,zk gk cet4 cet6 ky,1864,1405,
woo,wu:,v. seek someone's favor\nv. make amorous advances towards,"vt. 追求, 向...求爱, 恳求\nvi. 求爱, 央求",,2,,gk gre,9768,8645,d:wooed/i:wooing/3:woos/p:wooed
wood,wud,n. the hard fibrous lignified substance under the bark of trees\nn. United States film actress (1938-1981)\nn. English conductor (1869-1944)\nn. English writer of novels about murders and thefts and forgeries (1814-1887),"n. 木材, 木制品\nvt. 植林于, 给...添加木柴\nvi. 收集木材",,4,1,zk gk cet4 cet6 ky ielts,1414,1236,s:woods
wooden,'wudn,s. made or consisting of (entirely or in part) or employing wood\ns. lacking ease or grace,"a. 木制的, 呆笨的, 木然的",,3,1,gk cet4 cet6 ky,2452,2512,
woollen,'wulin,n a fabric made from the hair of sheep\na of or related to or made of wool,n. 毛织品\na. 羊毛制的,,1,,gk cet4 cet6,8656,41582,s:woollens
word,wә:d,n. a unit of language that native speakers can identify\nn. a brief statement\nn. a verbal command for action\nn. a word is a string of bits stored in computer memory,"n. 话, 消息, 词, 诺言, 命令\nvt. 用言辞表达\n[计] 字",,5,1,zk gk,196,244,s:words/d:worded/i:wording/p:worded/3:words
work,wә:k,n. activity directed toward making or doing something\nn. a product produced or accomplished through the effort or activity or agency of a person or thing\nn. (physics) a manifestation of energy; the transfer of energy from one physical system to another expressed as the product of a force and the distance through which it moves a body in the direction of that force\nv. exert oneself by doing mental or physical work for a purpose or out of necessity,"n. 工作, 劳动, 职业, 行为, 功, 作品, 成果, 产品, 工程\nvi. 工作, 劳动, 做, 运转, 起作用, 被加工\nvt. 使工作, 使转动, 开动, 使用, 经营, 使逐渐变得, 造成",,5,1,zk gk,125,117,i:working/3:works/p:worked/d:worked
workday,,n. a day on which work is done\nn. the amount of time that a worker must work for an agreed daily wage,"n. 工作日, (一天的)工作时数\n[机] 工作天",,,,gk,42847,13488,s:workdays
worker,'wә:kә,n. a person who works at a specific occupation\nn. sterile member of a colony of social insects that forages for food and cares for the larvae,"n. 工人, 劳动者\n[经] 工人, 劳工, 劳动者",,5,1,zk gk ielts,544,573,s:workers
workforce,,n the force of workers available,"n. 劳动力；工人总数, 职工总数",,2,,gk,4217,6617,s:workforces
workmate,,n. a fellow worker,"n. 共同工作者, 同事",,,,gk,15648,40894,s:workmates
workplace,,n. a place where work is done,"n. 工作场所, 工厂, 车间",,2,,gk,5821,4282,s:workplaces
works,,n. performance of moral or religious acts\nn. the internal mechanism of a device,"n. 工程, 工厂, 工事, 活动部件, 机件, 著作, 作品, 善行, 德行\n[机] 工厂, 工场",,,,gk,1208,1637,0:work/1:3
world,wә:ld,n. people in general; especially a distinctive group of people with some shared interest\nn. all of your experiences that determine how things appear to you\nn. a part of the earth that can be considered separately\nn. all of the living human inhabitants of the earth,"n. 世界, 地球, 宇宙, 万物, 世人, 人间, 领域, 世事, 世故, 社会生活, 大量\n[法] 世界, 地球, 世人",,5,1,zk gk ielts,146,123,s:worlds
worldwide,'wә:ldwaid,s. spanning or extending throughout the entire world,a. 全世界的,,3,,gk cet4 ky toefl,5136,4457,
worm,wә:m,n. any of numerous relatively small elongated soft-bodied animals especially of the phyla Annelida and Chaetognatha and Nematoda and Nemertea and Platyhelminthes; also many insect larvae\nn. a person who has a nasty or unethical character undeserving of respect\nn. a software program capable of reproducing itself that can spread from one computer to the next over a network\nn. screw thread on a gear with the teeth of a worm wheel or rack,"n. 虫, 蠕虫, 小人物, 螺纹, 蜗杆\nvi. 蠕行, 慢慢前进\nvt. 使蠕行, 慢慢地走, 除虫\n[计] 蠕虫病毒",,2,,gk cet4 cet6 ky toefl,5068,4993,s:worms/p:wormed/i:worming/d:wormed/3:worms
worn,wɒ:n,a. affected by wear; damaged by long use,"a. 用旧的, 穿旧的\nwear的过去分词",,1,,gk,14757,9882,0:wear/1:d/d:worn/p:worn
worried,'wʌrid,"v be worried, concerned, anxious, troubled, or uneasy\nv be concerned with\nv disturb the peace of mind of; afflict with mental agitation or distress\nv be on the mind of\nv lacerate by biting\nv touch or rub constantly\ns afflicted with or marked by anxious uneasiness or trouble or grief\ns mentally upset over possible misfortune or danger etc","a. 担心的, 闷闷不乐的",,3,1,gk,2284,3261,0:worry/1:pd/d:worried/p:worried
worry,'wʌri,"n. a strong feeling of anxiety\nv. be worried, concerned, anxious, troubled, or uneasy\nv. be concerned with\nv. disturb the peace of mind of; afflict with mental agitation or distress","n. 担心, 烦恼, 忧虑, 苦恼, 撕咬\nvt. 使烦恼, 使焦虑, 使苦恼, 困扰, 折磨, 撕咬\nvi. 烦恼, 担心, 撕咬",,4,1,zk gk,1537,970,s:worries/p:worried/3:worries/i:worrying/d:worried
worse,wә:s,n. something inferior in quality or condition or effect\na. (comparative of `bad') inferior to another in quality or condition or desirability\na. changed for the worse in health or fitness\nr. (comparative of `ill') in a less effective or successful or desirable manner,"n. 更坏的事, 更恶劣的事, 败局\na. 更坏的, 更恶劣的\nadv. 更坏地, 更恶劣地",,1,1,gk cet4 cet6 ky,6841,25899,0:bad/1:r
worst,wә:st,n. the least favorable outcome\nn. the greatest damage or wickedness of which one is capable\nn. the weakest effort or poorest achievement one is capable of\nv. defeat thoroughly,"n. 最坏, 最坏的时候\na. 最坏的, 最恶劣的, 最不利的\nadv. 最坏, 最糟",,1,,gk cet4 cet6 ky,13770,33505,0:bad/1:t/d:worsted/3:worsts/r:worst/i:/p:
worth,wә:θ,n. an indefinite quantity of something having a specified value\nn. the quality that renders something desirable or valuable or useful\nn. French couturier (born in England) regarded as the founder of Parisian haute couture; noted for introducing the bustle (1825-1895)\ns. having a specified value,"n. 价值, 财产\na. 值...的, 值得的",,4,1,zk gk,975,1353,
worthless,'wә:θlis,a. lacking in usefulness or value,"a. 无价值的, 无益的, 无足轻重的\n[法] 无价值的, 无用的",,1,,gk cet4 cet6,9506,8848,
worthwhile,'wә:θ'hwail,s. sufficiently valuable to justify the investment of time or interest,"a. 值得花时间的, 值得做的, 有真实价值的",,2,,gk cet4 cet6 ky ielts,4264,6958,
worthy,'wә:ði,"n. an important, honorable person (word is often used humorously)\na. having worth or merit or value; being honorable or admirable\ns. having qualities or abilities that merit recognition in some way","n. 杰出人物\na. 有价值的, 可敬的, 值得的",,2,,gk cet4 cet6 ky toefl,4663,5102,s:worthies/r:worthier/t:worthiest
would,wud,"imp. of Will\nv. t. Commonly used as an auxiliary verb, either in the past\n   tense or in the conditional or optative present. See 2d & 3d Will.\nn. See 2d Weld.","aux. 将, 愿意",,5,1,zk gk,34,41,
wound,wu:nd,n. an injury to living tissue (especially an injury involving a cut or break in the skin)\nn. a casualty to military personnel resulting from combat\nn. a figurative injury (to your feelings or pride)\nn. the act of inflicting a wound,"n. 创伤, 伤口, 伤疤, 伤害, 痛苦\nvt. 伤害, 损害, 使受伤\nvi. 打伤, 伤害\nwind的过去式和过去分词",,4,1,zk gk cet4 cet6 ky,3399,3202,0:wind/1:pd/s:wounds/d:wounded/i:wounding/p:wounded/3:wounds
wounded,,n. people who are wounded,"a. 受伤的\n[法] 受伤者; 受伤的, 受了损害的",,,1,gk,6501,5376,0:wound/1:dp/p:wounded/d:wounded
wrestle,'resl,"n. the act of engaging in close hand-to-hand combat\nv. combat to overcome an opposing tendency or force\nv. engage in deep thought, consideration, or debate\nv. engage in a wrestling match","n. 摔跤, 角力, 扭斗\nvi. 摔跤, 搏斗, 斗争, 斟酌\nvt. 与(对手)摔跤",,1,,gk cet6 ielts,11240,6407,p:wrestled/i:wrestling/d:wrestled/3:wrestles
wrinkle,'riŋkl,"n. a slight depression in the smoothness of a surface\nn. a minor difficulty\nn. a clever method of doing something (especially something new and different)\nv. make wrinkles or creases on a smooth surface; make a pressed, folded or wrinkled line in","n. 皱纹, 妙计, 方法, 技巧\nvi. 起皱\nvt. 使起皱纹",,1,,gk cet6 ky toefl ielts gre,14095,7819,s:wrinkles/p:wrinkled/i:wrinkling/d:wrinkled/3:wrinkles
wrist,rist,n. a joint between the distal end of the radius and the proximal row of carpal bones,"n. 手腕, 腕关节\n[医] 腕",,2,1,gk cet4 cet6 ky toefl gre,4394,3624,s:wrists
write,rait,v. produce a literary work\nv. communicate or express by writing\nv. communicate (with) in writing\nv. communicate by letter,"vt. 书写, 著述, 写, 写满, 写信给\nvi. 写, 写字, 写信, 写作, 作曲\n[计] 书写器",,5,1,zk gk,211,228,p:wrote/d:written/i:writing/3:writes
writing,'raitiŋ,n. the act of creating written works\nn. the work of a writer; anything expressed in letters of the alphabet (especially when considered from the point of view of style and effect)\nn. (usually plural) the collected work of an author\nn. letters or symbols that are written or imprinted on a surface to represent the sounds or words of a language,"n. 书写, 著作, 笔迹, 作品\n[医] 书写",,4,1,gk cet4 cet6 ky ielts,1484,1528,0:write/1:i/i:writing/s:writings
wrong,rɒŋ,n. that which is contrary to the principles of justice or law\nn. any harm or injury resulting from a violation of a legal right\nv. treat unjustly; do wrong to\na. contrary to conscience or morality or law,"a. 错误的, 不正当的, 失常的\nadv. 错误地",,4,1,zk gk,672,655,s:wrongs/i:wronging/p:wronged/3:wrongs/d:wronged
yard,jɑ:d,n. a unit of length equal to 3 feet; defined as 91.44 centimeters; originally taken to be the average length of a stride\nn. the enclosed land around a house or other building\nn. a tract of land enclosed for particular activities (sometimes paved and usually associated with buildings)\nn. a tract of land where logs are accumulated,"n. 码, 庭院, 工场\n[化] 堆置场",,4,1,zk gk cet4 cet6 ky ielts,1370,1035,s:yards
yawn,jɒ:n,"n. an involuntary intake of breath through a wide open mouth; usually triggered by fatigue or boredom\nv. utter a yawn, as from lack of oxygen or when one is tired","n. 哈欠\nvi. 打哈欠, 裂开\nvt. 打着哈欠说",,1,1,gk cet4 cet6 ky toefl ielts gre,10509,10649,p:yawned/i:yawning/3:yawns/s:yawns/d:yawned
year,jiә,"n. a period of time containing 365 (or 366) days\nn. a period of time occupying a regular part of a calendar year that is used for some particular activity\nn. the period of time that it takes for a planet (as, e.g., Earth or Mars) to make a complete revolution around the sun","n. 年, 年度, 年龄\n[经] 年度",,5,1,zk gk,56,54,s:years
yell,jel,v. utter or declare in a very loud voice,"vi. 叫喊, 大叫, (齐声)呐喊欢呼\nvt. 喊叫着说\nn. 叫声, 喊声, 呐喊",,2,,gk cet4 cet6 ky toefl,5181,2628,p:yelled/i:yelling/3:yells/s:yells/d:yelled
yellow,'jelәu,n. yellow color or pigment; the chromatic color resembling the hue of sunflowers or ripe lemons\nv. turn yellow\ns. of the color intermediate between green and orange in the color spectrum; of something resembling the color of an egg yolk\ns. changed to a yellowish color by age,n. 黄色\na. 黄色的,,3,1,zk gk ielts,2173,1665,s:yellows/r:yellower/i:yellowing/p:yellowed/3:yellows/d:yellowed
yes,jes,n. an affirmative,"adv. 是\nn. 是, 同意\nv. 同意",,5,1,zk gk,144,258,
yesterday,'jestәdi,n. the day immediately before today\nn. the recent past\nr. on the day preceding today\nr. in the recent past; only a short time ago,n. 昨天\nadv. 昨天,,5,1,zk gk,513,1505,
yet,jet,r. up to the present time\nr. within an indefinite time or at an unspecified future time,"adv. 还, 尚, 仍然, 已经, 然而\nconj. 然而",,5,1,zk gk,261,275,
yoghurt,'jәugә:t,n a custard-like food made from curdled milk,"n. 酸乳, 酸奶",,,,gk,12195,43601,s:yoghurts
you,ju:,"dat. & obj. The pronoun of the second person, in the nominative,\n   dative, and objective case, indicating the person or persons addressed.\n   See the Note under Ye.","pron. 你, 你们",,5,1,zk gk,15,14,
young,jʌŋ,n. any immature animal\nn. United States film and television actress (1913-2000)\nn. United States civil rights leader (1921-1971)\nn. British physicist and Egyptologist; he revived the wave theory of light and proposed a three-component theory of color vision; he also played an important role in deciphering the hieroglyphics on the Rosetta Stone (1773-1829),"a. 年轻的, 无经验的, 朝气蓬勃的\nn. 青年们, 幼小动物, 崽",,5,1,zk gk,228,234,r:younger/t:youngest
your,juә,pron. & a. The form of the possessive case of the personal\n   pronoun you.,"pron. 你的, 你们的",,5,1,zk gk,66,69,
yours,juәz,pron. See the Note under Your.,"pron. 你的(东西), 你们的(东西)",,3,1,zk gk,2133,3156,
yourself,juә'self,"pron. An emphasized or reflexive form of the pronoun of the\n   second person; -- used as a subject commonly with you; as, you yourself\n   shall see it; also, alone in the predicate, either in the nominative or\n   objective case; as, you have injured yourself.",pron. 你自己,,4,1,zk gk,932,915,
yourselves,"jɔ:'selvz,jjә-,jә-",pl.  of Yourself,pron. 你们自己,,,,zk gk,7931,0,
youth,ju:θ,n. the time of life between childhood and maturity\nn. early maturity; the state of being young or immature or inexperienced\nn. an early period of development\nn. the freshness and vitality characteristic of a young person,"n. 年轻, 青年时代, 青年们, 青春\n[法] 青年, 青年时期, 青春时期",,4,1,gk cet4 cet6 ky ielts,1508,1397,s:youths
yummy,'jʌmi,s extremely pleasing to the sense of taste,"a. 美味的, 可口的, 赏心悦目的, 愉快的",,,,gk,36374,18334,t:yummiest
zebra,'zi:brә,n. any of several fleet black-and-white striped African equines,n. 斑马,,1,,zk gk cet4 cet6 ky,15998,13912,s:zebras
zero,'ziәrәu,n. a mathematical element that when added to another number yields the same number\nn. the point on a scale from which positive or negative numerical quantities can be measured\nn. the sight setting that will cause a projectile to hit the center of the target with no wind blowing\nv. adjust (an instrument or device) to zero value,"n. 零, 零点, 零度, 无, 乌有, 最低点\na. 零的, 没有的\nvt. 调零, 对(炮火等)作协调校正\n[计] 零",,2,1,zk gk ielts,4296,4886,s:zeros/i:zeroing/p:zeroed/3:zeroes/d:zeroed
zip,zip,n a quantity of no importance\nn a code of letters and digits added to a postal address to aid in the sorting of mail\nn forceful exertion\nn a fastener for locking together two toothed edges by means of a sliding tab\nv close with a zipper\nv move very fast,"n. 尖啸声, 拉链, 活力\nvt. 给...以速度, 使增加活力, 拉(拉链)\nvi. 有力而迅速地行动, 嘘嘘地响, 拉拉链",,1,,gk ky,10485,8896,p:zipped/s:zips/i:zipping/d:zipped/3:zips
zipper,'zipә,n a fastener for locking together two toothed edges by means of a sliding tab\nv close with a zipper,n. 拉链,,,,gk,27054,10432,s:zippers/p:zippered
zone,zәun,n. a locally circumscribed place characterized by some distinctive features\nn. any of the regions of the surface of the Earth loosely divided according to latitude or longitude\nn. an area or region distinguished from adjacent parts by a distinctive feature or characteristic\nn. (anatomy) any encircling or beltlike structure,"n. 地带, 带, 地区\nvt. 环绕, 使分成地带\nvi. 分成区\n[计] 卡片顶部的三行区; 区; 区域",,3,1,gk cet4 cet6 ky toefl gre,2336,1763,s:zones/i:zoning/p:zoned/3:zones/d:zoned
zoo,zu:,n the facility where wild animals are housed for exhibition,n. 动物园,,2,,zk gk ielts,6119,6286,s:zoos
zoom,zu:m,v. move along very quickly\nv. move with a low humming noise,"n. 急速上升, 变焦摄影, 嗡嗡声\nvi. 猛增, 急速上升, 摄象机移动\nvt. 使摄象机移动\n[计] 缩放",,2,,gk ky,11707,8608,p:zoomed/i:zooming/3:zooms/d:zoomed/s:zooms
